6204,-0.000000,0.000000,-0.000000,3.487828,3.975976,2.988618,0.998762,968,969
8406,-0.004262,-0.001516,0.017778,2.755140,3.285899,2.224134,1.011647,1035,1036
408,0.004957,0.002774,0.000291,10.088714,10.362622,9.821346,0.998802,993,994
5473,0.000000,0.000000,-0.000000,11.275205,11.532769,11.012385,0.998203,1047,1048
6905,-0.000000,0.000000,0.000000,10.328535,10.596431,10.055149,0.998191,1007,1008
4812,-0.004433,0.003115,0.002397,9.428322,9.691784,9.163255,0.999488,981,982
3954,0.001565,0.001867,-0.005177,9.698063,9.942902,9.455751,0.998746,1012,1013
3433,0.004756,0.001719,0.002973,9.917854,10.192152,9.638488,1.000906,959,960
1520,0.000000,0.000000,0.000000,9.990762,10.245833,9.741271,0.998241,1023,1024
5728,-0.001114,-0.003658,-0.004448,9.866657,10.115207,9.622406,0.999905,947,948
7889,0.005617,0.004891,-0.001505,11.567731,11.905888,11.237867,1.004428,947,948
3721,-0.000000,-0.000000,-0.000000,9.235365,9.497931,8.974461,0.998199,970,971
7102,0.008166,-0.029952,-0.007290,7.479788,7.735716,7.222478,1.013334,1030,1031
7008,-0.005276,-0.006970,0.003151,11.226261,11.523327,10.936811,1.006898,1024,1025
8409,-0.011701,0.003445,0.003528,6.987729,7.282887,6.692588,1.004402,1051,1052
4033,-0.000000,-0.000000,0.000000,9.717276,9.964610,9.467448,0.998263,1025,1026
8997,-0.005643,-0.005170,0.000062,6.769449,7.068518,6.475242,1.005442,984,985
1485,-0.001337,0.001002,-0.005545,10.182523,10.442160,9.921737,1.001268,935,936
8371,-0.027290,0.043455,0.028036,1.834181,2.420487,1.304981,1.046700,963,964
7269,0.007838,-0.002125,0.007395,9.000770,9.226457,8.772369,1.001377,998,999
5513,-0.003636,0.001029,0.003742,11.030585,11.304538,10.759809,1.003342,999,1000
2901,-0.000000,-0.000000,-0.000000,10.216578,10.482758,9.949475,0.998276,1052,1053
6166,0.000000,-0.000000,0.000000,9.126042,9.360186,8.886802,0.998315,1032,1033
3828,0.000000,-0.000000,-0.000000,9.205468,9.430667,8.975842,0.998283,1016,1017
1777,-0.002989,-0.004632,0.022410,10.287801,10.585277,9.995618,1.018637,937,938
3133,0.017571,0.014827,0.008413,9.011566,9.237398,8.787883,1.007735,999,1000
811,0.000000,0.000000,0.000000,9.945619,10.194573,9.699234,0.998285,1047,1048
7914,0.000000,-0.000000,-0.000000,12.176830,12.523722,11.823260,0.998049,992,993
6853,0.000000,0.000000,-0.000000,12.599058,12.960754,12.246813,0.998029,994,995
6336,-0.002260,0.003249,-0.003748,10.481333,10.746611,10.217763,0.999953,1026,1027
2037,0.004783,0.000925,-0.002703,10.131395,10.405671,9.857292,1.000077,1022,1023
2979,-0.000000,0.000000,-0.000000,10.152264,10.422731,9.881143,0.998217,1015,1016
8114,-0.004411,0.001554,-0.000134,12.720764,13.069070,12.366388,0.998671,1027,1028
4886,-0.000439,-0.004278,0.002997,11.649544,11.958748,11.342141,1.002402,959,960
2144,0.000000,0.000000,-0.000000,10.225644,10.477468,9.970470,0.998216,1017,1018
6169,-0.000000,-0.000000,-0.000000,10.282767,10.551044,10.019651,0.998258,1044,1045
6019,-0.000000,-0.000000,0.000000,7.536452,7.795474,7.284394,0.998435,1033,1034
2255,-0.000968,-0.004956,-0.009207,9.836368,10.095985,9.578128,0.996854,959,960
4553,-0.000000,-0.000000,-0.000000,8.153138,8.374373,7.928637,0.998349,1009,1010
660,-0.001648,-0.005063,0.002186,10.011026,10.274152,9.742687,1.001364,969,970
8508,-0.006374,-0.003136,0.003899,10.094844,10.387031,9.795475,1.006144,1012,1013
7592,-0.002789,-0.001823,-0.003947,11.263886,11.565379,10.953527,0.999910,1008,1009
7716,-0.004364,0.006712,-0.001978,10.112256,10.399419,9.826029,1.002770,986,987
9302,0.000000,-0.000000,-0.000000,2.800812,3.335227,2.281263,0.998798,916,917
8671,-0.007277,-0.001906,0.000203,6.730580,7.033330,6.432933,1.002662,996,997
1874,-0.000809,-0.003162,-0.004845,9.880207,10.172335,9.592368,0.998147,951,952
894,-0.001096,0.004587,0.003122,10.143908,10.401717,9.893468,1.003247,1003,1004
1503,0.000000,0.000000,-0.000000,10.036080,10.295663,9.777257,0.998131,964,965
2617,0.003649,-0.003564,-0.002127,10.192874,10.474545,9.915560,0.998323,1015,1016
353,0.005259,-0.002103,0.000086,10.174843,10.439593,9.912655,0.999809,991,992
2480,0.000000,-0.000000,0.000000,9.939190,10.204395,9.668467,0.998205,1000,1001
6156,-0.000000,-0.000000,-0.000000,12.669843,13.017615,12.312468,0.998087,1026,1027
4199,0.000000,-0.000000,0.000000,10.246953,10.520394,9.980103,0.998136,974,975
7172,0.000545,0.001162,0.006350,8.272929,8.512388,8.037486,1.002487,1010,1011
1788,-0.003169,-0.001350,0.012778,10.536186,10.810351,10.254621,1.003408,969,970
2182,-0.000000,-0.000000,0.000000,10.144934,10.405021,9.889881,0.998245,1031,1032
9721,0.008042,-0.000112,0.000019,10.112245,10.394369,9.837980,1.003781,1023,1024
8937,-0.006075,-0.001196,-0.003035,7.631686,7.894252,7.368081,1.001858,979,980
876,0.000747,0.002199,0.019399,9.880808,10.140096,9.617931,1.014771,993,994
3078,0.000000,0.000000,0.000000,9.046948,9.268264,8.831311,0.998256,994,995
414,0.001876,-0.004024,0.003156,10.089159,10.349416,9.836079,1.001877,1079,1080
2563,0.001207,-0.005734,-0.000250,9.412512,9.657920,9.162407,1.000336,1008,1009
3818,-0.000000,0.000000,0.000000,10.234591,10.530498,9.939746,0.998091,951,952
5274,-0.003158,0.003394,-0.001235,12.614188,12.970048,12.251318,1.000594,1012,1013
6877,0.002872,0.000421,0.003807,12.217913,12.570799,11.869635,1.000628,1079,1080
9204,-0.000000,-0.000000,-0.000000,12.661044,13.061190,12.258721,0.997985,974,975
5880,0.003963,0.005358,-0.000594,7.777965,8.020033,7.533976,1.005023,1018,1019
5292,-0.000000,0.000000,-0.000000,8.790078,9.048690,8.524266,0.998294,1005,1006
230,0.004620,-0.003299,0.001197,10.080461,10.345989,9.818633,0.999032,950,951
8763,-0.003008,-0.003430,0.003053,10.271919,10.528583,10.019630,0.999440,1026,1027
1489,0.000000,-0.000000,0.000000,9.995976,10.270528,9.716936,0.998192,995,996
747,-0.003897,-0.006907,-0.012176,9.937593,10.201983,9.677619,0.997335,1009,1010
2612,-0.001737,-0.005099,-0.000485,10.486298,10.778552,10.201306,0.999817,1023,1024
4566,0.004044,-0.000346,-0.003549,10.546830,10.820800,10.278311,1.002544,1037,1038
4922,0.001203,0.005189,0.001041,10.712021,10.969164,10.462228,1.002043,996,997
5175,-0.004480,-0.011239,0.007688,7.537134,7.792647,7.276839,1.002382,995,996
2833,0.000000,-0.000000,-0.000000,10.016701,10.272805,9.754147,0.998196,998,999
9565,-0.002576,-0.006187,0.002268,15.982182,16.622476,15.357509,0.998193,1004,1005
7971,0.001106,0.003618,0.006394,11.573859,11.856953,11.290632,1.003848,1004,1005
2202,-0.000000,-0.000000,0.000000,9.808067,10.092606,9.526561,0.998129,955,956
3374,0.000039,0.003786,-0.009472,9.703361,9.948500,9.451472,1.001265,1033,1034
8597,0.016693,-0.002632,0.006164,10.940046,11.233049,10.644049,0.999703,1012,1013
2546,0.000000,-0.000000,0.000000,10.717280,10.976395,10.453535,0.998100,972,973
9947,-0.000595,0.001309,0.005357,10.208699,10.459540,9.959672,1.001382,1027,1028
6375,-0.008418,-0.000542,-0.001160,9.361713,9.621126,9.098316,0.998792,999,1000
6291,-0.004321,-0.005171,0.001369,8.112973,8.348279,7.873517,0.999404,925,926
6124,0.000489,-0.002258,0.004649,11.124922,11.414746,10.832364,0.997954,1022,1023
3889,-0.000000,-0.000000,0.000000,9.578974,9.835009,9.322873,0.998238,1005,1006
9221,0.000000,-0.000000,0.000000,11.543973,11.829981,11.257251,0.998170,1037,1038
4850,-0.000380,0.009334,0.001293,10.604743,10.870804,10.346089,1.004492,1057,1058
1053,-0.000000,0.000000,-0.000000,9.965568,10.233952,9.689757,0.998231,1016,1017
388,-0.005406,-0.003349,-0.004901,9.986252,10.253183,9.724557,1.001360,1023,1024
905,-0.000000,-0.000000,0.000000,10.037540,10.305777,9.768312,0.998144,971,972
7051,0.003621,0.002959,0.000449,13.136297,13.567532,12.716331,0.998757,989,990
8343,-0.006596,0.003195,-0.001859,6.597273,6.910551,6.275861,1.001927,995,996
7532,-0.006262,0.004792,0.010436,10.168629,10.456124,9.881200,1.001024,993,994
3178,0.008794,-0.008311,0.004187,10.397392,10.679778,10.122507,0.996338,1017,1018
7387,0.000731,0.004758,0.003892,8.612210,8.823684,8.405040,1.002481,1036,1037
8470,0.009308,0.001247,-0.002027,4.524427,4.955418,4.097839,0.994241,979,980
5132,0.000210,0.008703,-0.003538,8.202875,8.435876,7.971420,1.002030,1009,1010
6473,-0.001009,-0.001011,0.003933,15.214515,15.780951,14.657795,0.996976,992,993
3811,0.019590,-0.001430,0.002501,10.334409,10.608328,10.068028,1.013678,1051,1052
369,0.004679,0.000247,-0.003037,10.013965,10.247315,9.775469,1.002217,1036,1037
6901,-0.004371,0.000248,-0.003668,9.886226,10.148369,9.629966,0.998476,991,992
8742,-0.009334,0.015227,-0.009570,11.965610,12.289556,11.646868,1.012117,974,975
9272,-0.000000,-0.000000,0.000000,7.153272,7.432125,6.879544,0.998376,976,977
462,-0.004368,0.013409,-0.007068,10.146746,10.403087,9.892987,1.008936,1008,1009
738,0.003478,0.000640,0.004438,10.025290,10.286578,9.771297,1.000054,1001,1002
8954,0.001686,0.004803,0.004156,8.140028,8.354380,7.927272,0.995833,983,984
9800,0.005457,0.005641,-0.000576,10.662069,10.955759,10.370322,0.997772,984,985
1987,0.010227,-0.011388,0.004545,10.032913,10.288651,9.775947,1.006643,977,978
5003,-0.005497,0.003022,0.002760,7.624223,7.879786,7.375679,1.001354,1004,1005
2319,-0.004713,-0.001316,-0.003184,9.774309,10.007076,9.535510,0.994115,965,966
764,-0.005855,-0.005010,0.003155,10.096717,10.347034,9.843643,1.003677,958,959
5101,-0.001346,0.002562,0.005902,7.986955,8.219634,7.757555,0.997159,1030,1031
6922,0.000000,0.000000,0.000000,9.037896,9.276685,8.792383,0.998298,1018,1019
9732,0.001841,0.000927,0.009132,8.517899,8.751943,8.288105,1.001865,965,966
3598,-0.000224,0.006136,-0.000606,8.684703,8.909302,8.455265,1.002023,1033,1034
4773,-0.010760,0.000712,0.001773,11.066855,11.355072,10.783858,1.000479,1014,1015
3605,-0.000000,0.000000,-0.000000,10.541331,10.822690,10.262221,0.998199,1019,1020
5757,-0.000000,0.000000,0.000000,10.134742,10.397682,9.874292,0.998114,959,960
3510,0.003933,0.001974,0.003361,10.253062,10.551770,9.961345,1.002336,1021,1022
465,0.000000,0.000000,-0.000000,9.976268,10.253403,9.706650,0.998258,1032,1033
833,-0.010045,0.000541,0.001253,9.982333,10.232861,9.733012,1.004333,991,992
9087,0.006521,0.013933,0.005692,9.438591,9.681018,9.196914,1.003283,1013,1014
7706,-0.000135,0.000133,0.006561,13.253115,13.679943,12.831685,1.000980,1033,1034
5504,0.001492,-0.011492,0.000807,7.916302,8.143491,7.684427,0.997520,994,995
9012,0.005022,-0.009429,-0.002502,12.774014,13.145683,12.402952,0.996584,1012,1013
7646,0.003947,-0.009222,-0.006838,7.998329,8.223539,7.779423,1.009010,973,974
442,0.004368,-0.001053,0.006544,10.118560,10.391168,9.845397,1.005038,1041,1042
8701,0.005569,0.007452,0.003236,10.428676,10.720611,10.145100,1.003412,1007,1008
7416,0.000000,0.000000,0.000000,10.738388,11.019138,10.460534,0.998268,1067,1068
1143,0.005222,0.002316,-0.011653,10.094477,10.338535,9.853618,1.009802,1049,1050
1303,-0.000000,-0.000000,0.000000,10.059141,10.334960,9.785750,0.998211,1008,1009
9652,-0.001283,0.008764,0.003174,8.339662,8.588257,8.091903,1.002223,977,978
8950,-0.002521,-0.000467,0.007964,5.531392,5.899811,5.162211,1.006419,1046,1047
8588,0.000000,-0.000000,-0.000000,5.498247,5.873304,5.126986,0.998547,985,986
2149,0.012758,0.007133,0.002617,10.483637,10.772875,10.201908,1.001067,939,940
6779,0.009146,0.001730,-0.002219,10.705228,10.995376,10.416072,1.001017,996,997
1986,0.000000,-0.000000,0.000000,10.041713,10.289669,9.788210,0.998115,956,957
9396,0.000000,-0.000000,-0.000000,15.150155,15.702475,14.588199,0.997950,1021,1022
5874,-0.000000,0.000000,-0.000000,8.500750,8.709339,8.292365,0.998307,1000,1001
985,-0.002130,-0.000602,-0.005347,9.990050,10.283112,9.702214,1.002541,957,958
7976,0.000000,0.000000,0.000000,7.598723,7.847313,7.344280,0.998425,1030,1031
9655,-0.000000,0.000000,-0.000000,17.412570,18.155057,16.672319,0.997812,1004,1005
7353,-0.000000,0.000000,0.000000,6.401854,6.713110,6.085277,0.998448,978,979
8472,-0.000000,0.000000,0.000000,10.343984,10.647971,10.044665,0.998150,985,986
1203,-0.000101,0.007779,-0.001920,10.188239,10.451389,9.917708,1.001231,1008,1009
5496,0.001507,0.004339,-0.003463,9.546219,9.793113,9.299167,0.999456,1047,1048
6149,-0.000000,-0.000000,0.000000,7.707844,7.952366,7.463808,0.998392,1014,1015
7326,-0.000769,-0.006168,0.004572,6.274743,6.607444,5.947956,0.999087,1022,1023
2050,-0.002081,-0.002917,-0.004398,9.891112,10.129051,9.652670,0.995333,1004,1005
709,0.003503,-0.004485,0.000643,10.168127,10.434752,9.899313,1.003847,974,975
7721,-0.000000,-0.000000,0.000000,11.162520,11.444817,10.885411,0.998164,1021,1022
9090,0.003412,-0.010355,0.009352,2.185337,2.755012,1.710540,1.008774,1043,1044
9110,-0.000000,0.000000,-0.000000,5.066057,5.466876,4.674453,0.998628,1010,1011
4733,-0.006926,-0.002922,-0.000855,11.067485,11.363274,10.770398,0.996703,998,999
72,0.000006,0.004123,-0.003932,10.107682,10.396218,9.819023,1.003701,984,985
8617,-0.002496,0.004089,-0.002361,10.995108,11.275164,10.709947,0.996587,992,993
3367,0.000000,-0.000000,-0.000000,10.019007,10.290973,9.748861,0.998240,1023,1024
5179,-0.000000,0.000000,0.000000,9.365254,9.600253,9.125820,0.998230,992,993
5432,-0.000931,0.005515,-0.002584,9.005424,9.239122,8.773430,0.999561,994,995
8894,-0.024023,-0.028810,-0.008722,9.424633,9.677995,9.177605,1.032578,963,964
6754,0.007661,0.008256,0.004492,11.313188,11.599745,11.020823,0.998687,1022,1023
2004,-0.003116,0.004543,-0.000047,10.543584,10.813979,10.269987,0.995456,974,975
4629,0.004307,-0.001447,0.005883,11.283565,11.566948,10.992860,1.002514,1011,1012
7069,-0.001594,0.004056,-0.010461,11.175478,11.478747,10.869367,1.006139,962,963
2903,-0.003439,-0.000067,-0.006519,10.603481,10.870887,10.332114,1.003587,1133,1134
3362,-0.007664,0.000908,0.002113,10.020247,10.281477,9.765875,0.997518,1004,1005
1155,-0.003628,-0.006220,0.003568,10.086385,10.359364,9.809229,1.003960,1018,1019
9268,-0.004396,-0.001206,-0.002310,11.335536,11.614205,11.057350,0.999053,1025,1026
8708,0.001006,-0.008811,-0.005912,3.580378,4.060525,3.089649,0.996362,1071,1072
3030,0.000000,0.000000,0.000000,9.440182,9.684896,9.200872,0.998221,990,991
9306,-0.001624,0.010296,0.001991,14.543994,15.103373,13.994653,1.005218,964,965
4637,-0.001383,-0.009375,-0.002445,10.594267,10.902669,10.292123,1.001911,983,984
1636,-0.004763,0.012513,0.010329,10.119379,10.378262,9.857124,1.010586,1014,1015
8977,-0.000879,-0.003615,-0.007050,10.378044,10.623158,10.132104,1.005761,1022,1023
9790,0.000000,-0.000000,0.000000,5.463412,5.837308,5.084480,0.998599,1019,1020
10,0.010276,0.004145,0.003707,10.312727,10.594920,10.032549,1.007297,1007,1008
2047,-0.007999,0.008681,-0.001271,9.813673,10.070419,9.557668,1.001437,985,986
3376,0.004917,-0.000112,0.002364,10.293960,10.558477,10.033564,0.997678,1036,1037
3793,-0.000000,-0.000000,0.000000,9.315496,9.558452,9.067996,0.998190,968,969
9671,-0.003995,-0.000093,-0.001957,13.710966,14.141230,13.269392,0.996999,1021,1022
5022,0.000000,0.000000,0.000000,7.868763,8.111506,7.628733,0.998330,984,985
9403,-0.013079,-0.008954,0.002633,12.888618,13.297359,12.486110,1.005877,1014,1015
3251,-0.000000,-0.000000,-0.000000,10.487680,10.759990,10.209025,0.998201,1018,1019
6498,0.005711,-0.001105,-0.009831,10.611506,10.878596,10.347616,1.003938,1000,1001
4521,-0.000000,0.000000,-0.000000,10.724453,11.028716,10.427742,0.998170,1009,1010
3937,0.000000,0.000000,-0.000000,10.146754,10.393410,9.894254,0.998373,1112,1113
7534,0.001142,0.007049,-0.001315,6.801075,7.096820,6.507518,0.999059,1026,1027
722,-0.001191,-0.001671,-0.007821,10.279387,10.521027,10.036727,1.003691,1012,1013
7655,0.000000,0.000000,0.000000,15.048543,15.629803,14.478108,0.997953,1020,1021
5280,0.001207,-0.003490,-0.007802,9.141853,9.381811,8.901212,1.005538,1033,1034
547,0.002973,0.003286,0.003496,10.234579,10.491969,9.972324,0.999765,997,998
7596,0.000000,0.000000,-0.000000,8.339859,8.586219,8.086455,0.998253,962,963
9097,0.001276,0.000139,0.005260,10.868984,11.157356,10.588486,0.998866,964,965
2367,-0.000000,0.000000,0.000000,9.741355,10.004401,9.476723,0.998165,971,972
7188,0.001651,0.003242,0.009365,7.728973,8.000013,7.457327,1.006122,965,966
8421,-0.000000,0.000000,0.000000,12.352162,12.685454,12.023821,0.998179,1068,1069
8363,0.001679,-0.002786,-0.001474,18.682660,19.609087,17.760684,0.998681,1004,1005
4827,-0.000000,0.000000,-0.000000,10.549346,10.812732,10.279186,0.998250,1049,1050
9035,-0.000456,0.006113,0.000487,9.099803,9.345840,8.846669,1.004033,984,985
502,0.000000,0.000000,0.000000,9.986540,10.273212,9.700498,0.998210,1005,1006
5505,-0.000000,0.000000,0.000000,10.642816,10.920753,10.363713,0.998203,1025,1026
7061,-0.006328,0.008735,0.005049,5.595982,5.963332,5.229106,1.006612,1030,1031
2816,0.013320,0.005000,0.002893,10.641885,10.929166,10.354000,1.008834,997,998
6862,0.000000,-0.000000,-0.000000,11.088926,11.368062,10.810590,0.998139,1005,1006
4532,0.006099,-0.010549,0.001350,9.408390,9.652162,9.162578,0.999971,1021,1022
1397,-0.003760,-0.006127,-0.003669,10.214784,10.459603,9.965668,1.001810,1002,1003
8991,-0.000591,0.002220,-0.005315,9.776100,10.027581,9.519481,1.002121,999,1000
2161,-0.004470,0.003234,-0.001700,9.481419,9.716937,9.251250,0.996977,1038,1039
8356,0.001732,0.005725,0.008286,12.340730,12.679611,12.001557,1.003163,939,940
8491,0.000683,0.002021,0.005112,10.569528,10.879766,10.253151,1.001212,991,992
2914,0.005682,-0.000618,0.000257,10.090149,10.384746,9.801906,1.002311,1000,1001
6660,-0.005352,-0.003901,-0.007788,7.259737,7.527887,6.986168,1.004587,996,997
1875,-0.003123,0.000398,-0.007887,9.818776,10.067447,9.571416,1.003082,946,947
5651,0.000000,0.000000,-0.000000,10.226229,10.512588,9.943894,0.998116,963,964
6168,-0.004786,-0.002995,-0.005901,13.446121,13.860785,13.022020,1.002050,997,998
7278,0.004124,-0.002126,-0.001629,11.705906,11.990417,11.422173,0.998307,1045,1046
3663,-0.000000,-0.000000,-0.000000,9.733398,10.014236,9.450979,0.998156,966,967
2758,0.002108,0.005402,0.001334,9.758711,10.041513,9.469857,1.000076,949,950
3599,-0.000000,-0.000000,0.000000,8.918735,9.146532,8.692248,0.998255,988,989
9032,-0.000000,-0.000000,0.000000,9.690848,9.931072,9.456687,0.998311,1053,1054
6673,-0.000659,-0.003641,0.002937,12.767408,13.116605,12.426282,1.000879,1026,1027
2209,-0.000000,0.000000,0.000000,9.755598,10.013907,9.502551,0.998169,974,975
7332,0.012494,-0.007450,0.007626,10.931799,11.232124,10.624307,1.009863,979,980
4962,0.000000,-0.000000,0.000000,9.807476,10.074770,9.537831,0.998212,999,1000
359,0.013140,0.004361,0.006351,10.197613,10.451496,9.941000,1.004881,935,936
8584,0.000000,-0.000000,-0.000000,7.560824,7.836233,7.287217,0.998370,993,994
7206,-0.002919,-0.004009,-0.003371,9.664560,9.925026,9.404938,1.001930,942,943
1823,0.001328,-0.005472,-0.000530,10.099098,10.373151,9.823249,0.998495,976,977
9288,-0.003005,0.003782,-0.000905,12.411528,12.770090,12.061946,1.002615,988,989
580,-0.000000,-0.000000,-0.000000,10.047449,10.317916,9.773342,0.998233,1020,1021
7402,0.004558,0.001299,0.002321,11.096690,11.385755,10.808739,0.998186,985,986
5306,-0.000941,-0.009217,0.004797,9.520774,9.767282,9.275937,0.997519,1008,1009
4969,0.006598,-0.006234,-0.000109,8.559424,8.784362,8.332891,1.001376,998,999
5085,0.000000,0.000000,-0.000000,6.767210,7.065342,6.466072,0.998495,1031,1032
3432,0.007423,-0.002775,-0.000114,10.846810,11.151989,10.546683,0.998426,942,943
2376,0.003108,0.001907,0.004380,10.252589,10.509919,9.990376,0.998849,959,960
8714,-0.000000,0.000000,-0.000000,11.777988,12.087921,11.462835,0.998188,1055,1056
1373,-0.000000,0.000000,0.000000,9.778469,10.043721,9.515321,0.998240,1014,1015
5598,0.003144,0.004143,0.001928,10.601670,10.882430,10.318681,1.000182,973,974
2692,0.003641,-0.003969,0.001429,10.230790,10.487713,9.968822,1.001488,1016,1017
8490,0.005511,0.001137,-0.006173,5.761336,6.113821,5.405349,1.001649,983,984
6955,-0.000546,0.004128,0.003803,10.285683,10.562965,10.015156,1.000309,986,987
4104,-0.001417,-0.002334,-0.004715,11.123955,11.407013,10.839875,1.002650,953,954
4518,-0.008814,0.008185,-0.006028,10.116536,10.404676,9.827771,1.006404,946,947
2295,0.000000,0.000000,-0.000000,9.784800,10.053851,9.520538,0.998166,973,974
6374,-0.000000,0.000000,0.000000,9.078061,9.325544,8.837370,0.998220,975,976
1942,0.000000,-0.000000,-0.000000,10.104467,10.349567,9.852092,0.998202,1005,1006
2861,0.004055,-0.003140,-0.002999,9.712463,9.977997,9.450482,0.999568,951,952
2967,0.000019,0.002654,-0.008053,9.762031,10.040528,9.488575,0.999254,954,955
5134,-0.000000,-0.000000,0.000000,9.703239,9.980785,9.425225,0.998277,1033,1034
6974,0.003784,0.001499,0.006321,10.993653,11.254632,10.733872,1.002331,1034,1035
8249,-0.001188,0.000881,0.005899,9.024083,9.255288,8.786658,0.999724,1000,1001
6731,0.001264,0.005522,-0.016041,10.952231,11.268178,10.634958,1.010245,1017,1018
3737,0.000000,0.000000,0.000000,9.316511,9.570301,9.060913,0.998197,972,973
3436,0.013420,0.009368,0.005910,10.742898,11.067911,10.425547,1.000594,1028,1029
9177,0.000330,-0.003464,-0.001364,18.030659,18.867676,17.173850,0.995422,959,960
711,-0.004456,0.003172,0.001778,9.962749,10.240880,9.678958,0.996450,974,975
9949,0.002509,-0.001002,0.006587,7.515288,7.774609,7.258993,1.000883,968,969
5191,-0.000000,-0.000000,0.000000,10.375467,10.654978,10.091186,0.998063,942,943
5171,-0.001264,0.004042,-0.008222,12.013394,12.312949,11.712642,1.004051,963,964
1632,-0.005802,0.000491,0.005775,10.264640,10.562150,9.975016,0.999270,961,962
2294,-0.000000,0.000000,0.000000,9.879825,10.124584,9.640580,0.998205,998,999
8549,0.009879,0.000023,-0.000072,7.713908,7.961161,7.469526,1.001822,982,983
3701,-0.013968,0.000807,0.002728,10.858068,11.152120,10.563979,1.004540,948,949
9394,-0.045652,-0.032482,-0.041031,1.000003,1.612438,1.000003,1.068485,1023,1024
8218,0.000000,-0.000000,-0.000000,10.740968,11.039977,10.446161,0.998137,992,993
3611,0.003968,0.002033,0.019145,10.077699,10.367663,9.782177,1.007223,999,1000
265,0.007968,0.001872,0.006169,9.911123,10.190692,9.635449,0.996264,979,980
5396,0.003865,-0.004017,-0.002225,9.461876,9.721903,9.201636,1.002085,966,967
1988,0.007074,0.000426,0.003612,10.103438,10.353651,9.854185,0.997061,1032,1033
133,-0.007717,0.002954,-0.002433,9.922603,10.202384,9.634988,0.998662,899,900
6392,-0.004983,-0.001982,-0.005010,11.483850,11.768899,11.196146,1.001280,1018,1019
4155,-0.003743,-0.001158,-0.003890,10.770936,11.071348,10.463343,1.001798,983,984
8360,0.000000,0.000000,0.000000,8.041327,8.267403,7.821127,0.998435,1059,1060
9919,0.000000,0.000000,0.000000,11.468983,11.758517,11.178950,0.998084,988,989
4256,-0.001454,-0.002170,-0.009236,8.188768,8.445843,7.926848,1.003499,972,973
4890,-0.000000,0.000000,0.000000,9.531974,9.765191,9.296367,0.998227,997,998
1849,0.005177,-0.000452,-0.002047,9.965561,10.220946,9.713326,0.997821,1040,1041
2154,0.002442,0.000515,-0.007873,9.943477,10.195740,9.696599,0.999212,984,985
3518,0.000259,-0.000488,-0.005906,9.576842,9.820057,9.338447,1.001474,978,979
9077,-0.004452,-0.011102,-0.003301,9.649260,9.918011,9.387547,1.005122,981,982
4680,0.003105,0.004224,0.001540,10.366252,10.642827,10.085478,1.000859,1017,1018
7440,0.006648,0.008536,-0.001686,6.819178,7.119353,6.526684,1.005501,972,973
129,0.000404,0.004553,0.003139,10.135669,10.397928,9.870851,0.999716,1021,1022
3867,0.000598,0.004886,0.003097,9.909418,10.157136,9.658568,1.001830,987,988
2593,0.001483,0.004311,-0.003306,10.081479,10.358799,9.808869,1.001995,1011,1012
1175,0.000000,-0.000000,-0.000000,10.004091,10.247960,9.755773,0.998145,970,971
7039,-0.003699,-0.007669,0.001383,12.507273,12.844513,12.165822,1.001628,1017,1018
3058,-0.007463,0.004640,0.004556,10.515382,10.787679,10.249317,1.000896,994,995
1050,0.008287,0.003370,-0.004824,10.068699,10.320421,9.815916,1.008171,1010,1011
7906,-0.000000,0.000000,-0.000000,13.016803,13.428879,12.616462,0.998018,1000,1001
1216,-0.000000,0.000000,-0.000000,9.692123,9.972213,9.416876,0.998176,975,976
6257,0.004410,0.001803,0.003434,9.616117,9.893449,9.346820,0.998843,991,992
4333,-0.003571,-0.002275,-0.003211,11.025408,11.311099,10.747931,1.001109,1003,1004
5682,0.000000,-0.000000,0.000000,8.507703,8.736229,8.282797,0.998221,952,953
7182,-0.009791,-0.005839,-0.003229,10.974877,11.222963,10.721743,0.998869,1075,1076
2656,-0.002185,0.002648,-0.004520,9.922787,10.191314,9.650820,0.999525,1013,1014
7673,-0.000000,-0.000000,-0.000000,9.458631,9.684765,9.227853,0.998289,1030,1031
6060,-0.004178,-0.004272,-0.004503,6.610829,6.924708,6.300469,1.002169,1026,1027
7277,0.000000,-0.000000,-0.000000,11.796932,12.110922,11.486869,0.998102,1008,1009
1449,-0.004973,0.002579,-0.000038,9.968453,10.245106,9.685748,0.997199,1025,1026
9598,0.001620,0.006351,-0.007228,10.257843,10.519219,9.991159,0.998015,1010,1011
4959,-0.000067,0.005746,-0.001039,9.555613,9.786365,9.320101,1.001458,1021,1022
6573,-0.000000,-0.000000,0.000000,8.096099,8.348145,7.837119,0.998227,937,938
2456,-0.003448,0.003053,-0.003200,10.070033,10.363320,9.770773,0.996303,1005,1006
7408,0.006011,-0.000472,-0.018058,6.031492,6.371578,5.691874,1.006144,1006,1007
7319,0.005400,0.004285,0.001917,11.836472,12.124895,11.549391,1.002926,1023,1024
8637,-0.008201,0.009008,-0.007130,10.499665,10.781434,10.212666,1.006252,970,971
5650,0.002559,0.002441,-0.006722,10.415598,10.673516,10.160073,1.002294,1082,1083
6483,-0.001939,-0.007432,0.001099,10.999033,11.277398,10.723940,0.998029,989,990
7699,0.005354,0.002398,-0.002343,8.346996,8.542994,8.148267,1.000011,1042,1043
6744,-0.000000,0.000000,-0.000000,11.018132,11.307861,10.724313,0.998138,1002,1003
4614,-0.004813,-0.001651,0.003049,9.442225,9.701989,9.183133,0.996839,978,979
5126,0.006109,0.003226,0.000472,12.413801,12.745291,12.078578,1.002410,1035,1036
3667,0.002265,0.004948,-0.002921,9.171867,9.413695,8.927342,0.993715,947,948
1318,0.000000,-0.000000,-0.000000,10.009156,10.264223,9.760471,0.998169,983,984
8978,-0.000000,-0.000000,0.000000,10.102808,10.350509,9.861830,0.998162,983,984
2009,-0.000000,-0.000000,0.000000,9.718833,9.981082,9.460787,0.998181,979,980
4845,-0.002636,-0.000337,0.011331,10.343161,10.619169,10.074731,1.001539,981,982
7909,0.000957,-0.001164,-0.004461,13.511846,13.969877,13.055186,0.999877,950,951
3640,0.002698,-0.001882,-0.004869,9.562507,9.817024,9.312977,0.996001,982,983
863,0.003433,-0.004399,-0.001136,10.040791,10.302949,9.779674,0.999254,989,990
1569,0.003480,-0.000798,0.017369,10.137235,10.405368,9.876009,1.005109,1043,1044
7805,-0.011936,-0.015623,-0.006799,11.241097,11.568704,10.920251,1.009928,997,998
7145,0.000000,-0.000000,0.000000,11.423072,11.698383,11.139707,0.998115,1003,1004
3001,0.004948,-0.003102,0.001944,8.825626,9.046919,8.604293,0.997004,1008,1009
5731,-0.000940,0.005338,-0.002455,9.766391,10.019770,9.509314,1.003568,972,973
2097,0.001358,-0.005332,-0.000185,10.432464,10.688933,10.179025,0.999069,1015,1016
9080,-0.004191,0.003209,0.005292,6.524626,6.831673,6.214349,0.999728,1030,1031
5502,-0.000000,-0.000000,0.000000,11.838161,12.158957,11.522520,0.998069,992,993
58,-0.000000,-0.000000,-0.000000,9.991553,10.247577,9.732259,0.998190,994,995
2198,0.002802,0.001877,-0.004681,9.762651,9.999045,9.520121,1.000573,1010,1011
7784,0.000000,0.000000,0.000000,6.974889,7.295235,6.661505,0.998405,984,985
1915,0.000581,0.002275,-0.005187,9.972663,10.247642,9.689951,1.001833,995,996
7316,-0.003455,-0.010043,-0.000671,7.159878,7.443417,6.873424,1.004962,954,955
5145,0.000000,-0.000000,0.000000,12.125820,12.470392,11.790338,0.998060,996,997
8679,-0.000876,0.002268,-0.003572,14.541665,15.080753,13.990875,1.001757,1000,1001
8332,0.000000,-0.000000,0.000000,7.819511,8.056494,7.587847,0.998443,1053,1054
6789,-0.000252,0.006647,0.002417,7.349950,7.623630,7.072117,0.997180,978,979
3244,0.003904,-0.003441,-0.006213,9.985672,10.238468,9.733494,1.005476,1034,1035
5646,-0.002477,0.002280,0.006758,11.320072,11.604645,11.028143,0.998578,984,985
1669,-0.000361,0.003026,-0.004735,10.098875,10.384983,9.808636,0.999739,1005,1006
7595,-0.000000,0.000000,-0.000000,7.992809,8.220114,7.763388,0.998380,1021,1022
5159,0.009225,-0.000018,-0.003278,7.996972,8.225868,7.761864,1.005151,941,942
7064,-0.009901,-0.004408,-0.000403,6.841302,7.137633,6.542400,0.999476,957,958
688,0.000000,0.000000,0.000000,9.963256,10.220206,9.701214,0.998140,966,967
5845,0.004953,-0.002694,-0.001672,9.501989,9.756073,9.242892,1.000113,1002,1003
4143,0.000000,-0.000000,-0.000000,10.139832,10.405010,9.866886,0.998010,909,910
4482,0.000000,-0.000000,-0.000000,10.865170,11.190034,10.535873,0.998135,995,996
7558,-0.000000,-0.000000,-0.000000,6.178435,6.519994,5.843879,0.998484,988,989
4366,0.000998,-0.000893,-0.007580,10.849733,11.141186,10.555386,0.994383,974,975
6787,0.000000,-0.000000,0.000000,9.856903,10.105366,9.603005,0.998303,1055,1056
8404,-0.000000,0.000000,-0.000000,11.872267,12.182425,11.567722,0.998085,1001,1002
5125,-0.014483,-0.007282,-0.014113,11.244382,11.524982,10.967363,1.004961,978,979
8735,-0.001078,0.001555,0.006394,17.837306,18.624496,17.064746,1.001441,993,994
4906,0.000000,0.000000,-0.000000,10.515857,10.805723,10.223042,0.998054,942,943
4260,0.000000,0.000000,0.000000,10.817952,11.102192,10.540974,0.998066,958,959
860,-0.000441,0.001281,0.005464,10.090198,10.371090,9.815433,1.001440,1009,1010
5577,-0.005090,0.002920,0.005596,10.363657,10.626849,10.099374,1.004807,961,962
5801,0.006786,0.015524,0.007427,10.498514,10.772573,10.223284,1.012091,944,945
2231,0.000000,0.000000,0.000000,10.239180,10.514062,9.966750,0.998174,994,995
1365,0.000000,0.000000,0.000000,9.989094,10.230775,9.741712,0.998140,967,968
9581,-0.000000,0.000000,-0.000000,15.007894,15.579980,14.447327,0.997929,1007,1008
1378,-0.000638,-0.003504,0.004483,10.055193,10.335948,9.776520,0.998330,975,976
2801,0.001210,0.005477,-0.001086,10.077103,10.323974,9.826168,0.998015,988,989
3516,0.000000,-0.000000,-0.000000,10.062622,10.344774,9.775658,0.998252,1032,1033
2051,0.002768,0.005072,-0.001496,9.712536,9.929721,9.493074,1.003898,962,963
6520,0.000000,0.000000,-0.000000,12.839473,13.216449,12.464839,0.998015,994,995
6969,0.000000,0.000000,-0.000000,8.059598,8.297482,7.821058,0.998307,980,981
4092,0.000000,-0.000000,-0.000000,9.599438,9.832735,9.369417,0.998242,1008,1009
4925,-0.000000,0.000000,-0.000000,10.612029,10.919681,10.307442,0.998224,1036,1037
6432,0.000000,-0.000000,-0.000000,7.212594,7.479911,6.939324,0.998389,987,988
6054,-0.000000,0.000000,0.000000,8.288278,8.511488,8.063299,0.998350,1016,1017
7584,0.001676,0.002593,-0.007189,10.726533,11.026935,10.429849,0.995546,986,987
2721,0.006329,-0.004479,-0.001313,9.966366,10.220386,9.714840,0.997875,1060,1061
9962,0.002263,-0.001580,-0.008079,5.651586,6.009282,5.291375,1.003998,982,983
1527,-0.005173,0.010573,0.000052,9.855492,10.110812,9.607420,1.007711,1015,1016
9380,0.000000,0.000000,0.000000,8.609183,8.861151,8.362173,0.998277,987,988
1885,0.024611,0.014223,0.009358,9.533138,9.758582,9.302565,1.022795,1032,1033
9616,0.004630,0.002443,0.000803,10.828159,11.085388,10.566939,0.995255,1008,1009
6756,0.006042,-0.000344,-0.001921,8.808917,9.051073,8.565052,1.003522,981,982
9661,0.000000,-0.000000,-0.000000,9.673920,9.925894,9.422895,0.998224,1001,1002
8370,-0.002604,0.005086,-0.011664,7.049365,7.339636,6.767153,1.007788,1001,1002
7065,0.014473,0.001151,0.008416,5.737297,6.091903,5.373659,1.002634,1012,1013
2397,0.000000,0.000000,0.000000,9.809686,10.079360,9.533533,0.998184,984,985
594,-0.000000,-0.000000,0.000000,9.989691,10.239911,9.739311,0.998280,1046,1047
8265,-0.004162,0.000870,0.002705,11.284248,11.567299,11.005325,0.999627,1066,1067
6326,-0.004856,-0.003220,0.002496,8.690642,8.918879,8.466566,1.002457,974,975
8970,-0.000000,0.000000,0.000000,4.478974,4.913780,4.042588,0.998746,1053,1054
8305,-0.002560,0.005317,0.000512,9.487700,9.722859,9.249750,0.997387,983,984
5380,-0.000000,-0.000000,0.000000,11.953189,12.255041,11.658376,0.998108,1016,1017
1645,-0.005401,0.001139,0.000902,10.168879,10.431838,9.910725,0.998643,1015,1016
8048,-0.000000,-0.000000,0.000000,13.542370,14.003210,13.088040,0.997956,984,985
7803,-0.000000,-0.000000,-0.000000,6.607041,6.916328,6.304051,0.998389,954,955
8439,0.000000,-0.000000,0.000000,12.386947,12.743737,12.039684,0.998110,1030,1031
6413,-0.002580,-0.000351,-0.004957,10.176080,10.432257,9.922939,0.997547,992,993
4297,0.002487,0.000315,0.004757,10.475903,10.758785,10.190399,0.999430,1035,1036
1882,0.000000,-0.000000,0.000000,9.780697,10.033391,9.524029,0.998153,966,967
5991,-0.002324,-0.005558,0.001890,8.682320,8.910038,8.452130,0.997696,1000,1001
2196,-0.004337,0.003872,-0.000698,9.530567,9.814127,9.241945,0.996953,997,998
5864,-0.000000,-0.000000,0.000000,8.941089,9.178349,8.705691,0.998281,1004,1005
7444,-0.000000,-0.000000,0.000000,10.053453,10.296741,9.812805,0.998166,983,984
6343,0.003728,-0.001769,0.005890,11.691016,12.001215,11.371985,0.999309,1039,1040
3497,-0.000000,0.000000,-0.000000,10.399371,10.681208,10.125260,0.998030,927,928
4555,-0.000000,-0.000000,0.000000,8.512548,8.743917,8.278939,0.998328,1013,1014
1132,0.000544,-0.005437,-0.000881,10.066836,10.338927,9.802057,0.999052,1042,1043
2464,-0.006873,-0.009024,0.002553,10.309117,10.577002,10.042596,1.003287,984,985
4018,-0.000350,-0.001977,-0.008002,10.152257,10.404772,9.902471,1.002716,979,980
7494,0.004138,-0.004843,-0.005162,9.650640,9.906691,9.394211,1.004224,1037,1038
835,0.004121,0.004521,-0.008168,10.062533,10.355397,9.761066,1.000718,981,982
7799,0.000000,-0.000000,0.000000,6.017729,6.350825,5.675961,0.998503,990,991
382,-0.001255,0.003299,-0.004506,10.111494,10.407286,9.816450,0.998035,968,969
7236,-0.000000,-0.000000,0.000000,9.349926,9.587370,9.108118,0.998250,1003,1004
1855,-0.000000,0.000000,0.000000,9.770282,10.040602,9.506459,0.998200,991,992
4790,0.003206,0.004568,0.001105,10.230006,10.531684,9.920073,0.999453,977,978
5725,0.000000,-0.000000,0.000000,8.818015,9.057905,8.577449,0.998168,937,938
3288,-0.000000,-0.000000,0.000000,9.874953,10.150036,9.594552,0.998115,950,951
8778,0.000000,0.000000,0.000000,13.200792,13.600630,12.808258,0.998108,1053,1054
7935,-0.000000,0.000000,-0.000000,13.404648,13.799865,13.014482,0.997876,943,944
5479,-0.000000,-0.000000,-0.000000,11.800977,12.112588,11.496038,0.997997,955,956
6055,-0.000261,-0.002485,0.012983,10.661982,10.940053,10.384821,1.001447,1066,1067
968,0.000000,-0.000000,0.000000,10.055962,10.333681,9.783277,0.998206,1005,1006
5111,-0.000386,0.004071,0.002369,12.550385,12.901463,12.199329,1.000477,1051,1052
9435,0.000000,-0.000000,-0.000000,7.364455,7.632102,7.100693,0.998482,1056,1057
3841,0.004019,0.004070,-0.001243,9.649003,9.915302,9.379140,0.998987,988,989
2959,0.000000,-0.000000,-0.000000,10.408190,10.660020,10.152947,0.998193,1011,1012
215,0.000000,-0.000000,0.000000,10.029184,10.339807,9.723029,0.998171,985,986
3258,-0.000567,-0.004726,-0.002837,10.118828,10.377645,9.864534,0.999549,1018,1019
8531,-0.000000,-0.000000,-0.000000,9.120250,9.355355,8.884775,0.998306,1026,1027
3807,0.002096,0.008011,0.016893,11.495979,11.796628,11.194291,1.012757,991,992
8245,-0.001774,0.002395,-0.004154,11.984444,12.342413,11.632401,0.999562,955,956
4195,-0.000000,0.000000,0.000000,8.308771,8.531399,8.082041,0.998318,998,999
6860,-0.000000,0.000000,-0.000000,8.846937,9.106475,8.590524,0.998271,994,995
1093,0.014149,-0.002844,-0.003255,10.327534,10.587143,10.069627,1.004636,984,985
4535,-0.005699,-0.004760,0.002117,11.053073,11.333288,10.774947,1.000573,960,961
5684,0.000000,-0.000000,0.000000,10.562046,10.858742,10.264494,0.998160,998,999
315,-0.000000,0.000000,-0.000000,9.991992,10.268354,9.709800,0.998040,918,919
795,-0.005459,-0.006368,0.008481,10.151394,10.405877,9.896276,1.004600,974,975
3486,0.000000,0.000000,0.000000,10.134518,10.399597,9.869442,0.998232,1023,1024
3661,0.004428,-0.000036,0.003570,10.546910,10.833375,10.253188,1.003658,942,943
4162,-0.000000,0.000000,-0.000000,9.959880,10.208326,9.710043,0.998207,1002,1003
8268,0.000000,-0.000000,-0.000000,12.283298,12.606998,11.952843,0.998070,1006,1007
6443,0.003394,-0.000406,0.004494,10.034553,10.268961,9.803768,0.998734,1018,1019
7713,0.000858,0.004946,0.007434,5.266369,5.653408,4.887687,1.002049,957,958
3471,0.006917,0.005232,0.000687,9.458203,9.702650,9.208625,0.999804,965,966
739,0.000586,0.001253,-0.008047,9.950822,10.202520,9.695405,0.998756,982,983
3652,-0.007714,-0.002109,-0.002541,9.748328,9.998129,9.500147,1.002633,989,990
7653,0.000000,-0.000000,-0.000000,8.166868,8.399146,7.930634,0.998251,953,954
1257,-0.006235,-0.006485,0.007511,10.219289,10.481078,9.950033,1.007417,1019,1020
2405,0.004197,0.002703,0.002168,10.678029,10.951732,10.407882,1.000777,986,987
9409,0.000000,0.000000,0.000000,9.310954,9.552452,9.070842,0.998201,974,975
8567,-0.009891,0.004612,0.006439,12.458432,12.783615,12.124083,1.003607,1002,1003
3385,0.000806,0.009228,0.006217,10.597412,10.849050,10.341806,1.006251,1019,1020
806,0.007403,-0.000127,0.003009,10.129961,10.399166,9.867869,1.003972,1026,1027
3899,-0.000000,-0.000000,-0.000000,9.762011,10.010555,9.506645,0.998280,1037,1038
5403,-0.005366,-0.002719,0.001530,8.995107,9.235844,8.756308,1.004064,994,995
1112,0.006635,-0.002803,-0.004240,9.751552,10.005366,9.495498,0.997955,973,974
3236,0.000000,-0.000000,0.000000,10.219622,10.481505,9.950900,0.998100,955,956
7053,0.000000,-0.000000,0.000000,4.759865,5.174778,4.346205,0.998665,1013,1014
5230,0.003351,0.003605,-0.000453,11.884747,12.178606,11.589685,0.996877,1016,1017
9709,-0.010428,0.002274,0.001953,13.354668,13.755577,12.944849,1.002353,1006,1007
1185,-0.005208,0.002088,0.005939,10.055479,10.350317,9.755295,1.000378,980,981
404,0.003020,-0.004850,-0.000883,10.172866,10.477854,9.868107,0.999697,960,961
4856,0.000000,-0.000000,0.000000,11.042192,11.318477,10.764652,0.998182,1027,1028
1933,-0.001163,0.005174,0.001615,9.810881,10.046787,9.569753,0.996216,1062,1063
9020,-0.004376,-0.007161,-0.007831,5.810665,6.164871,5.462711,1.002305,1037,1038
3755,-0.000000,0.000000,-0.000000,9.925272,10.176210,9.680451,0.998232,1015,1016
5334,0.000000,0.000000,0.000000,9.936199,10.226602,9.652569,0.998316,1066,1067
6634,-0.000754,0.005293,0.002068,9.744803,9.990608,9.500195,1.001256,1014,1015
8009,-0.000000,-0.000000,-0.000000,9.392153,9.642850,9.145793,0.998273,1018,1019
5909,-0.001623,-0.005489,0.000323,9.594673,9.828339,9.359248,0.998199,1030,1031
3508,-0.002925,0.006275,-0.004358,10.324415,10.616659,10.025054,1.000340,941,942
5671,0.000000,-0.000000,0.000000,12.917306,13.283903,12.554147,0.998128,1056,1057
2982,-0.003680,-0.002192,-0.003915,9.546541,9.801007,9.286492,1.002762,1038,1039
4719,-0.003086,0.003164,0.002996,10.843038,11.138694,10.550638,0.997111,1002,1003
994,-0.000000,-0.000000,0.000000,9.948715,10.215407,9.687977,0.998169,981,982
7084,0.000000,0.000000,-0.000000,6.944050,7.251390,6.641286,0.998358,954,955
8292,0.003710,-0.002576,0.001646,12.706005,13.074436,12.328116,0.995458,992,993
187,-0.002080,0.007854,-0.001391,9.922933,10.194344,9.658089,0.992956,977,978
1060,0.004246,0.002176,-0.002761,9.884807,10.124855,9.644133,0.997483,1070,1071
9460,-0.000359,-0.004621,0.002351,11.596415,11.941442,11.241913,0.999367,976,977
1611,-0.000000,-0.000000,0.000000,9.754194,9.998910,9.513601,0.998250,1019,1020
2589,0.000000,0.000000,0.000000,10.132761,10.364780,9.899634,0.998244,1030,1031
8428,0.000000,-0.000000,-0.000000,9.986786,10.267043,9.709031,0.998153,974,975
9865,-0.006172,0.003516,0.003209,14.371867,14.857095,13.881027,1.001834,992,993
7766,0.002332,0.002161,-0.006404,12.310683,12.646461,11.982404,1.002605,989,990
1299,-0.003540,-0.000902,-0.004241,10.089740,10.352544,9.825004,0.998480,1012,1013
6327,-0.000000,-0.000000,-0.000000,7.554009,7.814243,7.296363,0.998327,967,968
6919,-0.000000,0.000000,0.000000,10.961432,11.246962,10.676638,0.998088,974,975
338,-0.000000,-0.000000,-0.000000,9.984335,10.246211,9.720298,0.998125,959,960
4120,0.004261,-0.003789,-0.000756,9.911031,10.169628,9.658919,1.000076,987,988
291,-0.004387,-0.002416,-0.006231,10.311379,10.592898,10.032690,1.005119,1026,1027
8833,-0.002369,-0.002601,0.004043,10.798629,11.087520,10.505861,0.997792,992,993
4077,-0.003046,0.002022,0.007990,8.693948,8.915928,8.470242,1.000137,1049,1050
2813,-0.000000,0.000000,0.000000,9.972893,10.230676,9.709232,0.998195,996,997
1147,-0.002091,0.007225,0.002899,9.876125,10.132463,9.622552,0.999591,1024,1025
8534,-0.006524,-0.010821,-0.002551,5.174138,5.566639,4.785632,1.010231,1016,1017
4301,0.002403,-0.004530,-0.000155,11.823029,12.136926,11.506480,0.995151,956,957
7140,-0.000000,0.000000,-0.000000,13.264711,13.670384,12.859094,0.998081,1040,1041
2671,0.003599,0.003984,0.001543,10.212329,10.511713,9.915569,1.003183,1008,1009
553,-0.004877,0.000110,-0.003104,10.078800,10.344012,9.809185,0.999753,968,969
8888,-0.004729,-0.010650,-0.006792,7.900212,8.165668,7.641573,0.993216,1000,1001
7199,0.003826,-0.000370,-0.007190,9.159831,9.403884,8.915682,1.002986,1119,1120
471,-0.004776,-0.003090,0.011918,10.089172,10.354099,9.827080,1.008531,1010,1011
170,-0.008050,0.010611,-0.002366,10.351475,10.594450,10.110486,1.009573,965,966
4057,-0.001236,-0.000760,-0.005645,9.680160,9.946749,9.416036,0.999721,1005,1006
3032,0.004929,0.000680,0.006842,9.443821,9.671875,9.209428,0.995382,997,998
7071,0.004792,-0.003318,-0.000653,9.560007,9.823003,9.303511,0.999912,999,1000
1178,-0.000000,-0.000000,0.000000,10.059067,10.333283,9.787315,0.998100,949,950
3222,0.006075,0.003076,0.003425,10.781500,11.048568,10.518075,1.000583,1029,1030
1997,-0.000000,0.000000,-0.000000,9.847414,10.131030,9.569270,0.998180,983,984
5066,-0.000000,-0.000000,0.000000,11.166852,11.465850,10.865961,0.998075,974,975
8686,0.002875,0.004092,-0.000867,11.804668,12.131989,11.481982,0.997400,973,974
4412,0.000000,0.000000,-0.000000,8.259215,8.477640,8.035063,0.998419,1059,1060
2512,-0.004003,-0.013648,-0.001720,10.338379,10.621075,10.062047,1.010255,1018,1019
4582,0.003869,0.003326,-0.006511,9.805938,10.065003,9.550374,1.002107,1011,1012
3008,0.002580,-0.003027,0.007115,10.435780,10.736633,10.133086,1.001104,971,972
1235,-0.005682,0.000124,0.000007,10.163744,10.420836,9.899707,1.001839,973,974
1371,-0.000000,0.000000,-0.000000,10.135854,10.416820,9.860196,0.998222,1017,1018
5243,-0.000000,-0.000000,0.000000,9.095941,9.328937,8.860481,0.998317,1032,1033
5458,-0.006623,0.005665,-0.005670,7.236074,7.506498,6.959536,1.001579,982,983
3658,0.009401,-0.001985,-0.002444,10.361988,10.622917,10.108336,1.007426,1009,1010
5428,0.000000,0.000000,-0.000000,9.537849,9.782897,9.295752,0.998170,966,967
2840,0.004394,0.000377,0.003484,10.244262,10.513406,9.977281,0.999599,983,984
7815,0.000000,-0.000000,-0.000000,8.327559,8.542112,8.106725,0.998379,1036,1037
5178,-0.003180,-0.006041,-0.000706,7.352644,7.624535,7.084296,1.003315,1064,1065
6224,0.000000,0.000000,-0.000000,11.421937,11.713591,11.124555,0.998098,994,995
3013,0.000000,-0.000000,0.000000,9.614690,9.861204,9.374731,0.998220,996,997
3007,0.002912,-0.009449,-0.000747,10.331254,10.586257,10.080471,1.004200,995,996
7961,-0.003809,0.000715,0.002669,12.557831,12.907581,12.213842,1.000819,1057,1058
1444,-0.003865,0.002068,-0.003446,10.154906,10.412414,9.894271,0.998667,1019,1020
3070,0.013521,0.008104,-0.003478,10.101865,10.362976,9.841226,1.004580,999,1000
8717,-0.002554,-0.007878,0.005054,13.154883,13.603465,12.712735,1.004028,988,989
2949,-0.000342,0.003226,-0.004646,9.847374,10.126675,9.569251,0.997055,1020,1021
8336,-0.003612,-0.000274,0.003783,11.188203,11.459158,10.912971,1.001230,995,996
5572,-0.000046,-0.002022,0.006833,11.776933,12.062034,11.488588,0.998024,1029,1030
2300,-0.000000,0.000000,-0.000000,10.027831,10.273353,9.775269,0.998292,1055,1056
3787,0.001945,-0.006944,-0.002947,10.458255,10.729164,10.190207,1.001559,1026,1027
7931,0.000000,-0.000000,0.000000,6.777089,7.070263,6.484315,0.998510,1042,1043
9880,-0.003191,-0.001919,-0.002497,13.580651,14.042547,13.113854,0.998066,1018,1019
3963,0.000000,-0.000000,-0.000000,9.203150,9.453093,8.952345,0.998266,1006,1007
4287,0.003410,0.002092,-0.008621,10.832020,11.129356,10.542618,1.001056,1007,1008
7855,-0.004024,-0.000945,0.005549,8.013182,8.262676,7.765247,1.003357,934,935
8662,-0.000632,-0.011056,0.004960,7.617650,7.871770,7.365757,1.002685,1017,1018
1579,-0.000000,0.000000,0.000000,10.105632,10.369344,9.845172,0.998173,989,990
2315,-0.000000,-0.000000,0.000000,10.369338,10.659400,10.072794,0.998210,1019,1020
9929,-0.000000,-0.000000,0.000000,4.711586,5.124631,4.287446,0.998618,975,976
8203,0.006345,-0.003822,-0.001099,12.070317,12.413350,11.725510,1.005172,924,925
8650,0.002609,0.003136,-0.002159,13.234560,13.655355,12.804108,0.996468,986,987
4032,0.000000,0.000000,-0.000000,9.174615,9.413322,8.939586,0.998313,1033,1034
9932,0.002077,0.004949,0.002535,9.148784,9.372044,8.918923,1.000148,1045,1046
2576,-0.000000,0.000000,0.000000,9.901069,10.164692,9.633364,0.998189,990,991
621,0.007039,0.004234,-0.000395,10.067067,10.328199,9.811707,1.002748,975,976
1402,0.003923,0.003713,-0.001123,10.006325,10.239077,9.777735,0.999432,1053,1054
7513,-0.000235,-0.003869,-0.001916,14.392071,14.889622,13.905911,0.996544,1005,1006
6972,0.003414,0.005018,-0.003202,12.648089,12.989884,12.309910,1.003056,1022,1023
5793,0.002460,0.000973,-0.004320,11.314139,11.621700,11.014538,1.001435,1055,1056
210,-0.003862,0.000687,-0.003948,10.097978,10.365159,9.826981,1.001518,1037,1038
4042,0.000000,0.000000,-0.000000,10.331860,10.624086,10.047425,0.998105,961,962
1223,-0.000561,0.001094,-0.005649,9.831777,10.089633,9.573340,0.998138,980,981
8166,-0.000000,0.000000,0.000000,12.484008,12.842815,12.134983,0.998010,981,982
3160,-0.000000,-0.000000,-0.000000,10.209942,10.466154,9.960199,0.998164,988,989
923,0.011974,-0.013395,0.014207,9.522077,9.765827,9.274755,1.006301,1047,1048
8034,0.008653,-0.003147,-0.002428,8.172238,8.396801,7.944213,1.004833,993,994
539,-0.000000,0.000000,-0.000000,9.945245,10.186330,9.697923,0.998238,1019,1020
2337,0.003093,0.003955,0.002680,10.072767,10.332481,9.807115,1.002999,1003,1004
6222,0.005216,0.003278,-0.004733,6.503687,6.819438,6.196158,0.999927,957,958
1752,0.000000,0.000000,-0.000000,9.933539,10.203548,9.668970,0.998209,1002,1003
5419,-0.008722,0.006083,-0.002809,11.055228,11.354815,10.751044,1.003358,987,988
3307,-0.000000,0.000000,0.000000,8.894649,9.132304,8.655703,0.998246,982,983
9468,-0.000000,0.000000,0.000000,5.134974,5.530014,4.744590,0.998571,975,976
5392,-0.006958,-0.004249,-0.002291,12.192964,12.527750,11.863044,1.005037,1079,1080
6621,-0.000177,0.003581,-0.004896,8.990110,9.233535,8.748452,1.002818,1022,1023
1413,-0.005575,0.001196,0.000950,10.209946,10.477230,9.939121,0.997864,917,918
8410,-0.001123,-0.001610,-0.005900,8.750729,8.981260,8.515035,1.000107,991,992
1724,0.005132,-0.008549,0.000822,9.999357,10.303285,9.700917,0.998682,1015,1016
6421,0.003988,0.013695,-0.010217,8.723851,8.944382,8.499721,1.011764,995,996
4336,0.000000,-0.000000,0.000000,9.563446,9.820777,9.309225,0.998232,1001,1002
6331,-0.008536,0.005236,0.012773,8.520779,8.759145,8.283952,1.004651,1008,1009
8640,0.001835,0.002791,0.003423,12.893610,13.280167,12.497531,1.001274,979,980
7405,-0.004427,-0.002883,-0.006464,5.589774,5.960851,5.210408,1.006961,1033,1034
4447,0.000000,-0.000000,-0.000000,8.963263,9.188665,8.743277,0.998334,1037,1038
5355,0.000314,0.000160,0.005816,10.196072,10.487539,9.904505,1.000275,933,934
1439,0.005446,0.000841,0.019337,9.834713,10.104915,9.566646,1.014964,950,951
737,0.001974,0.000739,-0.005441,10.114480,10.384979,9.840049,0.998132,939,940
4460,0.016099,-0.000815,-0.008778,9.844363,10.102636,9.578659,1.001306,984,985
6683,0.000000,-0.000000,-0.000000,10.593229,10.900272,10.281872,0.998134,985,986
4024,-0.007791,0.000349,-0.004137,9.234026,9.478564,8.986664,1.001910,971,972
6774,-0.001490,0.003329,0.002157,14.917983,15.460214,14.369429,0.996424,989,990
5221,-0.000000,-0.000000,0.000000,7.512066,7.759427,7.263143,0.998388,1002,1003
2347,0.000000,0.000000,-0.000000,10.140789,10.440684,9.835231,0.998204,1007,1008
3097,-0.000000,-0.000000,0.000000,9.655521,9.894723,9.422198,0.998360,1083,1084
787,0.000726,-0.008682,0.005140,10.017212,10.283842,9.755504,1.004762,992,993
5758,0.007723,-0.003132,-0.009478,9.324330,9.568940,9.080171,1.009435,982,983
8670,-0.000000,0.000000,0.000000,17.132624,17.836614,16.441615,0.997850,1016,1017
6819,-0.012166,0.004967,0.018908,7.821637,8.053970,7.592890,1.013080,984,985
6302,0.002713,-0.000610,-0.005321,9.756604,10.020006,9.492589,1.003163,933,934
9690,0.001570,0.000513,0.005477,9.841830,10.093576,9.588709,1.002548,1029,1030
9106,0.000000,-0.000000,0.000000,7.008593,7.297901,6.727272,0.998466,1025,1026
7641,0.011555,0.008515,-0.007462,7.431573,7.691039,7.172856,1.001952,971,972
8108,-0.010066,0.012310,0.009362,6.294139,6.614700,5.964417,1.007454,976,977
9568,0.003034,-0.005714,0.000070,8.456817,8.671970,8.244268,0.999764,976,977
7290,0.003216,0.002382,0.007499,5.713073,6.071720,5.348113,1.006707,974,975
2147,-0.004441,-0.009907,-0.013608,10.221676,10.483224,9.963126,1.003312,1017,1018
4602,-0.000281,0.010647,-0.000175,9.320615,9.556413,9.078792,0.996502,985,986
1864,0.000000,0.000000,-0.000000,9.976648,10.255147,9.698676,0.998141,967,968
2578,-0.000000,-0.000000,0.000000,9.743309,9.976554,9.503428,0.998276,1034,1035
4476,0.000000,0.000000,0.000000,9.026899,9.285947,8.774997,0.998213,969,970
6801,-0.000109,0.008088,-0.001026,13.394677,13.791153,12.990537,1.001250,1005,1006
3275,0.000000,-0.000000,-0.000000,10.050399,10.301669,9.794027,0.998173,987,988
9963,-0.003360,0.001008,-0.003178,12.705186,13.049580,12.353703,0.998630,1014,1015
9275,0.000000,-0.000000,-0.000000,6.000085,6.339485,5.657527,0.998495,984,985
1340,-0.001235,-0.001356,0.005443,9.866092,10.114834,9.610077,0.995947,991,992
6695,0.013442,0.002775,0.000828,11.369926,11.649778,11.095015,1.003656,978,979
7970,-0.006153,0.008722,-0.010109,7.592744,7.875463,7.313790,1.009145,1002,1003
6836,-0.017812,0.000056,-0.003822,8.183252,8.410668,7.962226,1.013123,1005,1006
4624,-0.007223,0.005552,-0.000058,12.154220,12.471131,11.841779,1.000699,944,945
6586,-0.000058,-0.009637,0.003308,9.780941,10.017754,9.539409,1.008061,1026,1027
269,-0.007243,-0.001750,0.006484,9.973995,10.216343,9.729077,1.002558,1040,1041
7346,0.000712,-0.004400,0.002044,12.495757,12.844161,12.150960,1.001252,973,974
9214,0.006126,0.006221,-0.003011,4.750484,5.160075,4.331071,1.004334,1043,1044
4943,0.003239,0.000848,-0.004551,9.971148,10.231909,9.705234,1.001574,1005,1006
7597,-0.000000,0.000000,-0.000000,16.101924,16.793925,15.389710,0.997881,1009,1010
4192,0.004523,0.000704,-0.001793,12.120957,12.444665,11.792755,0.996324,1015,1016
311,0.000821,0.001609,-0.005247,10.034862,10.297951,9.768881,1.000544,1039,1040
6438,0.004430,-0.001077,-0.006198,6.527175,6.835677,6.217361,1.001520,995,996
5556,-0.004270,0.002954,-0.003237,8.870114,9.098457,8.637330,0.999914,1025,1026
2143,0.000000,0.000000,0.000000,9.819645,10.096697,9.536879,0.998253,1023,1024
2131,0.000000,-0.000000,0.000000,10.601065,10.908431,10.299903,0.998188,1015,1016
7315,-0.002605,-0.004970,-0.003358,8.049700,8.283940,7.813407,0.996962,1015,1016
7357,0.000497,-0.002065,0.004336,12.581458,13.008224,12.145023,0.998811,987,988
4682,-0.004017,0.003685,0.002296,9.422924,9.659569,9.181246,0.998952,990,991
9347,-0.000000,-0.000000,0.000000,18.585720,19.443845,17.749435,0.997700,977,978
7995,0.000000,0.000000,-0.000000,8.036137,8.265816,7.802866,0.998285,966,967
7242,0.002840,-0.002733,-0.003036,11.853820,12.149142,11.559887,0.996333,1017,1018
1354,0.001735,-0.004351,-0.003091,10.044742,10.315016,9.776469,0.998400,1006,1007
4060,-0.004921,-0.000555,-0.003150,9.661042,9.916415,9.399400,1.000990,995,996
8863,0.001043,0.006856,0.000990,12.063830,12.374850,11.746485,0.998932,1035,1036
3331,0.003667,-0.002226,0.006757,10.525955,10.785543,10.265624,1.003546,991,992
6172,0.005512,-0.001251,-0.000917,9.988890,10.278640,9.693934,0.999999,975,976
925,-0.000000,0.000000,-0.000000,9.979675,10.239250,9.717322,0.998119,956,957
8080,-0.000000,0.000000,-0.000000,10.748234,11.024977,10.472447,0.998179,1015,1016
6200,-0.001530,0.005583,-0.010160,8.393049,8.633141,8.158701,1.003352,995,996
7288,-0.000000,-0.000000,0.000000,13.542186,13.988209,13.084215,0.998040,1026,1027
9534,-0.000000,-0.000000,0.000000,9.796731,10.056177,9.535098,0.998223,1005,1006
9008,0.003719,0.002225,-0.002157,12.867560,13.275559,12.451174,1.000391,962,963
3009,0.007339,0.003095,-0.002628,9.610837,9.873312,9.353475,1.001747,993,994
3309,0.002803,-0.004914,-0.000607,9.666259,9.896316,9.440797,0.997508,1045,1046
6807,-0.008943,-0.007661,-0.001096,8.056222,8.275417,7.839463,1.005890,993,994
6713,0.000000,-0.000000,-0.000000,8.841750,9.080975,8.600987,0.998294,1007,1008
6120,0.008009,-0.002197,-0.003558,8.292605,8.516623,8.072895,1.001947,1059,1060
9517,0.005850,0.002072,0.008981,8.698845,8.924325,8.474522,1.003587,1018,1019
8317,-0.000000,-0.000000,0.000000,10.864641,11.137987,10.598989,0.998251,1061,1062
4179,0.000000,-0.000000,-0.000000,8.607708,8.850319,8.367469,0.998342,1026,1027
6981,-0.003892,0.003977,-0.000565,9.925441,10.178379,9.670137,0.998298,1024,1025
6084,0.003572,-0.002090,0.005143,8.053525,8.279820,7.828189,1.002803,1008,1009
3194,-0.002359,-0.001032,-0.004766,10.310255,10.563162,10.055168,1.000099,1051,1052
3290,-0.011791,-0.007210,0.029315,8.132163,8.371110,7.889150,1.015828,987,988
2644,0.000000,0.000000,-0.000000,9.334989,9.574782,9.089060,0.998262,1009,1010
4294,0.012834,-0.005400,0.003659,10.370696,10.664024,10.073249,1.009435,1013,1014
2642,-0.000000,-0.000000,0.000000,9.962073,10.219853,9.705271,0.998208,1003,1004
3310,0.008051,-0.000410,0.008412,10.293302,10.578635,10.004433,1.000979,990,991
2071,-0.001308,0.005375,-0.000205,10.508229,10.755639,10.261784,1.002913,999,1000
3562,0.004387,-0.003446,-0.001247,10.293954,10.584640,10.010582,1.000075,944,945
5580,-0.007777,0.000134,-0.003925,9.294075,9.550030,9.032196,1.003497,970,971
5718,0.003503,-0.002138,0.003725,10.252813,10.498236,10.009471,0.998757,1003,1004
5907,-0.003175,0.001308,0.004819,9.045595,9.305388,8.783091,0.997473,1053,1054
2545,0.003687,0.000095,0.014022,10.374797,10.659642,10.093474,1.005798,963,964
3623,-0.000000,0.000000,0.000000,10.158369,10.445662,9.867810,0.998202,1007,1008
5876,0.001458,0.005854,0.008817,9.068309,9.319779,8.816375,0.995310,1018,1019
6173,0.003282,-0.002668,0.002271,12.988967,13.426067,12.549039,1.000094,962,963
537,-0.000000,0.000000,0.000000,9.996060,10.264458,9.727077,0.998153,974,975
1776,-0.000988,-0.005409,0.000781,10.353459,10.630267,10.075834,1.003722,1002,1003
8694,0.001336,0.005634,0.006603,12.614484,12.985204,12.241637,1.005325,954,955
1607,0.005995,-0.006858,-0.006819,10.064414,10.337759,9.791388,1.002898,1051,1052
3315,-0.004797,-0.006410,-0.006060,10.020297,10.267812,9.777433,1.001759,1022,1023
1258,-0.011001,0.003639,-0.006854,10.104666,10.376990,9.829320,1.007355,970,971
1858,-0.004493,-0.003779,-0.000112,9.917838,10.198219,9.641425,1.001190,951,952
1041,0.001021,-0.005085,0.001371,10.246915,10.501030,9.996616,0.999047,1077,1078
5168,0.000000,-0.000000,-0.000000,10.092025,10.393920,9.797320,0.998137,969,970
2723,-0.000000,-0.000000,-0.000000,10.207378,10.467080,9.947234,0.998188,1001,1002
5452,0.002190,0.004306,-0.002593,10.120230,10.378314,9.865849,0.996237,1044,1045
9147,-0.001031,0.005657,-0.008390,4.236281,4.686018,3.795991,1.003638,987,988
5890,0.008581,0.000471,0.007295,10.615363,10.860275,10.365603,1.009254,1029,1030
1939,0.004780,-0.003305,-0.000011,10.010846,10.269870,9.749762,1.000086,946,947
4090,0.000000,0.000000,0.000000,10.869036,11.162969,10.576157,0.998170,1014,1015
1349,0.004693,0.000779,0.006471,10.117839,10.394945,9.840878,0.999553,1012,1013
5242,-0.000000,0.000000,-0.000000,10.447111,10.716995,10.174879,0.998152,990,991
8069,0.003301,0.002366,-0.003449,10.972855,11.255357,10.686253,0.999175,994,995
5220,0.009824,0.004708,0.000052,9.380849,9.624910,9.132814,1.008982,964,965
3250,-0.000000,0.000000,-0.000000,10.500859,10.751929,10.249098,0.998169,1001,1002
9626,-0.004877,0.006580,-0.001632,13.263480,13.671058,12.855268,0.999599,990,991
101,0.012455,-0.017455,-0.003406,9.715348,9.990128,9.445923,1.010378,995,996
3957,-0.003195,0.003943,0.005620,10.924918,11.193331,10.655754,1.000760,1015,1016
6150,0.000000,0.000000,0.000000,8.979181,9.192749,8.760603,0.998253,989,990
3415,0.003737,0.003821,0.000677,10.457330,10.731681,10.185306,0.999548,1030,1031
9864,-0.000000,0.000000,0.000000,8.385517,8.622773,8.151500,0.998189,930,931
9560,-0.000000,-0.000000,-0.000000,3.356488,3.845160,2.858063,0.998881,1055,1056
6950,-0.000000,0.000000,0.000000,8.194756,8.405320,7.982613,0.998360,1018,1019
2856,-0.003761,-0.004067,-0.000963,10.170288,10.456679,9.875847,0.998800,989,990
4210,0.004474,-0.004021,0.006063,12.845841,13.218110,12.468687,1.004378,974,975
5686,-0.006306,-0.000411,0.004538,10.736772,11.011188,10.455479,0.998330,956,957
2036,-0.004811,0.000477,-0.002620,10.906059,11.189161,10.624177,0.996929,950,951
4009,-0.003674,-0.003771,-0.001096,10.941653,11.226797,10.651333,0.999038,989,990
9618,-0.000000,0.000000,-0.000000,10.910055,11.204848,10.622197,0.998165,1013,1014
7286,-0.000000,-0.000000,-0.000000,8.896980,9.130404,8.669852,0.998255,987,988
4905,-0.000000,0.000000,0.000000,10.786122,11.088642,10.481557,0.998142,996,997
609,0.003265,-0.011936,-0.003980,10.189442,10.442646,9.937194,1.010497,1029,1030
2909,-0.000000,-0.000000,-0.000000,9.337573,9.591872,9.083978,0.998227,989,990
4156,0.000305,0.004169,-0.003933,10.016464,10.262840,9.771430,1.000790,979,980
2526,0.003217,0.003095,0.003309,10.380209,10.637332,10.126098,0.998537,986,987
202,0.000000,0.000000,0.000000,10.043007,10.313190,9.768025,0.998181,991,992
5226,0.004388,0.002384,0.002025,11.331683,11.613624,11.054844,1.003030,949,950
3563,0.000000,-0.000000,-0.000000,10.334892,10.572123,10.096579,0.998230,1029,1030
5100,0.004632,-0.000329,0.002331,11.528737,11.841728,11.218649,0.999979,985,986
425,0.001040,-0.002414,0.005007,9.967631,10.224982,9.703605,0.999579,1010,1011
1706,-0.001076,0.004542,-0.003308,10.204258,10.489471,9.923032,0.996098,952,953
4932,-0.000194,-0.002295,0.004899,10.872435,11.157758,10.590419,0.999207,992,993
1856,-0.000000,0.000000,-0.000000,9.892736,10.126112,9.664506,0.998232,1014,1015
2267,-0.004012,0.000154,-0.004101,9.789138,10.062047,9.516013,0.995957,1008,1009
2032,-0.000038,-0.003594,-0.004308,10.020789,10.285143,9.749511,1.001464,1029,1030
4702,0.004702,0.001450,0.001904,11.183412,11.481441,10.888717,0.999077,982,983
5873,0.002730,-0.005018,-0.002270,8.819067,9.050556,8.582983,0.996639,1002,1003
3343,-0.000000,0.000000,0.000000,9.234685,9.456850,9.010226,0.998336,1050,1051
7936,-0.000874,-0.005708,-0.000622,9.571921,9.818826,9.327230,0.997754,1000,1001
7265,0.000000,0.000000,-0.000000,10.113222,10.349809,9.881323,0.998240,1027,1028
911,0.001883,-0.001293,-0.005037,10.138979,10.385411,9.890521,1.000229,1049,1050
7870,0.007272,-0.003417,-0.002943,9.287785,9.531248,9.051355,0.997292,1006,1007
9431,0.000000,0.000000,-0.000000,11.058500,11.347089,10.772998,0.998136,1002,1003
5527,0.008118,-0.004551,0.005659,8.959433,9.184435,8.733260,1.004722,1002,1003
2886,-0.000000,-0.000000,-0.000000,9.721796,9.958151,9.479457,0.998306,1051,1052
4187,0.023718,-0.022104,0.010122,8.106738,8.325720,7.882720,1.022089,1006,1007
3148,-0.001483,-0.004634,0.002055,11.303542,11.616278,10.991405,1.001494,997,998
229,-0.000000,-0.000000,0.000000,9.969438,10.216647,9.721044,0.998231,1016,1017
8527,0.013349,0.017126,0.000838,5.757070,6.110314,5.401202,1.010197,965,966
2010,-0.000000,0.000000,0.000000,9.881357,10.138122,9.619236,0.998324,1069,1070
2536,0.007945,0.000371,-0.001632,10.005401,10.271322,9.744348,0.999423,999,1000
8559,-0.000000,-0.000000,0.000000,8.798242,9.035440,8.566920,0.998312,1016,1017
5901,-0.005865,0.001721,0.000495,9.465923,9.713960,9.221598,1.002372,942,943
3210,-0.000000,-0.000000,0.000000,9.607508,9.878896,9.331850,0.998213,992,993
4550,-0.005094,-0.001199,-0.002738,9.223121,9.437220,9.009222,1.003358,1049,1050
3381,-0.000000,-0.000000,-0.000000,10.451843,10.712349,10.198658,0.998229,1033,1034
8799,0.001615,-0.007540,0.004574,8.790842,9.015672,8.560916,1.000970,1003,1004
6352,0.000000,0.000000,0.000000,10.218698,10.469363,9.962481,0.998198,1007,1008
2085,0.005299,-0.000108,-0.002086,9.945805,10.206415,9.688747,0.997140,1000,1001
593,-0.000000,0.000000,-0.000000,9.959099,10.228352,9.695252,0.998136,964,965
3226,0.000000,0.000000,0.000000,9.962722,10.217397,9.702675,0.998207,1002,1003
5398,0.000000,-0.000000,-0.000000,10.007085,10.274545,9.738668,0.998123,959,960
272,0.005681,-0.000313,0.000275,9.969738,10.229400,9.704014,0.996146,983,984
5343,-0.003209,-0.000487,-0.005172,8.780480,9.017446,8.539452,0.996628,1035,1036
2660,0.004879,-0.001502,0.002037,10.206302,10.464055,9.951648,1.001873,1048,1049
5898,-0.000000,-0.000000,-0.000000,10.098791,10.368208,9.834904,0.998128,965,966
379,0.004593,0.003116,0.001428,9.925577,10.173534,9.676045,0.998090,971,972
653,0.000000,-0.000000,-0.000000,10.043515,10.327165,9.761495,0.998144,971,972
8848,-0.000000,0.000000,0.000000,8.678436,8.895857,8.465526,0.998350,1034,1035
6508,-0.001262,0.001774,0.005523,9.357259,9.589303,9.119882,0.998897,995,996
2539,0.003714,-0.004035,-0.006717,9.526995,9.787087,9.264558,1.000916,965,966
9116,-0.000796,-0.002188,-0.005560,8.893718,9.118395,8.666060,0.999052,1039,1040
8315,0.001372,-0.016002,-0.019128,8.581653,8.817694,8.344203,1.007462,990,991
7828,-0.000000,-0.000000,0.000000,11.637775,11.907026,11.366578,0.998252,1089,1090
2929,-0.004201,-0.013947,0.002461,10.004025,10.288860,9.721318,1.002001,982,983
6525,0.009173,0.010026,0.004476,6.234061,6.568096,5.905114,1.007433,965,966
9996,0.000000,-0.000000,0.000000,7.447802,7.715317,7.181439,0.998327,962,963
6659,0.002397,0.007603,0.001870,10.278714,10.581857,9.984073,1.002615,974,975
57,-0.008264,-0.009147,0.004381,10.344343,10.618444,10.070234,1.010359,1019,1020
8202,-0.004375,0.000805,-0.000166,14.333968,14.834541,13.832258,1.001594,958,959
309,-0.005322,0.000808,0.006093,10.191116,10.455255,9.919154,1.005884,992,993
6601,-0.006275,-0.003742,-0.000108,7.111204,7.402671,6.817842,1.005312,996,997
7251,0.000000,-0.000000,0.000000,12.479658,12.847705,12.105774,0.997930,943,944
1384,0.006966,0.007566,0.014684,10.062016,10.331102,9.797758,1.012602,1028,1029
2303,0.000000,-0.000000,-0.000000,9.397463,9.637063,9.154682,0.998264,1013,1014
384,-0.005216,0.002631,-0.008163,10.201627,10.463013,9.943039,1.000946,997,998
6846,-0.000000,-0.000000,-0.000000,11.553017,11.854932,11.249756,0.998061,979,980
5391,-0.001648,-0.005013,-0.001222,11.210617,11.492793,10.935658,0.999000,948,949
4728,0.000000,-0.000000,0.000000,11.679449,11.968713,11.393540,0.998142,1026,1027
9402,0.004723,0.005634,-0.002001,11.012464,11.297776,10.730974,1.002944,998,999
8634,-0.001146,-0.002008,0.004358,12.302418,12.669566,11.943444,0.995951,986,987
9631,0.000000,0.000000,0.000000,13.653592,14.124486,13.176086,0.997963,990,991
6311,-0.000000,-0.000000,-0.000000,8.455406,8.683310,8.230611,0.998290,988,989
7368,-0.002484,-0.008056,-0.005268,12.900021,13.317681,12.482117,1.000004,974,975
2065,-0.006478,-0.005179,-0.000192,10.287463,10.554884,10.022878,0.999877,960,961
4901,0.000000,-0.000000,-0.000000,9.508630,9.773483,9.241422,0.998227,996,997
2607,0.002063,-0.007474,0.003852,9.535669,9.780584,9.291344,0.996293,943,944
5461,0.005318,-0.000374,-0.005978,10.577985,10.844557,10.311424,1.003915,990,991
7018,-0.004204,-0.005558,-0.006508,4.750157,5.167607,4.333589,1.003647,967,968
6652,-0.000000,-0.000000,0.000000,10.421927,10.719852,10.116374,0.998229,1032,1033
3833,0.002746,0.000373,-0.004818,10.435969,10.768253,10.094733,1.002952,990,991
1188,0.002581,0.012391,-0.012406,9.876725,10.157585,9.603929,1.004710,1046,1047
5127,0.006022,0.002299,0.006683,10.950093,11.243876,10.661594,1.000013,1049,1050
5550,-0.005245,0.001736,-0.000480,10.092384,10.352994,9.826666,0.997959,1033,1034
8536,0.000000,0.000000,-0.000000,14.511749,15.078204,13.960670,0.997924,993,994
5340,0.016859,0.005189,-0.003531,9.706866,9.963313,9.451337,1.001709,1035,1036
1650,0.003211,-0.000728,-0.004749,9.774207,10.012983,9.537524,1.000190,995,996
7896,0.000000,-0.000000,0.000000,14.302686,14.789798,13.811701,0.997893,973,974
6076,-0.006271,-0.004049,-0.002023,10.760754,11.046544,10.480550,1.005377,1019,1020
3597,0.001085,-0.002665,-0.013364,9.392801,9.675891,9.107719,0.997368,1020,1021
3615,0.004456,-0.009932,-0.005066,9.494653,9.752098,9.238358,1.005015,1061,1062
7939,0.000000,0.000000,0.000000,9.345722,9.563170,9.123844,0.998282,1021,1022
8095,-0.000000,0.000000,-0.000000,9.758322,10.003840,9.510380,0.998241,1014,1015
8688,0.000885,0.009249,0.003276,10.839696,11.125140,10.554277,1.002957,963,964
1465,-0.000000,-0.000000,0.000000,9.833748,10.098334,9.566904,0.998250,1022,1023
6655,-0.003018,-0.004090,0.000645,11.013604,11.295635,10.737012,0.994069,1061,1062
2684,-0.000000,-0.000000,0.000000,9.986696,10.272679,9.700322,0.998172,984,985
6623,-0.000053,-0.003707,0.002728,13.461191,13.883745,13.039992,0.997917,985,986
8969,-0.001940,-0.005248,0.002968,8.686849,8.941821,8.437323,0.997114,983,984
6203,0.000000,-0.000000,0.000000,7.052372,7.337130,6.762288,0.998526,1069,1070
9638,0.020919,-0.001207,-0.011148,4.212362,4.665798,3.767962,1.018564,1021,1022
8782,0.002619,0.005604,-0.000280,8.879383,9.118843,8.645780,1.003658,1000,1001
574,-0.002933,-0.002990,0.004018,10.054130,10.308369,9.805422,0.999530,956,957
2964,-0.003861,0.002290,0.003219,10.159477,10.433147,9.882292,0.999412,1031,1032
401,-0.000000,-0.000000,-0.000000,9.945783,10.207261,9.689741,0.998218,1008,1009
5885,0.006446,-0.006462,0.005686,11.105393,11.403005,10.815669,1.003334,1021,1022
623,0.011801,0.000185,-0.006162,10.205535,10.465358,9.946912,1.005982,996,997
7623,-0.005052,-0.004277,0.003005,11.459866,11.732971,11.193395,0.999847,1030,1031
2963,0.003244,0.000854,0.004399,10.162242,10.425472,9.891791,0.999593,1024,1025
4394,0.008701,-0.013737,-0.008365,9.948856,10.216968,9.681590,1.004295,1009,1010
3308,-0.006758,-0.001985,-0.004234,9.981764,10.229654,9.738780,1.001844,982,983
47,0.004591,-0.000103,0.003411,10.020863,10.273654,9.771535,0.999808,989,990
6033,0.002011,-0.001858,-0.004959,9.998554,10.253799,9.747128,0.998386,989,990
9377,-0.000000,-0.000000,0.000000,12.453472,12.813505,12.094263,0.997959,956,957
1900,0.009577,-0.003777,0.012386,10.349908,10.602251,10.100984,1.004324,997,998
4363,0.000000,-0.000000,0.000000,9.981026,10.264181,9.689921,0.998281,1046,1047
5516,-0.004359,0.003941,0.002533,13.782474,14.234745,13.337665,0.999511,1029,1030
6929,0.000000,0.000000,-0.000000,8.395495,8.614945,8.181590,0.998300,991,992
2559,-0.000000,-0.000000,-0.000000,9.898277,10.153568,9.641671,0.998152,970,971
9136,-0.001665,-0.002842,-0.002213,15.966358,16.578843,15.343038,1.001055,1019,1020
1782,0.000000,0.000000,-0.000000,10.217267,10.479405,9.955530,0.998225,1022,1023
4339,0.004764,-0.000637,-0.001801,11.579067,11.893490,11.270010,1.000474,991,992
7303,0.008652,0.004021,-0.003921,9.605716,9.855696,9.353578,1.002944,1034,1035
6139,-0.008413,-0.009328,0.005942,9.330582,9.561626,9.095292,0.999728,1023,1024
2171,-0.003153,-0.001760,-0.004375,10.511350,10.775046,10.244654,1.003345,965,966
4436,-0.006370,-0.003226,0.001813,11.642826,11.921016,11.364010,1.000438,989,990
6613,0.000729,-0.002716,-0.004714,10.377041,10.631606,10.115623,0.998127,1025,1026
3747,-0.004664,-0.001013,-0.003538,9.355464,9.605017,9.107107,1.000050,1015,1016
4952,-0.012685,0.010797,0.000220,8.488812,8.721007,8.250540,1.000606,1007,1008
8379,0.003725,0.003457,-0.001170,10.737557,10.999184,10.476548,0.999931,1083,1084
7441,0.000000,-0.000000,0.000000,7.426143,7.701735,7.155294,0.998306,949,950
1121,-0.000000,0.000000,-0.000000,10.046173,10.318856,9.777305,0.998253,1032,1033
702,-0.005871,0.003975,0.004321,10.201797,10.487342,9.924409,1.002517,963,964
9585,-0.000699,-0.000197,-0.003504,18.954394,19.814528,18.072001,0.997120,978,979
8922,0.001147,-0.009658,0.006427,8.252439,8.476123,8.024413,1.004357,992,993
5336,-0.004811,0.002051,0.000436,11.171485,11.453012,10.895751,0.998496,997,998
128,0.000000,0.000000,-0.000000,9.941607,10.187196,9.696953,0.998273,1040,1041
6126,-0.005345,0.010137,-0.003296,7.774202,8.002129,7.543159,1.003698,1019,1020
77,0.005565,0.001661,0.000431,9.978788,10.262111,9.698724,0.996363,951,952
7347,0.000000,0.000000,-0.000000,8.349812,8.559588,8.134640,0.998360,1025,1026
5129,0.006534,0.003484,-0.005869,10.892602,11.193178,10.584092,1.002573,1028,1029
2260,0.001685,0.004868,-0.008417,10.424843,10.704042,10.146318,1.004782,978,979
6682,0.000267,0.003758,-0.004100,10.508450,10.795387,10.217232,0.998757,966,967
9086,-0.004650,-0.010129,-0.004262,7.698330,7.936805,7.466009,1.008969,1031,1032
5859,0.000000,-0.000000,0.000000,8.407806,8.616819,8.202794,0.998423,1069,1070
5427,0.005561,-0.004250,0.010892,8.583893,8.822590,8.341210,1.006364,1041,1042
282,-0.004535,-0.002279,-0.002358,10.063133,10.317912,9.815534,1.001479,1027,1028
4061,0.000000,0.000000,0.000000,10.157533,10.458565,9.853985,0.998162,985,986
5083,0.017390,0.000210,-0.003801,8.261203,8.487821,8.040409,1.003411,1012,1013
2799,0.024448,-0.012941,0.016575,9.520154,9.755802,9.280547,1.015991,980,981
9118,0.000000,-0.000000,-0.000000,10.669213,10.928295,10.405810,0.998119,980,981
2080,-0.000000,-0.000000,-0.000000,10.034225,10.269176,9.799758,0.998261,1036,1037
5384,-0.000000,0.000000,0.000000,6.753635,7.058285,6.455765,0.998412,976,977
1971,0.000376,-0.002916,0.004891,10.169918,10.464018,9.877222,1.002686,953,954
2748,0.003240,-0.017061,-0.003212,9.208899,9.448769,8.967004,1.010120,1022,1023
9908,-0.016724,-0.005393,-0.001487,3.027746,3.535573,2.510909,1.013801,1018,1019
4755,0.000000,-0.000000,0.000000,9.565936,9.839037,9.295742,0.998203,985,986
2230,0.000000,0.000000,-0.000000,10.378748,10.681917,10.067399,0.998125,973,974
2867,-0.005258,0.002071,-0.000014,9.783869,10.031065,9.537131,0.999368,1035,1036
7375,0.000000,0.000000,-0.000000,10.901891,11.186882,10.615298,0.998185,1024,1025
4142,0.001659,0.004741,-0.010051,12.918560,13.330744,12.511389,1.005416,1016,1017
6653,-0.004265,-0.001413,-0.002156,12.144759,12.475498,11.810147,0.997938,976,977
8655,-0.007045,-0.001714,-0.000941,11.468700,11.759615,11.184627,0.999677,1011,1012
6283,-0.000000,0.000000,0.000000,7.983110,8.204836,7.765731,0.998357,1006,1007
1071,-0.002410,-0.004949,0.001739,10.115489,10.382782,9.855091,1.002859,957,958
5269,-0.000781,0.004768,-0.003468,9.485857,9.732198,9.242271,0.997177,974,975
2588,-0.005032,-0.008876,-0.005531,10.421719,10.714680,10.130938,1.005185,980,981
4760,-0.003251,-0.004936,0.000060,9.384245,9.629662,9.133323,0.998172,989,990
4451,0.000000,0.000000,0.000000,11.173848,11.484589,10.865415,0.998069,971,972
8143,0.002985,0.005220,0.000995,8.795741,9.014493,8.581490,1.002222,1051,1052
7862,-0.004418,-0.002963,0.003197,9.219068,9.466562,8.971281,0.996150,934,935
2995,-0.006913,-0.001528,0.004436,9.716401,9.985815,9.449688,1.001022,995,996
2661,0.009490,0.007599,-0.009919,9.906523,10.165837,9.650455,1.007742,1045,1046
6415,0.004571,0.011987,0.012584,9.284336,9.515124,9.049552,1.006818,983,984
5722,0.001465,0.004520,-0.002065,11.324637,11.610276,11.043605,0.995796,1014,1015
9467,0.000000,-0.000000,0.000000,12.768972,13.131742,12.407394,0.997979,974,975
1754,-0.003142,-0.003883,-0.002436,10.194401,10.467377,9.926078,0.999549,1021,1022
5835,-0.001268,0.008967,0.001183,11.867683,12.173172,11.564748,1.001754,989,990
8445,0.000000,0.000000,-0.000000,16.050549,16.751754,15.368865,0.997789,966,967
6564,-0.000000,0.000000,0.000000,11.260742,11.534961,10.991418,0.998081,980,981
100,-0.000000,-0.000000,0.000000,9.965555,10.242224,9.695683,0.998186,991,992
6094,-0.001303,-0.006641,-0.004742,9.935044,10.196960,9.678806,1.000177,975,976
8274,0.001358,0.005970,0.000855,8.549134,8.767543,8.329745,0.994370,1032,1033
7809,0.000000,0.000000,-0.000000,10.911830,11.205613,10.618431,0.998076,966,967
8984,-0.000000,-0.000000,-0.000000,10.763358,11.038101,10.485608,0.998194,1024,1025
4379,-0.012798,0.003603,-0.003618,11.464311,11.758587,11.176141,1.001002,978,979
7934,0.002919,0.003162,0.001963,12.859261,13.260718,12.457353,1.001637,1002,1003
6153,-0.004101,0.015468,0.006123,9.316985,9.555055,9.076335,1.012256,984,985
4106,-0.000000,0.000000,-0.000000,10.537448,10.807721,10.270994,0.998147,990,991
4777,0.003594,0.003944,-0.000138,10.857918,11.123619,10.587748,0.999687,1005,1006
115,0.018364,-0.003125,0.006386,9.888728,10.164625,9.607298,1.012247,968,969
1213,0.005276,0.001062,0.001775,10.059478,10.318593,9.796188,1.000259,984,985
130,-0.001897,0.005274,0.000435,9.956321,10.213524,9.702526,0.994177,1020,1021
7856,-0.003452,-0.004836,0.014797,7.487163,7.746746,7.232580,1.004894,1040,1041
3726,0.000000,-0.000000,-0.000000,10.130827,10.387199,9.870623,0.998319,1076,1077
8311,-0.000000,-0.000000,0.000000,3.917004,4.385525,3.461107,0.998777,1025,1026
9784,-0.860403,-0.135943,0.491147,1.000001,1.612001,1.000001,1.998352,1047,1048
7709,0.000284,0.004411,-0.003200,10.491893,10.764708,10.211896,1.003380,1012,1013
2966,0.002167,-0.002670,0.004456,10.346599,10.617536,10.073080,1.000496,961,962
7773,0.004281,-0.004014,-0.003697,12.332633,12.646271,12.017087,0.996825,1011,1012
7648,0.004856,0.001843,0.003899,8.414341,8.648623,8.177255,1.002860,982,983
36,-0.002931,0.004187,0.002168,10.086406,10.337859,9.834203,0.994740,1034,1035
9640,-0.004253,0.004263,-0.000596,9.140168,9.403740,8.869387,0.998439,1009,1010
171,0.007498,-0.002991,0.001058,10.115867,10.375282,9.854461,1.002999,995,996
45,0.004600,-0.002087,-0.006288,10.147732,10.388179,9.902192,1.002105,1019,1020
9847,0.000757,-0.003926,0.000220,16.717558,17.402360,16.045593,1.000751,953,954
6921,-0.000000,0.000000,0.000000,11.478311,11.783575,11.174611,0.998112,1003,1004
2427,0.000000,0.000000,0.000000,9.958381,10.250115,9.670552,0.998259,1032,1033
5140,-0.000000,-0.000000,0.000000,8.032387,8.257307,7.801526,0.998283,965,966
143,-0.000000,-0.000000,0.000000,9.934784,10.203621,9.658390,0.998224,1011,1012
8480,-0.000000,-0.000000,-0.000000,11.283615,11.559982,11.010844,0.998091,986,987
5797,0.002772,-0.004168,0.001614,10.698075,10.964876,10.430909,0.997484,1042,1043
1097,0.000367,0.005062,0.002439,10.173170,10.433084,9.918916,1.000291,987,988
9720,-0.005275,0.000128,-0.006980,12.207034,12.556029,11.857997,1.002607,1004,1005
413,-0.000000,-0.000000,0.000000,10.002733,10.271598,9.730656,0.998202,1001,1002
9415,0.000001,0.002465,-0.003849,14.056214,14.538379,13.567908,0.999325,943,944
8838,-0.000000,0.000000,-0.000000,14.146658,14.659590,13.636135,0.997962,1002,1003
5869,0.003245,-0.006587,-0.003414,13.288921,13.707228,12.858435,0.997440,1032,1033
4021,0.001595,0.000634,-0.011105,11.079463,11.380427,10.778106,1.002518,960,961
9360,-0.007367,0.009345,-0.007505,9.330358,9.600991,9.060962,1.004460,994,995
3505,-0.007856,0.002288,-0.009432,9.327580,9.588375,9.069360,1.002305,979,980
6297,-0.000000,-0.000000,-0.000000,10.429574,10.679193,10.172688,0.998196,1013,1014
7978,-0.004788,-0.001984,0.001625,10.757379,11.026521,10.490795,0.998624,983,984
412,-0.000204,-0.003816,0.004032,10.040309,10.301695,9.785715,1.003573,1036,1037
792,-0.000000,-0.000000,0.000000,9.971777,10.244180,9.703582,0.998162,978,979
4723,-0.000822,0.005805,0.001120,9.546237,9.798571,9.297124,1.003060,968,969
6140,0.000000,0.000000,-0.000000,10.465439,10.706463,10.218249,0.998304,1079,1080
6808,-0.000000,0.000000,0.000000,10.469483,10.728629,10.212589,0.998250,1046,1047
4892,-0.000000,-0.000000,0.000000,9.902422,10.160473,9.638682,0.998219,1007,1008
5994,0.006773,-0.002287,-0.003198,11.494702,11.816715,11.174625,1.003351,938,939
7409,0.003579,0.001232,0.005846,7.537955,7.797928,7.284312,0.998665,986,987
106,-0.000000,-0.000000,0.000000,10.017583,10.272007,9.765362,0.998188,994,995
5741,-0.002674,0.007712,-0.005338,10.536971,10.804149,10.271405,0.998976,1008,1009
903,-0.000797,-0.007956,0.002154,10.089577,10.348578,9.825610,1.000253,966,967
4374,-0.000000,0.000000,-0.000000,8.032415,8.270844,7.798624,0.998269,957,958
2913,-0.000000,-0.000000,0.000000,10.310408,10.578834,10.046415,0.998147,982,983
9458,0.005983,-0.004384,0.000149,19.002171,19.860768,18.141455,0.999054,976,977
9131,-0.017132,0.017921,-0.015188,11.193484,11.503790,10.890688,1.012535,995,996
5660,0.005921,-0.001181,-0.004460,11.599032,11.915314,11.281608,1.000571,948,949
906,-0.002204,0.003152,-0.007139,9.912561,10.197906,9.631968,0.998923,1001,1002
8889,0.004247,-0.001829,-0.000879,13.262183,13.694854,12.822458,0.994257,958,959
8169,-0.000000,-0.000000,-0.000000,8.651466,8.866908,8.430546,0.998301,1003,1004
1199,-0.000000,-0.000000,-0.000000,9.926069,10.165089,9.686720,0.998242,1021,1022
8912,0.004472,-0.001658,0.001210,12.130041,12.430035,11.833492,1.002270,1012,1013
8964,0.000000,-0.000000,0.000000,10.475220,10.752499,10.203434,0.998145,987,988
861,-0.002862,-0.004830,0.000647,9.906011,10.150919,9.663172,0.995569,1012,1013
4468,-0.004882,-0.000958,-0.003064,9.670316,9.922628,9.413974,1.002872,1010,1011
6588,0.000000,0.000000,-0.000000,9.585575,9.833564,9.336537,0.998265,1021,1022
9384,0.000000,0.000000,-0.000000,4.103041,4.557054,3.656518,0.998683,969,970
3442,-0.005596,0.001973,0.005094,10.743072,11.040287,10.451478,1.001681,991,992
7735,-0.000000,0.000000,-0.000000,11.674530,11.958536,11.395053,0.998079,992,993
1905,0.014109,-0.004786,0.002053,10.508739,10.799860,10.223930,1.011949,950,951
5814,0.003478,0.000992,0.002927,13.129682,13.522553,12.737197,0.998700,1010,1011
5829,-0.000000,-0.000000,0.000000,10.016354,10.269558,9.763112,0.998146,971,972
73,0.001385,0.007450,0.001972,10.092681,10.353141,9.828125,1.001881,1067,1068
3069,-0.000659,-0.002547,-0.005597,9.302535,9.547367,9.052960,1.004256,961,962
3242,-0.005113,-0.000948,0.000683,10.827942,11.143374,10.518714,1.001595,1042,1043
8277,-0.000000,-0.000000,-0.000000,10.388647,10.656836,10.113139,0.998283,1063,1064
1973,-0.016095,0.024776,-0.010306,10.271266,10.539179,10.002720,1.019300,1022,1023
9281,0.003179,-0.000292,-0.002889,14.653667,15.200849,14.109313,1.000856,997,998
8645,0.004166,0.005975,-0.005677,8.456829,8.691813,8.227278,1.002881,1009,1010
5075,-0.000000,0.000000,0.000000,8.616631,8.831596,8.398095,0.998266,981,982
7676,-0.004715,-0.000325,-0.003060,10.222024,10.509982,9.938363,0.997659,983,984
3824,0.000000,-0.000000,-0.000000,10.268978,10.526075,10.009218,0.998183,1000,1001
5491,-0.000153,0.004438,0.003948,9.362439,9.604944,9.116595,1.002130,1013,1014
1598,0.005655,-0.011996,0.007555,10.221033,10.489109,9.950444,1.009637,930,931
9522,0.005833,-0.006789,0.006189,13.075402,13.460181,12.696245,1.006502,1022,1023
884,-0.011401,-0.006956,0.000077,9.833746,10.100170,9.573722,0.999150,985,986
40,0.000806,-0.005514,0.000490,10.028409,10.313612,9.746554,1.003390,1023,1024
8642,-0.005233,0.001583,-0.002486,9.170080,9.401581,8.932023,0.997254,1016,1017
4948,-0.008863,-0.005913,-0.002267,9.108562,9.358298,8.855131,1.002557,1025,1026
2980,-0.004265,-0.003282,-0.001682,10.139282,10.401471,9.881026,1.001529,1010,1011
8387,-0.002805,-0.004526,-0.005050,11.721681,12.025592,11.422883,0.997188,1011,1012
7022,-0.000000,-0.000000,0.000000,13.847686,14.371456,13.317346,0.997927,978,979
1124,0.000000,-0.000000,0.000000,9.713279,9.974014,9.445313,0.998159,967,968
3045,-0.000000,0.000000,0.000000,11.329237,11.652141,11.009652,0.998053,968,969
2499,-0.012281,0.006026,-0.013943,9.562114,9.807054,9.316849,1.008856,992,993
9645,0.002836,-0.003937,0.003018,9.683179,9.935074,9.427427,0.998691,1012,1013
13,-0.000000,-0.000000,0.000000,9.973654,10.254326,9.688838,0.998139,966,967
8007,0.003120,-0.002333,0.003926,10.617076,10.940682,10.289147,0.994240,950,951
9714,-0.004435,0.000619,-0.000749,13.221187,13.630459,12.802032,0.999396,1037,1038
7370,0.000000,0.000000,-0.000000,13.159165,13.544367,12.766893,0.997982,986,987
2022,0.000000,-0.000000,0.000000,10.586182,10.860402,10.310759,0.998117,976,977
7752,0.001823,-0.003504,-0.011782,12.820153,13.187747,12.450445,1.001351,988,989
5232,0.003481,0.011380,-0.011673,11.123354,11.410989,10.831079,1.006082,955,956
8901,0.004215,-0.003571,0.008159,4.339047,4.774924,3.895455,1.006121,1026,1027
6893,0.000000,-0.000000,-0.000000,9.292789,9.530292,9.059777,0.998153,948,949
2818,0.002093,-0.003216,-0.004443,9.890807,10.155035,9.634187,0.997721,936,937
2956,0.000000,0.000000,0.000000,10.560684,10.824646,10.298419,0.998147,991,992
749,0.006060,-0.005276,0.001317,10.008719,10.283508,9.727331,0.997251,994,995
6294,0.000000,-0.000000,-0.000000,12.964293,13.357534,12.578311,0.997957,969,970
9511,-0.007414,-0.005258,0.002156,4.793099,5.210094,4.364085,0.998621,997,998
7938,-0.000507,0.001791,0.008311,9.118129,9.359794,8.873943,0.997660,1042,1043
2740,0.004598,-0.001644,-0.002909,10.024543,10.305753,9.741505,0.999356,1003,1004
1472,0.000000,0.000000,0.000000,9.985385,10.256003,9.719166,0.998191,994,995
4835,-0.006028,0.004154,0.003282,9.961163,10.207901,9.712767,1.002081,1048,1049
8216,0.024606,0.003239,-0.006611,5.405349,5.786131,5.019974,1.014294,1020,1021
6266,0.000000,-0.000000,-0.000000,9.804578,10.059264,9.556664,0.998098,939,940
2030,-0.000000,-0.000000,-0.000000,10.343951,10.625048,10.066327,0.998096,957,958
4620,-0.000000,-0.000000,-0.000000,9.948147,10.199306,9.702236,0.998165,979,980
7881,-0.010326,-0.008008,0.009284,6.095085,6.426008,5.759291,1.005305,1037,1038
4188,0.000467,0.005477,-0.001809,9.668187,9.929101,9.406764,0.993069,995,996
554,0.000000,0.000000,0.000000,10.022263,10.260384,9.786955,0.998231,1018,1019
3496,-0.002329,0.019795,0.001681,9.330403,9.574389,9.092418,0.997098,980,981
1138,-0.005070,0.000400,0.010536,9.905009,10.171776,9.636348,1.005771,1024,1025
9606,-0.000000,0.000000,0.000000,8.095741,8.337642,7.860560,0.998294,974,975
1825,-0.005214,-0.000397,-0.002172,10.045475,10.321065,9.767593,0.998868,988,989
2836,-0.000012,-0.003666,-0.004169,10.186910,10.465210,9.912472,1.001573,1019,1020
9114,-0.000000,-0.000000,0.000000,17.131836,17.871176,16.408772,0.997854,1018,1019
9856,0.000000,-0.000000,-0.000000,8.358625,8.596047,8.127898,0.998306,993,994
5642,-0.006060,0.007667,0.002366,10.878939,11.191105,10.558143,1.005968,940,941
7529,0.000000,0.000000,-0.000000,11.114964,11.455248,10.769504,0.998098,984,985
5657,-0.002878,-0.004937,0.000654,9.958649,10.204949,9.712969,1.002047,995,996
4194,-0.008272,-0.011301,0.002211,12.015300,12.347381,11.692655,1.009256,1042,1043
3094,-0.002325,-0.002527,0.003942,11.273483,11.550652,10.999832,1.001083,983,984
6427,0.000241,-0.004850,-0.000765,12.140276,12.453767,11.826488,0.999049,1002,1003
7123,-0.004763,0.001076,-0.002751,10.119601,10.386952,9.856355,0.999375,1013,1014
2388,-0.005025,-0.007987,-0.001576,10.916565,11.188544,10.648985,1.004235,1051,1052
3570,-0.004616,-0.001221,-0.003319,10.300384,10.583479,10.022214,1.000752,917,918
4958,0.001868,0.007474,-0.003713,9.469516,9.724559,9.216789,1.001132,980,981
9205,0.005062,0.001071,-0.004776,7.036850,7.311874,6.754580,1.000155,1053,1054
8738,0.001956,0.001495,0.005703,9.123603,9.358824,8.882722,1.001922,951,952
2404,0.004824,-0.002033,-0.002206,10.564937,10.831029,10.293940,1.003424,950,951
5987,0.001223,-0.005066,-0.001630,10.495751,10.779043,10.216472,0.996410,999,1000
8000,0.000000,0.000000,-0.000000,8.097016,8.323386,7.867347,0.998396,1036,1037
8057,-0.000000,-0.000000,-0.000000,8.796543,9.033080,8.565942,0.998307,1013,1014
6879,-0.000353,0.002659,-0.005453,9.002360,9.234439,8.766053,1.003696,1016,1017
5352,-0.009579,-0.006273,0.003234,11.706549,12.009791,11.400513,1.000744,1017,1018
1592,0.001305,0.005010,-0.002841,9.881026,10.150756,9.611381,1.000535,953,954
2630,-0.003060,-0.001267,-0.004806,9.739577,10.002909,9.469270,1.002798,1008,1009
3101,-0.000000,0.000000,-0.000000,9.865102,10.143275,9.579004,0.998255,1026,1027
189,0.000000,0.000000,0.000000,9.999976,10.286754,9.715104,0.998141,968,969
2824,-0.000609,-0.007502,-0.001698,10.672258,10.942813,10.397871,0.997422,991,992
7364,-0.001870,0.001794,-0.003817,13.721892,14.175724,13.279985,0.994965,945,946
7515,-0.004818,-0.001771,0.010112,10.176682,10.428980,9.928047,1.007272,1046,1047
1350,0.000000,-0.000000,-0.000000,9.923280,10.192559,9.661566,0.998268,1036,1037
1481,-0.000000,0.000000,0.000000,10.002874,10.275346,9.737923,0.998167,982,983
5411,-0.004928,0.001373,0.002272,9.805884,10.074388,9.542818,0.999754,1053,1054
3855,-0.002873,0.004013,-0.003115,9.893127,10.140223,9.648588,0.998326,965,966
4523,-0.007854,0.008697,0.006845,9.882471,10.150328,9.620271,1.004769,973,974
3223,-0.006019,0.001670,-0.000567,9.003567,9.245113,8.758229,1.000612,958,959
8532,-0.000000,0.000000,0.000000,8.594809,8.814957,8.375154,0.998320,1012,1013
3469,0.005560,0.003059,-0.006172,9.044765,9.266521,8.820867,1.003335,993,994
2290,-0.000000,-0.000000,0.000000,10.904501,11.187146,10.626056,0.998153,1006,1007
9577,0.000420,0.004642,0.000770,13.731230,14.182166,13.290669,1.000268,928,929
1004,0.007717,-0.006117,0.001935,10.113180,10.387270,9.843112,1.003914,1012,1013
5776,-0.002762,0.004370,0.009359,9.197366,9.443347,8.954835,1.000282,996,997
5052,-0.000443,-0.007314,0.009230,11.866077,12.157506,11.580667,1.004030,996,997
4027,-0.000000,0.000000,0.000000,10.763792,11.046755,10.483153,0.998215,1036,1037
2372,0.002518,0.000273,-0.005118,9.743890,10.012274,9.468583,1.000496,1024,1025
1568,0.000000,0.000000,0.000000,10.007680,10.273862,9.737970,0.998146,971,972
3031,0.000000,-0.000000,0.000000,10.533352,10.822026,10.249474,0.998243,1044,1045
1277,-0.001915,0.002696,0.004589,10.091994,10.371339,9.809447,0.997304,980,981
8615,0.008023,-0.024152,0.001870,10.904580,11.174467,10.632403,1.010103,1075,1076
9636,-0.000000,-0.000000,-0.000000,13.165971,13.565099,12.767642,0.997977,984,985
3986,-0.000905,-0.003696,-0.004621,9.328232,9.568573,9.082539,1.000723,995,996
3682,0.004428,0.000986,-0.003950,9.311832,9.561453,9.057424,0.996492,987,988
7999,0.000000,0.000000,0.000000,7.623347,7.868308,7.381882,0.998355,987,988
4642,-0.000000,0.000000,-0.000000,11.066920,11.360480,10.780539,0.998186,1030,1031
1616,-0.001005,0.004632,0.003106,9.875478,10.129283,9.621641,1.000080,1023,1024
5333,-0.007954,-0.002975,-0.005106,10.718542,10.964666,10.468420,1.005463,1011,1012
6854,-0.000000,0.000000,-0.000000,8.696194,8.919524,8.467690,0.998240,970,971
3964,0.003546,-0.004250,0.000838,10.294124,10.566703,10.024784,0.998675,1001,1002
1179,0.003778,-0.014709,-0.014840,10.209126,10.465086,9.956572,1.017728,1032,1033
1331,0.005482,-0.000305,-0.000972,9.960046,10.250371,9.667972,1.000329,1025,1026
9768,0.006463,-0.018823,0.017030,2.137402,2.704995,1.634169,1.016554,996,997
6231,-0.000000,-0.000000,0.000000,9.009965,9.252955,8.770754,0.998182,952,953
5349,0.003408,0.001564,0.003709,11.194494,11.498220,10.895828,0.995215,979,980
4108,-0.000000,-0.000000,0.000000,10.911909,11.236177,10.589418,0.998126,992,993
3587,-0.002905,0.002717,0.003736,10.630516,10.896423,10.360969,1.003162,987,988
786,-0.004092,0.001231,0.003602,10.049253,10.292799,9.807909,1.002839,1024,1025
441,-0.008679,0.000446,-0.007930,9.789867,10.045614,9.538056,0.996323,998,999
7190,0.003626,0.001284,0.004005,10.238789,10.505256,9.973481,0.998579,1015,1016
5006,-0.010774,0.008417,0.006036,10.191956,10.459985,9.922407,1.004552,922,923
2320,0.000000,0.000000,0.000000,10.046560,10.337491,9.751883,0.998208,1006,1007
2052,0.005888,0.002485,-0.009642,10.167324,10.443150,9.890117,1.007952,1017,1018
3388,0.002292,0.007047,-0.002445,10.708061,10.975343,10.436020,1.001768,987,988
2179,-0.016693,-0.005602,-0.004665,9.811933,10.061627,9.562729,1.001470,1042,1043
5073,0.003349,0.002736,-0.003173,10.778341,11.049663,10.503391,1.001458,1014,1015
578,0.000000,-0.000000,-0.000000,9.980812,10.247258,9.716293,0.998075,934,935
4073,0.004046,0.004327,-0.001925,9.268755,9.515224,9.024984,1.003914,949,950
4329,-0.007075,-0.001752,-0.000827,11.614975,11.942880,11.291692,1.002495,1009,1010
2557,0.003549,-0.004758,0.005455,9.975445,10.231159,9.718827,1.003219,1010,1011
7996,0.000000,0.000000,0.000000,9.712023,9.959114,9.465864,0.998186,981,982
8453,0.000000,-0.000000,0.000000,10.498998,10.762322,10.235932,0.998245,1044,1045
5977,0.005097,0.009974,-0.000054,10.374265,10.654105,10.087976,1.001550,1042,1043
2219,0.002619,-0.001926,0.004571,10.183384,10.468617,9.900774,0.999051,997,998
4750,0.005886,0.008869,0.000274,9.317235,9.558796,9.082015,1.002502,982,983
4611,-0.000000,-0.000000,-0.000000,10.563580,10.833431,10.292753,0.998069,951,952
1845,-0.000000,-0.000000,-0.000000,9.706832,9.949502,9.465577,0.998231,1006,1007
7322,-0.000017,0.001884,-0.005601,9.309962,9.561904,9.061870,0.998317,1014,1015
8943,0.005735,-0.001594,-0.002659,8.137238,8.363081,7.906951,1.000313,1019,1020
765,0.004010,-0.000550,0.004040,9.999843,10.262048,9.738376,1.000838,977,978
6949,-0.000611,-0.002530,-0.005427,9.274082,9.527296,9.023135,0.998911,964,965
9582,-0.000000,0.000000,-0.000000,13.035721,13.418563,12.643688,0.998130,1061,1062
2575,-0.007490,0.001084,-0.003208,10.084353,10.332753,9.828879,0.996906,987,988
4630,-0.000000,0.000000,-0.000000,9.595811,9.853954,9.339728,0.998205,987,988
8952,-0.004950,0.002296,-0.000899,10.550920,10.852693,10.257343,1.000826,995,996
7175,0.000000,0.000000,0.000000,8.316159,8.539017,8.088990,0.998397,1047,1048
3428,0.013316,-0.011455,-0.007692,11.113355,11.386041,10.843862,1.006635,987,988
8976,-0.000000,0.000000,0.000000,15.058799,15.640332,14.470995,0.997953,1020,1021
7825,-0.001407,-0.004113,-0.002339,11.942192,12.234946,11.655169,0.995530,1018,1019
4838,-0.003511,-0.000383,-0.004580,9.696767,9.953003,9.445274,1.000865,1009,1010
8149,0.002995,0.007764,0.001479,9.177829,9.393388,8.957553,1.003385,1053,1054
4796,0.005232,0.000919,-0.000416,10.676778,10.949839,10.409933,1.003256,1035,1036
5831,-0.002106,-0.002053,-0.003333,13.719634,14.153069,13.273291,0.996582,1022,1023
3698,0.000000,-0.000000,-0.000000,9.421370,9.668128,9.171420,0.998264,1014,1015
689,0.006940,0.003257,0.008498,9.946560,10.204749,9.691357,0.998703,1052,1053
2479,-0.004789,-0.006529,0.005663,9.970059,10.249000,9.694651,1.002548,1032,1033
9711,-0.000000,-0.000000,-0.000000,8.381942,8.604149,8.156186,0.998280,979,980
6823,-0.002076,0.000629,0.019152,11.207796,11.489553,10.923113,1.013280,1000,1001
5664,0.000000,-0.000000,0.000000,11.111398,11.380906,10.839332,0.998185,1031,1032
4,0.001971,0.008588,-0.007834,10.244654,10.534430,9.952553,1.007270,993,994
3757,-0.003054,-0.008994,-0.000929,10.511001,10.768449,10.250481,0.995596,1022,1023
2238,0.005296,-0.004546,-0.004479,9.778305,10.052087,9.499645,1.001351,1023,1024
6507,-0.000020,-0.004439,-0.000453,13.404878,13.805159,12.999082,0.999466,1052,1053
8792,0.005889,0.000952,-0.001396,9.101636,9.345001,8.851161,0.998090,970,971
7839,-0.026247,-0.010282,0.009873,9.742714,9.998404,9.485475,1.011742,1024,1025
8921,0.007555,0.000951,0.001888,6.294156,6.629593,5.963350,0.996959,989,990
5665,0.000000,0.000000,-0.000000,7.901300,8.134763,7.673540,0.998387,1021,1022
332,-0.000000,0.000000,-0.000000,9.963160,10.245054,9.684395,0.998068,930,931
3638,0.000000,-0.000000,-0.000000,9.491767,9.721505,9.265572,0.998327,1055,1056
4076,0.006036,-0.005077,-0.004320,8.916879,9.148713,8.679467,1.004460,975,976
8853,0.002669,-0.000801,0.003701,13.015173,13.390365,12.633242,1.002025,1027,1028
299,0.000000,-0.000000,0.000000,9.948588,10.210302,9.692324,0.998222,1010,1011
3410,0.002048,-0.005033,-0.006005,9.971003,10.226635,9.708403,0.995995,1002,1003
9291,0.000000,0.000000,0.000000,8.048759,8.288730,7.811818,0.998373,1019,1020
2173,0.000000,0.000000,0.000000,9.974337,10.226281,9.718620,0.998236,1019,1020
5024,0.000000,0.000000,-0.000000,10.713187,10.979195,10.442259,0.998167,1007,1008
6803,0.006089,-0.010312,-0.005416,11.642798,11.942800,11.343741,1.009480,1010,1011
2001,0.001922,-0.004269,0.003881,9.519435,9.764236,9.268460,1.003818,946,947
3366,0.000000,-0.000000,0.000000,11.211038,11.499862,10.922195,0.998024,950,951
5785,-0.000000,-0.000000,-0.000000,10.895726,11.190649,10.598736,0.998164,1012,1013
5124,-0.001621,0.005024,0.003155,8.738300,8.979363,8.496746,0.997058,1025,1026
4742,-0.000853,-0.001235,0.005525,9.573825,9.824142,9.327249,0.999756,1031,1032
914,0.002490,-0.006182,-0.004922,10.302999,10.601047,9.997112,1.002612,961,962
3105,0.015954,-0.001489,-0.011008,10.421695,10.683884,10.156136,1.011671,1028,1029
2727,0.005629,-0.001260,0.000978,9.513025,9.742570,9.278647,1.001442,1011,1012
50,0.005282,-0.000904,-0.001710,10.013604,10.265098,9.759436,1.000429,1016,1017
2848,0.009286,-0.001406,-0.003852,10.330437,10.633771,10.035331,1.006325,960,961
2916,-0.027942,-0.000620,0.021009,9.682631,9.958128,9.409639,1.025320,980,981
7740,0.001750,0.005090,0.006292,13.577529,14.023161,13.137806,0.997641,979,980
3477,-0.008761,-0.000044,0.019141,9.428757,9.661009,9.202780,1.013686,1017,1018
2283,0.004947,0.002584,-0.001163,10.412000,10.680056,10.141802,0.999051,942,943
2747,0.000000,-0.000000,0.000000,10.192216,10.459650,9.927370,0.998200,1007,1008
6657,0.000000,-0.000000,-0.000000,11.160273,11.464039,10.859284,0.998008,941,942
6761,0.008881,-0.000080,0.005580,9.334238,9.577797,9.088040,0.999921,1019,1020
8946,0.000000,0.000000,-0.000000,15.357233,15.942358,14.787843,0.997863,984,985
3992,-0.011319,-0.006083,-0.003240,10.236753,10.515496,9.960814,0.998950,975,976
7141,-0.003023,0.003362,0.002803,11.275970,11.585224,10.973084,1.000228,966,967
2185,0.003963,0.003633,-0.001333,10.098575,10.355612,9.842483,1.000613,1037,1038
8563,-0.000839,0.000635,0.004909,12.156884,12.522978,11.792925,1.000763,972,973
8382,0.001075,0.004773,-0.004804,7.905384,8.150661,7.665121,1.000565,949,950
7769,-0.000000,0.000000,0.000000,11.586275,11.898175,11.275956,0.998096,998,999
3629,0.011332,-0.004423,-0.004484,9.667623,9.892764,9.440868,1.002591,1076,1077
5404,-0.000000,0.000000,0.000000,9.520670,9.800723,9.242814,0.998254,1012,1013
686,-0.002951,0.004406,0.006255,10.363973,10.639892,10.081934,1.006230,982,983
5296,0.004313,0.002389,0.004133,8.341372,8.557968,8.118849,1.000772,994,995
913,0.001088,-0.006564,-0.004758,10.153620,10.427601,9.875458,1.000436,989,990
3903,0.005316,-0.011957,0.000798,10.159789,10.410020,9.910458,1.007411,1006,1007
9974,0.005730,-0.018864,-0.004209,8.575963,8.786130,8.371279,1.009654,992,993
7876,-0.005447,0.000514,-0.002733,9.119101,9.358591,8.884322,1.002393,982,983
4216,-0.000000,0.000000,0.000000,9.205682,9.446622,8.962491,0.998349,1057,1058
3918,-0.001557,0.003810,-0.003521,10.545467,10.839985,10.259243,1.000150,1013,1014
3754,-0.003033,-0.000699,0.004894,10.018161,10.269123,9.763005,0.999104,951,952
2078,0.000000,0.000000,0.000000,9.575648,9.816396,9.333833,0.998252,1013,1014
5705,-0.004627,0.000566,0.006216,10.879305,11.163084,10.603261,1.000623,992,993
9836,0.000000,0.000000,-0.000000,11.664616,11.978200,11.352507,0.998080,992,993
3112,0.000000,-0.000000,-0.000000,9.320356,9.567478,9.080347,0.998219,984,985
5503,-0.008818,-0.020290,0.009149,11.199765,11.500896,10.898036,1.006293,1021,1022
3017,-0.005989,0.009944,-0.007261,9.892482,10.146861,9.643603,1.004713,962,963
9806,-0.000000,-0.000000,0.000000,11.534959,11.813836,11.247854,0.998105,1001,1002
1966,-0.000000,0.000000,0.000000,10.015136,10.268125,9.762104,0.998199,1000,1001
6425,0.000000,-0.000000,0.000000,9.440938,9.680222,9.207374,0.998216,987,988
4314,-0.003341,-0.003240,-0.008548,11.005064,11.287388,10.719966,1.003534,957,958
316,0.002492,-0.005118,-0.000475,10.216795,10.491887,9.944383,1.001236,970,971
266,0.000000,-0.000000,-0.000000,9.978034,10.255446,9.697272,0.998207,1003,1004
5962,0.007082,0.001505,0.007394,9.759328,10.002844,9.509056,1.006705,1002,1003
6284,-0.000000,-0.000000,0.000000,10.298049,10.569341,10.026030,0.998119,967,968
7002,-0.004805,-0.003374,0.003502,12.868782,13.264706,12.477472,0.998898,979,980
2157,-0.001460,0.005274,0.001131,10.368041,10.632568,10.096427,1.001084,984,985
2282,0.000000,0.000000,-0.000000,10.384051,10.648179,10.114587,0.998140,981,982
7607,-0.000000,0.000000,0.000000,10.081896,10.355417,9.811705,0.998216,1012,1013
9126,-0.003479,-0.003958,0.003597,8.224997,8.454592,7.999363,0.999731,1024,1025
7555,-0.000000,0.000000,-0.000000,5.002958,5.399009,4.596785,0.998656,1026,1027
9762,-0.014195,-0.007109,-0.000366,1.885564,2.469164,1.403156,1.010912,977,978
6584,-0.006298,-0.010334,-0.006829,8.114545,8.347505,7.874886,1.000390,956,957
7993,-0.001754,0.000775,-0.007169,11.028429,11.291284,10.760169,0.999496,1037,1038
445,-0.000000,0.000000,0.000000,9.929600,10.212706,9.642195,0.998235,1017,1018
5708,-0.000000,-0.000000,-0.000000,9.966263,10.223216,9.707487,0.998245,1024,1025
3479,0.005460,0.000156,0.006468,9.815418,10.067511,9.559729,1.000118,974,975
5707,0.003179,0.005250,0.000584,9.208038,9.440966,8.971155,1.002984,974,975
1029,0.002914,-0.005868,0.004556,10.233281,10.480472,9.981370,1.003494,1040,1041
6223,0.011977,-0.001378,0.007607,10.277577,10.544283,10.008436,1.008127,1038,1039
1476,0.004720,0.005907,0.003758,9.662116,9.914177,9.405673,0.996796,949,950
868,0.003037,0.004283,-0.002023,10.252507,10.513741,9.988081,1.001012,1009,1010
5679,-0.001549,-0.022088,-0.012503,9.141360,9.365809,8.911157,1.019733,1012,1013
6872,-0.000000,-0.000000,-0.000000,11.942626,12.280461,11.609349,0.998109,1016,1017
2842,0.004293,0.003727,0.001729,9.735550,10.004986,9.464264,1.001852,962,963
9658,0.000000,-0.000000,-0.000000,6.968212,7.255362,6.688081,0.998566,1094,1095
8881,-0.000000,0.000000,-0.000000,7.853947,8.091710,7.609318,0.998463,1069,1070
8002,-0.000749,0.004628,0.001613,11.829326,12.173079,11.493258,0.999482,1033,1034
8560,-0.000000,-0.000000,0.000000,8.484956,8.724552,8.250805,0.998286,987,988
680,0.005307,0.027061,-0.014394,9.423917,9.648643,9.198538,1.021638,1021,1022
1953,0.000000,0.000000,-0.000000,10.121455,10.398918,9.837281,0.998135,969,970
1948,-0.000949,-0.005487,-0.001360,9.981161,10.273739,9.691466,1.002271,979,980
9426,-0.004487,0.015053,-0.012228,5.695234,6.057679,5.342805,1.018204,1027,1028
8303,0.009097,0.005174,-0.000723,13.998526,14.492799,13.507282,1.003244,988,989
1634,-0.000000,0.000000,0.000000,9.968735,10.224052,9.711137,0.998181,988,989
2044,0.002140,-0.004161,0.003226,9.856203,10.100147,9.618871,0.998911,1021,1022
3012,-0.000000,0.000000,-0.000000,10.103221,10.362556,9.843252,0.998184,995,996
3552,-0.000237,0.002555,-0.004778,10.766152,11.053527,10.477397,0.999502,989,990
7019,-0.004896,0.014275,0.012317,5.717564,6.078829,5.365889,1.011857,1012,1013
754,-0.000000,0.000000,0.000000,10.016562,10.303629,9.724769,0.998255,1032,1033
8844,0.006450,0.005759,-0.000417,9.613271,9.867086,9.352811,1.006139,962,963
2793,-0.013002,0.001568,0.004242,10.055468,10.312970,9.804622,1.009948,951,952
1534,0.000000,0.000000,0.000000,10.032875,10.310530,9.761537,0.998266,1039,1040
4678,-0.000000,-0.000000,0.000000,10.819069,11.094595,10.545454,0.998203,1031,1032
4439,0.000000,-0.000000,0.000000,9.569081,9.856646,9.284352,0.998283,1031,1032
8482,-0.000910,-0.005487,-0.001392,10.079580,10.332373,9.824037,1.002010,978,979
7790,0.003631,-0.001404,-0.005227,8.390292,8.627211,8.153233,1.000563,967,968
992,0.007985,-0.008805,0.010631,9.830802,10.083695,9.574948,1.004632,994,995
1897,-0.002258,0.003073,0.004205,9.898740,10.131983,9.662520,1.000029,1021,1022
8172,-0.004179,0.001650,-0.004830,8.027071,8.265078,7.786470,0.998157,1014,1015
977,0.007132,-0.001016,0.004279,10.164114,10.432408,9.899728,0.998988,948,949
1311,0.000000,-0.000000,-0.000000,9.870826,10.132842,9.613952,0.998160,973,974
9871,-0.000421,-0.001713,0.004551,12.159923,12.516810,11.806672,0.998319,1004,1005
3763,-0.000000,-0.000000,-0.000000,9.902090,10.151940,9.656080,0.998259,1030,1031
9870,-0.000000,0.000000,-0.000000,12.188090,12.500321,11.879803,0.998100,1019,1020
8142,-0.000000,0.000000,0.000000,5.950396,6.298587,5.610893,0.998524,1000,1001
9992,0.000000,-0.000000,-0.000000,11.919799,12.237446,11.592704,0.998006,963,964
7832,-0.000000,0.000000,-0.000000,8.289208,8.527539,8.055183,0.998367,1027,1028
5293,0.002947,0.003299,-0.004092,9.510159,9.760088,9.263994,1.003103,954,955
2234,-0.000702,0.004398,0.003057,10.270951,10.525584,10.019908,1.001713,1070,1071
6206,-0.002383,0.001672,-0.003582,13.415499,13.836193,12.989241,0.999487,984,985
5954,-0.000283,0.002565,-0.008268,9.121064,9.374700,8.864337,1.000208,1005,1006
3153,0.000000,-0.000000,0.000000,9.906776,10.181636,9.637613,0.998274,1039,1040
9820,0.013903,-0.008930,0.005436,10.621771,10.896298,10.344066,0.998505,984,985
6701,-0.000000,0.000000,0.000000,10.858738,11.145351,10.575118,0.998014,934,935
3207,0.002499,0.000424,0.008474,9.646617,9.925375,9.363852,1.001062,905,906
225,-0.000000,0.000000,-0.000000,9.948902,10.202540,9.688819,0.998133,962,963
