9907,-0.004750,-0.002920,-0.002705,14.926380,0.000000,1.000452,1002,1003
3420,0.004590,0.003837,-0.001038,9.609064,-0.000000,1.001570,968,969
4949,-0.001926,0.004870,0.007164,8.785745,0.000000,1.003429,1073,1074
5713,-0.000639,-0.002695,-0.005577,9.373421,0.000000,1.003866,968,969
6799,0.002130,-0.003885,-0.001373,13.586883,0.000000,0.998527,986,987
1010,0.011311,-0.001587,-0.007132,10.573539,0.000000,1.009062,957,958
8678,0.000000,0.000000,-0.000000,8.030420,0.000000,0.998353,1005,1006
9037,-0.003265,-0.002937,-0.004376,15.106270,0.000000,0.999923,1026,1027
1820,0.000090,0.000907,0.008087,10.513076,0.000000,1.001179,970,971
6386,-0.005356,-0.005561,-0.004811,11.603003,0.000000,1.003215,1037,1038
277,-0.000000,-0.000000,-0.000000,10.038699,-0.000000,0.998166,982,983
2442,-0.007705,-0.002334,0.001773,10.263271,0.000000,1.002769,989,990
1685,0.000000,-0.000000,0.000000,9.890649,0.000000,0.998317,1064,1065
6319,0.000000,0.000000,0.000000,10.260065,0.000000,0.998079,945,946
2034,-0.000000,0.000000,0.000000,9.279896,0.000000,0.998252,1000,1001
1726,0.003558,0.004347,-0.000018,10.186599,0.000000,1.002501,1033,1034
1551,0.003163,0.013045,0.000641,10.421008,0.000000,1.008616,988,989
6001,0.000000,0.000000,-0.000000,9.140646,0.000000,0.998346,1051,1052
8369,-0.000907,0.002945,-0.002881,15.913002,0.000000,0.999508,959,960
8709,-0.009342,-0.000499,-0.003204,8.105469,0.000000,0.999961,960,961
1935,0.025978,-0.008629,-0.003783,10.779827,0.000000,1.013290,1023,1024
1210,0.001948,-0.004715,0.006289,10.309663,0.000000,0.996808,979,980
4382,-0.000000,0.000000,0.000000,11.218050,0.000000,0.997967,923,924
8995,-0.010228,-0.000634,-0.001321,12.614801,0.000000,1.001238,988,989
5482,-0.001779,0.006346,0.000257,8.437707,0.000000,1.002056,991,992
7916,-0.003554,-0.002848,-0.001910,12.191759,-0.000000,0.996659,1008,1009
4227,0.003252,0.004181,-0.003599,8.952944,0.000000,1.000361,954,955
6954,0.000000,-0.000000,-0.000000,10.922167,0.000000,0.998069,962,963
1104,-0.006354,-0.012812,-0.000591,10.669487,0.000000,1.003981,1008,1009
3350,-0.003907,-0.000056,0.008878,10.607957,-0.000000,1.007754,1065,1066
3277,-0.004376,-0.000148,0.003813,9.972844,-0.000000,1.003141,994,995
8106,0.000959,0.007105,0.003683,10.576546,0.000000,1.000156,986,987
4793,0.003535,-0.004038,0.013851,9.968892,0.000000,1.006428,1030,1031
2633,-0.000000,-0.000000,0.000000,10.097531,0.000000,0.998183,993,994
1604,0.000000,0.000000,-0.000000,10.140363,-0.000000,0.998102,952,953
6034,0.006435,-0.004723,-0.009105,11.526205,-0.000000,1.003995,1029,1030
7813,0.000000,0.000000,-0.000000,6.243635,0.000000,0.998489,994,995
1898,0.005669,-0.008041,0.006779,10.438985,0.000000,1.004443,986,987
9255,0.000000,0.000000,-0.000000,12.608227,0.000000,0.998147,1057,1058
2558,-0.002248,0.002861,0.004276,10.381803,0.000000,1.000772,996,997
9102,-0.003744,0.013609,-0.023445,7.133328,0.000000,1.010929,966,967
2820,-0.007444,0.001292,0.003566,9.648848,-0.000000,1.001800,1043,1044
9666,0.000126,0.007507,0.000223,6.756636,0.000000,0.997862,1005,1006
5408,0.000279,0.004576,0.003509,9.606982,-0.000000,0.995988,1051,1052
3300,-0.004900,-0.001819,-0.002078,10.145401,0.000000,0.997328,1027,1028
8621,-0.001748,-0.002869,0.004835,9.728967,0.000000,1.003455,1016,1017
4401,0.012874,0.000955,0.006711,12.583525,0.000000,1.005857,972,973
7772,0.000000,-0.000000,-0.000000,12.260465,0.000000,0.998046,992,993
7714,-0.000000,0.000000,0.000000,11.487141,0.000000,0.998189,1045,1046
6170,-0.004160,0.001116,0.009212,10.310916,0.000000,1.003632,994,995
7830,0.000000,-0.000000,-0.000000,12.367701,-0.000000,0.998050,997,998
891,-0.000584,-0.001413,0.005417,10.235416,0.000000,0.999695,1021,1022
4858,0.000000,0.000000,-0.000000,9.505929,0.000000,0.998223,993,994
5596,-0.000000,-0.000000,-0.000000,10.948999,0.000000,0.998215,1042,1043
7232,0.000000,-0.000000,-0.000000,7.290099,0.000000,0.998441,1023,1024
7437,-0.000000,0.000000,0.000000,13.779642,0.000000,0.997956,989,990
7680,0.000000,0.000000,-0.000000,10.926397,0.000000,0.998184,1023,1024
7629,0.000000,-0.000000,0.000000,8.657118,0.000000,0.998276,988,989
5778,0.002701,-0.003493,0.006768,10.567273,0.000000,0.998054,971,972
5670,0.000000,-0.000000,-0.000000,7.762806,0.000000,0.998289,955,956
697,0.001389,-0.002703,-0.007478,10.364045,0.000000,0.998191,1008,1009
4462,0.000000,0.000000,0.000000,11.029352,0.000000,0.998232,1055,1056
1328,-0.001119,0.003867,-0.004016,10.165487,0.000000,0.995163,988,989
7846,0.002052,0.006132,0.005013,9.740891,0.000000,0.995746,1052,1053
683,-0.000000,-0.000000,-0.000000,10.045493,0.000000,0.998286,1051,1052
4243,0.004314,0.001711,0.000596,13.217086,0.000000,1.001272,1024,1025
1211,0.009342,0.006264,0.002155,10.639618,0.000000,1.002318,1015,1016
276,0.017669,-0.008168,0.020463,10.728931,0.000000,1.017283,994,995
4215,0.002921,0.005824,0.005075,9.841452,0.000000,1.001535,1032,1033
6127,0.000951,-0.003520,0.003814,11.404116,0.000000,1.000083,992,993
8859,0.004438,0.003853,0.004698,11.323567,0.000000,1.002962,1021,1022
8364,-0.001204,0.002867,-0.007423,10.855603,0.000000,1.005162,957,958
1260,0.004201,0.006374,-0.002003,10.316684,0.000000,1.003269,1043,1044
4811,0.000000,-0.000000,-0.000000,11.904469,0.000000,0.998147,1035,1036
560,0.003813,0.001342,0.004064,10.291950,0.000000,0.999310,978,979
2220,0.000146,0.003713,0.006837,10.870484,0.000000,1.004068,1026,1027
1745,0.010520,0.002053,0.008142,10.596653,0.000000,1.007683,986,987
232,0.003920,-0.005696,-0.004111,10.187489,0.000000,1.005841,1034,1035
7755,-0.000000,0.000000,-0.000000,10.205528,-0.000000,0.998287,1058,1059
3772,0.005735,-0.007952,0.000056,10.624219,0.000000,1.003205,1013,1014
6980,0.000000,0.000000,-0.000000,10.140842,0.000000,0.998172,989,990
3868,0.002483,-0.013237,0.009261,9.942323,-0.000000,0.996713,984,985
7874,-0.000000,-0.000000,-0.000000,11.359173,0.000000,0.998109,997,998
8449,0.001738,0.005617,-0.011238,12.182932,0.000000,1.002567,1036,1037
5426,0.005751,-0.002765,-0.000004,8.519833,0.000000,1.002949,1021,1022
979,-0.004466,-0.003027,-0.001883,10.163870,0.000000,0.994770,983,984
9238,0.001655,-0.003283,0.002827,13.790808,0.000000,0.996609,971,972
490,0.001308,-0.005442,-0.000153,10.207586,0.000000,1.002603,1026,1027
7519,0.004634,-0.003275,0.001491,9.999388,-0.000000,1.001025,972,973
457,-0.005069,0.004840,0.004004,10.203736,0.000000,0.999150,1015,1016
6665,-0.009105,0.022309,-0.005149,6.771196,0.000000,1.019380,1033,1034
5734,-0.000000,0.000000,0.000000,12.973172,0.000000,0.998085,1033,1034
1170,0.000000,0.000000,0.000000,10.221215,0.000000,0.998150,980,981
6328,0.005305,-0.003174,-0.000580,9.093631,0.000000,0.994176,983,984
5449,-0.006196,-0.010006,-0.006702,6.902120,0.000000,1.006807,981,982
8706,-0.006284,0.001569,-0.013822,15.744622,0.000000,1.004231,1005,1006
1549,0.001373,0.005503,0.000287,10.037600,0.000000,0.999551,1018,1019
6277,0.004125,-0.004745,0.001247,8.859902,0.000000,0.998975,950,951
8325,-0.002724,-0.000371,0.003483,14.276277,0.000000,0.997993,1017,1018
1253,-0.000000,0.000000,0.000000,9.900284,0.000000,0.998099,942,943
3729,-0.000000,-0.000000,0.000000,9.431094,0.000000,0.998203,979,980
1326,0.005555,-0.001184,0.000664,10.082770,0.000000,0.992619,986,987
7366,0.006274,0.002392,0.002757,12.187213,-0.000000,1.000336,982,983
2401,0.000827,-0.010051,-0.005565,10.688884,0.000000,1.005969,999,1000
3490,-0.001422,0.004270,0.003563,9.911474,0.000000,1.000793,1034,1035
2800,0.000000,0.000000,-0.000000,9.787615,0.000000,0.998265,1028,1029
8100,-0.000000,-0.000000,0.000000,8.106260,0.000000,0.998316,986,987
1977,-0.000000,-0.000000,0.000000,10.215809,0.000000,0.998139,974,975
4640,-0.005556,-0.002029,0.000740,9.678947,0.000000,0.997271,975,976
5229,0.008019,0.023822,0.000896,9.436602,0.000000,1.003538,1004,1005
8155,-0.000000,-0.000000,-0.000000,12.636786,0.000000,0.997965,963,964
2694,-0.000445,0.003734,-0.004250,10.116035,0.000000,1.003761,1036,1037
7171,0.002616,-0.006673,-0.014464,7.760074,0.000000,1.012408,1028,1029
7337,-0.001436,0.001525,0.004154,12.991884,0.000000,0.995739,1037,1038
7469,0.011616,0.024820,0.000092,9.482862,0.000000,1.012461,1024,1025
219,0.000000,-0.000000,-0.000000,9.972438,0.000000,0.998312,1064,1065
7001,-0.004993,0.000882,0.003732,8.626812,0.000000,0.996549,1016,1017
6736,-0.016252,-0.001888,0.019771,9.286715,0.000000,1.009390,956,957
2760,0.008610,-0.000939,-0.009722,10.728111,0.000000,1.004281,1017,1018
5589,-0.000258,0.004701,0.007042,9.916359,-0.000000,0.998244,971,972
2665,-0.000000,0.000000,0.000000,10.451063,0.000000,0.998203,1017,1018
4738,-0.004450,0.003790,0.003282,8.432800,0.000000,0.993498,918,919
3165,-0.003916,0.001320,0.006420,11.608867,-0.000000,1.000873,965,966
5470,-0.000000,-0.000000,0.000000,8.962403,0.000000,0.998114,915,916
4561,-0.006038,0.004257,0.006555,10.790967,0.000000,0.998465,974,975
3373,0.006738,0.000592,-0.004004,10.580757,0.000000,1.003349,1039,1040
2988,-0.002114,-0.004643,0.002338,10.227359,-0.000000,0.998980,1007,1008
2359,-0.000000,0.000000,0.000000,10.402448,0.000000,0.998087,954,955
6250,0.001511,-0.003146,-0.003803,11.530234,-0.000000,0.995369,1006,1007
3256,-0.005386,-0.002180,-0.009530,11.038372,0.000000,0.998993,987,988
9557,0.005862,0.015680,-0.013367,10.699508,0.000000,1.003114,1065,1066
9567,-0.000000,0.000000,0.000000,2.505556,-0.000000,0.998913,964,965
7196,0.008316,0.000893,0.003127,12.446959,0.000000,1.000713,980,981
6263,0.004709,0.001499,-0.008231,10.889998,0.000000,1.000792,1009,1010
6287,0.002878,-0.008259,0.017944,11.253968,0.000000,1.015191,979,980
3123,0.000000,0.000000,-0.000000,9.820959,-0.000000,0.998168,975,976
8179,-0.003000,-0.001792,-0.001522,16.727760,0.000000,0.996190,1070,1071
274,0.006206,-0.007379,0.003317,10.542042,0.000000,1.005826,976,977
3575,0.005119,-0.001994,0.002190,9.403562,0.000000,0.998385,1028,1029
7802,0.002562,0.001716,-0.004334,11.675107,0.000000,1.001906,948,949
7787,-0.000000,0.000000,0.000000,6.237599,0.000000,0.998479,987,988
1541,0.004004,-0.004020,-0.000580,10.044114,0.000000,0.997578,1009,1010
9531,-0.000000,-0.000000,0.000000,9.677945,0.000000,0.998264,1023,1024
2948,-0.006063,-0.009871,0.015063,10.090437,0.000000,1.014568,976,977
66,-0.000000,-0.000000,0.000000,10.110148,0.000000,0.998264,1040,1041
6,0.000866,0.003864,0.003998,10.207772,0.000000,0.998904,1016,1017
5644,-0.000000,0.000000,-0.000000,10.890079,0.000000,0.998221,1043,1044
7450,-0.000000,0.000000,0.000000,6.288911,0.000000,0.998400,941,942
9703,-0.000000,0.000000,-0.000000,13.157743,0.000000,0.998011,1000,1001
4335,-0.008802,-0.007673,-0.006990,9.864236,0.000000,1.004705,1012,1013
6429,0.010971,0.005066,0.004118,11.739689,0.000000,1.006027,947,948
1131,-0.006491,0.001370,0.007193,10.489018,0.000000,1.002559,1051,1052
2115,0.000009,0.010815,-0.004365,10.446797,0.000000,1.002095,1004,1005
1612,0.004449,0.003123,0.000179,10.580055,0.000000,1.000190,1032,1033
6686,-0.003985,-0.003800,-0.000914,10.324598,-0.000000,0.998346,1015,1016
7747,-0.005771,0.003028,0.000286,8.496465,0.000000,1.002357,995,996
4325,-0.008014,-0.008925,-0.001775,12.019403,0.000000,1.005570,990,991
60,0.003162,0.002361,-0.009447,10.377663,0.000000,1.004035,975,976
3949,0.000000,-0.000000,0.000000,10.645160,0.000000,0.998215,1031,1032
5086,0.000000,-0.000000,-0.000000,12.597811,0.000000,0.998058,1008,1009
1463,-0.004460,0.003238,-0.005727,10.324796,0.000000,0.997477,1031,1032
7110,0.003774,0.007835,0.006539,9.441617,0.000000,1.002534,982,983
7479,0.000000,-0.000000,0.000000,12.701356,-0.000000,0.998033,998,999
5074,0.005130,0.002805,-0.006397,9.367650,0.000000,1.005968,1021,1022
3940,-0.004721,0.000607,0.003052,10.109754,0.000000,0.999301,1022,1023
6310,0.006630,-0.003123,0.001446,11.614526,0.000000,1.005196,1004,1005
4996,0.002227,0.003813,0.003008,10.875109,0.000000,1.000857,1043,1044
4487,0.000000,-0.000000,0.000000,10.285067,0.000000,0.998178,997,998
3699,0.000000,-0.000000,0.000000,9.652789,0.000000,0.998132,950,951
2734,0.000000,0.000000,-0.000000,10.411635,-0.000000,0.998141,982,983
5891,0.003208,-0.003737,0.000505,12.123435,0.000000,0.998243,1017,1018
2145,0.004281,-0.000726,-0.009229,10.333698,0.000000,1.000956,972,973
2651,0.005424,0.001112,0.001774,10.360406,0.000000,1.002268,945,946
3685,0.002082,-0.008802,-0.013810,10.708120,0.000000,1.009523,1057,1058
9237,-0.000000,0.000000,0.000000,10.198496,0.000000,0.998154,981,982
9166,-0.011823,0.043406,-0.015685,8.534589,0.000000,1.041156,1001,1002
2201,0.001052,-0.004193,0.003261,10.265659,0.000000,0.997510,1084,1085
7009,-0.002817,-0.000450,-0.003472,13.959068,0.000000,0.996116,1014,1015
3500,0.008431,0.005190,0.010414,8.975100,0.000000,1.006241,1031,1032
5861,-0.000000,0.000000,-0.000000,10.290626,-0.000000,0.998128,971,972
555,-0.003225,-0.007272,0.001815,10.445226,0.000000,0.999130,1003,1004
7544,0.000363,0.005662,0.000182,10.286243,0.000000,0.999558,989,990
776,-0.003748,0.000646,0.006892,10.313916,0.000000,1.003913,1063,1064
7550,0.001315,-0.003266,-0.002751,14.384596,0.000000,1.001799,976,977
5077,-0.004809,-0.002778,0.002098,9.585606,0.000000,0.996429,990,991
2565,0.004138,0.008461,0.003618,10.056021,0.000000,0.995975,1013,1014
7643,-0.015693,0.007755,0.015330,3.223689,-0.000000,1.016972,1018,1019
7323,-0.000000,0.000000,0.000000,10.813954,0.000000,0.998119,984,985
5361,0.000000,-0.000000,0.000000,11.082050,-0.000000,0.998176,1024,1025
3917,0.000000,0.000000,-0.000000,9.684749,0.000000,0.998163,967,968
9607,-0.005089,-0.002366,0.002419,9.735419,0.000000,0.999608,934,935
5717,-0.003260,-0.004422,-0.000336,10.674343,0.000000,0.998170,998,999
4017,-0.008296,0.007460,0.003035,10.075253,0.000000,1.002238,1074,1075
9545,0.000000,0.000000,0.000000,4.270908,-0.000000,0.998662,967,968
908,0.004107,-0.001769,0.003604,10.446094,0.000000,1.000670,968,969
358,0.000000,-0.000000,0.000000,10.051623,0.000000,0.998261,1036,1037
3416,0.000000,-0.000000,0.000000,9.437772,0.000000,0.998208,982,983
3485,-0.005227,0.000779,0.001126,10.763897,0.000000,1.001066,1032,1033
4673,-0.000000,-0.000000,0.000000,9.329345,0.000000,0.998229,989,990
4783,-0.001331,0.004204,-0.003332,10.569926,0.000000,1.002919,1013,1014
9248,-0.000000,-0.000000,-0.000000,16.140183,0.000000,0.997992,1065,1066
4411,0.007277,0.002574,-0.009047,10.063480,0.000000,1.002107,1016,1017
8793,-0.000000,-0.000000,-0.000000,9.711974,0.000000,0.998232,1006,1007
6468,-0.000000,-0.000000,-0.000000,11.915631,0.000000,0.998102,1011,1012
334,-0.000000,0.000000,-0.000000,10.032071,0.000000,0.998237,1021,1022
2280,0.000000,-0.000000,-0.000000,10.247114,0.000000,0.998198,1007,1008
3738,0.000000,0.000000,-0.000000,9.716324,0.000000,0.998183,979,980
2710,-0.003205,0.008397,0.002742,11.172706,0.000000,1.001458,1051,1052
2122,-0.002209,0.001797,-0.004815,10.344209,-0.000000,1.001229,1006,1007
9719,-0.005816,0.004506,0.004994,20.212385,-0.000000,1.004666,1035,1036
3925,0.003141,-0.004863,-0.001308,9.850924,0.000000,0.999177,965,966
4677,0.004470,0.003059,-0.008374,10.747291,0.000000,1.002412,970,971
7392,-0.000000,-0.000000,0.000000,11.123923,0.000000,0.998105,987,988
1596,0.005306,0.005614,-0.006347,10.155246,0.000000,1.004137,1046,1047
2221,0.000690,0.008754,0.003727,10.586984,0.000000,1.005175,1064,1065
9157,0.003281,-0.010136,0.003091,3.816655,0.000000,1.004934,991,992
6162,0.007224,0.001576,-0.005556,8.940413,0.000000,1.006381,979,980
3431,0.000000,-0.000000,0.000000,10.210438,0.000000,0.998181,996,997
3546,-0.000185,0.005661,0.000146,9.950300,-0.000000,0.999951,1047,1048
1573,0.000000,0.000000,-0.000000,10.014604,0.000000,0.998222,1012,1013
8062,0.015691,0.015214,0.005475,4.844140,0.000000,1.006916,977,978
2857,0.005594,-0.005324,0.002374,10.591969,-0.000000,1.001393,984,985
1668,0.000000,-0.000000,0.000000,10.073702,0.000000,0.998145,972,973
3036,-0.008380,-0.003404,0.001567,8.846917,0.000000,1.001958,993,994
6145,0.000000,-0.000000,0.000000,11.478346,0.000000,0.998057,974,975
5424,0.004681,0.000407,0.002703,11.423606,0.000000,0.999321,929,930
2132,0.000000,0.000000,-0.000000,10.141001,0.000000,0.998247,1031,1032
7831,0.000000,0.000000,0.000000,7.991589,-0.000000,0.998422,1047,1048
8705,0.000000,-0.000000,0.000000,12.770122,0.000000,0.998025,996,997
6771,0.000000,0.000000,0.000000,9.890990,0.000000,0.998043,915,916
8516,-0.005616,0.005136,0.004612,11.979883,-0.000000,1.005103,1045,1046
8840,0.000000,0.000000,0.000000,11.715685,0.000000,0.998090,998,999
503,0.005410,0.007950,-0.002720,10.253779,0.000000,1.000298,1016,1017
1929,0.003390,0.004327,-0.001990,10.010064,0.000000,0.998909,963,964
6842,0.004994,0.004841,-0.001647,7.569140,-0.000000,1.004823,987,988
9448,-0.000000,-0.000000,-0.000000,17.091018,0.000000,0.997914,1046,1047
9980,-0.000517,0.003826,0.002240,13.773012,0.000000,1.001581,1055,1056
7707,-0.000750,0.002090,0.010151,10.105422,0.000000,1.001281,995,996
2993,-0.000058,-0.002683,0.010280,9.530387,0.000000,1.000741,991,992
6243,-0.000000,0.000000,-0.000000,11.094446,0.000000,0.998054,960,961
785,0.000000,-0.000000,0.000000,10.017677,-0.000000,0.998253,1030,1031
7952,0.004898,0.003938,0.006561,9.213688,0.000000,0.996824,924,925
6795,0.001572,-0.003848,-0.002894,11.623716,0.000000,0.998214,1027,1028
4185,-0.000000,0.000000,-0.000000,11.709416,0.000000,0.997992,949,950
7569,-0.000000,0.000000,-0.000000,11.285502,0.000000,0.998075,977,978
1169,0.003563,-0.004003,0.001579,10.270611,-0.000000,0.999787,1013,1014
9196,0.012052,0.005683,0.021095,8.482578,0.000000,1.007713,1012,1013
5054,0.008935,-0.001647,0.003551,10.194808,0.000000,0.994548,1053,1054
9558,0.003983,-0.003878,0.000470,10.628867,0.000000,1.001801,989,990
2126,0.010147,0.000191,-0.001275,9.886499,0.000000,1.003939,1027,1028
2316,-0.000000,-0.000000,-0.000000,10.829497,0.000000,0.998243,1054,1055
5383,0.005655,-0.000205,-0.002233,9.513798,0.000000,0.997901,965,966
6383,0.003117,0.000120,0.004649,10.311370,0.000000,1.000875,1012,1013
6397,0.024528,-0.002451,-0.011387,10.742373,0.000000,1.014846,962,963
3928,-0.000000,-0.000000,-0.000000,9.734252,0.000000,0.998156,965,966
8394,-0.029159,0.015578,0.001644,5.886837,0.000000,1.026369,977,978
3351,-0.004526,0.014825,0.000198,10.690640,0.000000,1.004190,1036,1037
936,-0.003992,-0.002163,-0.010893,10.626054,0.000000,1.007454,983,984
6110,0.000000,-0.000000,-0.000000,8.529840,0.000000,0.998286,988,989
2922,0.002388,0.009943,-0.002151,10.141851,-0.000000,1.001136,950,951
9072,-0.005113,0.001136,-0.004584,12.498914,0.000000,0.996139,1030,1031
3468,0.005202,-0.001558,-0.001413,10.411632,0.000000,1.003177,1012,1013
9866,0.000000,0.000000,0.000000,4.567641,0.000000,0.998592,944,945
7115,0.000000,-0.000000,0.000000,13.070255,0.000000,0.998063,1024,1025
1227,-0.000000,-0.000000,0.000000,9.960805,-0.000000,0.998130,960,961
9760,-0.000000,0.000000,0.000000,9.805805,0.000000,0.998168,974,975
5117,0.004576,-0.003881,-0.001243,9.683417,0.000000,1.002436,951,952
2695,0.003004,-0.007082,0.003137,10.342229,0.000000,1.000690,974,975
5549,0.000000,0.000000,-0.000000,10.933563,0.000000,0.998195,1030,1031
922,-0.005037,-0.001126,0.002214,10.202713,-0.000000,0.999725,1024,1025
1952,-0.000000,-0.000000,0.000000,9.950143,-0.000000,0.998266,1035,1036
262,0.005028,0.006223,-0.001470,10.356123,0.000000,1.002766,992,993
1850,-0.005578,-0.001070,0.000339,10.186001,0.000000,1.001419,1010,1011
4983,-0.000000,0.000000,-0.000000,8.478768,0.000000,0.998247,964,965
8294,-0.001359,-0.002443,0.003545,13.460937,0.000000,1.000478,1069,1070
7365,0.000000,-0.000000,-0.000000,6.362394,0.000000,0.998487,1000,1001
7498,-0.001951,-0.005042,0.008688,4.396824,0.000000,1.003924,981,982
7915,0.000068,0.009726,-0.008453,5.195387,-0.000000,1.006122,1017,1018
4029,-0.006871,-0.001258,0.004391,10.110668,0.000000,1.000278,1006,1007
6015,-0.005933,-0.009353,-0.002339,11.022645,0.000000,1.005106,993,994
4514,-0.000000,0.000000,-0.000000,11.800099,0.000000,0.998077,994,995
8934,0.004598,0.003934,-0.009656,10.949922,0.000000,1.007368,1022,1023
2361,0.001276,0.002628,0.004906,10.633197,0.000000,1.002251,956,957
5430,0.006396,-0.008420,0.002699,9.236174,0.000000,0.996970,1003,1004
6672,0.000000,-0.000000,0.000000,9.836128,-0.000000,0.998109,945,946
700,-0.000000,-0.000000,-0.000000,10.028613,-0.000000,0.998223,1013,1014
1091,0.000000,-0.000000,0.000000,10.303252,0.000000,0.998221,1022,1023
447,0.000000,-0.000000,-0.000000,9.988209,0.000000,0.998203,1000,1001
1970,0.001073,0.005538,-0.001542,10.101441,0.000000,1.002179,967,968
7736,0.001932,0.001555,0.004179,13.704549,0.000000,1.000774,917,918
4149,0.000000,-0.000000,0.000000,8.501155,0.000000,0.998312,1002,1003
8884,0.006040,0.004299,0.001722,6.897019,0.000000,1.002462,973,974
4224,0.004182,0.003014,-0.002337,10.073789,-0.000000,1.002405,1028,1029
7774,0.006185,0.013279,-0.005272,12.111191,0.000000,1.005757,991,992
8226,0.001687,0.002185,0.005659,8.792863,0.000000,0.999464,999,1000
4771,-0.004611,0.004249,-0.006073,9.436445,0.000000,1.000618,985,986
2585,-0.000000,-0.000000,-0.000000,10.557720,0.000000,0.998130,981,982
9939,0.009522,0.006801,-0.013796,6.984950,0.000000,1.012454,968,969
6121,-0.004072,-0.001749,-0.000988,13.720350,0.000000,0.998038,1014,1015
9596,-0.000000,0.000000,-0.000000,11.404863,0.000000,0.998120,1004,1005
3719,-0.022028,0.031222,0.000367,11.427280,0.000000,1.032830,972,973
3600,0.004532,-0.003404,-0.001627,9.772323,0.000000,1.001215,991,992
5498,0.000000,-0.000000,0.000000,9.359962,0.000000,0.998263,1010,1011
2127,0.000000,-0.000000,0.000000,10.090147,0.000000,0.998296,1059,1060
9200,0.011376,0.014257,0.004894,10.727456,0.000000,1.011462,1026,1027
2287,-0.004323,0.000895,0.003292,10.836025,0.000000,1.001092,979,980
854,-0.008164,0.005869,-0.001773,10.369293,0.000000,0.998281,970,971
5014,0.000000,0.000000,-0.000000,10.000981,0.000000,0.998205,1002,1003
1063,-0.002747,-0.001374,0.004702,10.349217,0.000000,1.000637,998,999
43,-0.000000,-0.000000,0.000000,10.036899,0.000000,0.998280,1047,1048
4168,-0.000447,0.002606,-0.004796,10.688956,0.000000,1.000367,1008,1009
3407,0.002043,0.005009,0.001137,10.871035,0.000000,0.998568,965,966
1772,-0.005451,-0.001240,-0.000959,10.135062,0.000000,1.003244,1005,1006
3282,-0.001459,0.005799,0.000906,9.712927,0.000000,1.001624,957,958
4371,-0.000000,0.000000,0.000000,9.754869,0.000000,0.998220,1001,1002
2500,-0.004401,-0.003447,-0.000090,10.114046,0.000000,1.001342,1039,1040
9678,0.000000,0.000000,-0.000000,17.825487,0.000000,0.997706,965,966
227,0.004307,-0.000149,0.007043,10.184636,0.000000,1.003525,973,974
7986,0.000000,0.000000,0.000000,14.946135,0.000000,0.997931,1006,1007
6395,-0.000000,-0.000000,-0.000000,11.799629,0.000000,0.998165,1042,1043
7280,-0.001433,0.006347,0.002593,7.635349,0.000000,1.003843,996,997
3186,0.003204,0.006260,0.009892,9.939918,-0.000000,1.004450,1003,1004
1721,0.008054,-0.009918,0.003791,10.883411,0.000000,1.010426,971,972
6340,0.000000,0.000000,0.000000,7.350745,0.000000,0.998410,1006,1007
4205,-0.000000,-0.000000,0.000000,9.795047,0.000000,0.998312,1057,1058
8147,0.000000,-0.000000,0.000000,11.193997,0.000000,0.998069,971,972
9619,0.000000,-0.000000,-0.000000,18.266739,0.000000,0.997847,1037,1038
3715,-0.005666,-0.001797,0.004728,11.193159,0.000000,1.004998,1024,1025
8333,0.001191,-0.000974,0.003145,19.735947,0.000000,1.000021,984,985
4714,-0.008193,-0.002121,0.003847,11.873401,0.000000,0.999087,944,945
4378,0.000000,-0.000000,0.000000,9.855720,0.000000,0.998226,1008,1009
6095,0.003973,-0.003473,0.000612,11.103469,0.000000,1.000893,1006,1007
8050,0.010176,0.000785,-0.001208,11.873494,0.000000,0.993118,1049,1050
450,-0.001406,-0.004596,0.002949,10.294708,0.000000,1.003551,1011,1012
260,-0.008467,-0.007646,-0.004266,10.402038,0.000000,1.003930,932,933
9401,0.000187,-0.001210,-0.003921,15.680737,0.000000,0.995733,1005,1006
1006,0.004571,0.000986,-0.003204,10.349596,0.000000,1.000606,989,990
5723,-0.000000,0.000000,0.000000,9.138031,0.000000,0.998242,989,990
8744,0.000000,0.000000,-0.000000,6.797733,0.000000,0.998534,1059,1060
7397,-0.000000,0.000000,-0.000000,11.006315,0.000000,0.998124,993,994
588,-0.001831,0.003603,-0.003758,10.247316,0.000000,0.999446,1051,1052
6357,-0.000000,-0.000000,0.000000,7.409395,0.000000,0.998395,1000,1001
4130,-0.003673,0.009580,0.006033,9.985064,-0.000000,1.004836,1033,1034
6827,-0.001419,-0.005407,0.007983,8.402466,0.000000,1.000777,930,931
5515,-0.004763,0.005935,0.004263,12.290961,0.000000,0.998504,1031,1032
4296,0.000000,-0.000000,0.000000,10.019475,0.000000,0.998104,949,950
2253,-0.000964,-0.003369,-0.004019,10.971594,0.000000,1.001411,1031,1032
9622,0.000000,-0.000000,-0.000000,15.885032,0.000000,0.997799,966,967
7571,0.000000,-0.000000,0.000000,10.965186,0.000000,0.998226,1049,1050
7449,-0.003542,-0.009457,-0.012602,5.243403,-0.000000,1.008288,994,995
7016,-0.002253,0.002318,0.002947,14.019602,0.000000,0.997642,1049,1050
6441,0.001837,-0.014510,0.001570,9.180317,0.000000,1.005287,977,978
4421,0.000000,0.000000,-0.000000,10.267961,0.000000,0.998171,993,994
8910,-0.000028,0.007530,0.001434,11.289853,0.000000,1.004338,1004,1005
4280,0.000000,0.000000,0.000000,8.860407,0.000000,0.998337,1033,1034
850,0.001904,-0.001311,-0.005097,10.193727,0.000000,0.998107,1023,1024
7465,-0.001928,-0.005416,0.002228,9.052821,0.000000,0.995518,995,996
2121,-0.001605,0.004102,-0.003356,10.584891,-0.000000,1.000678,1000,1001
5701,0.000448,-0.006562,0.001350,13.389015,0.000000,0.999512,1009,1010
4163,0.004120,-0.000119,-0.002358,12.597104,0.000000,0.997642,1064,1065
6882,0.000000,-0.000000,-0.000000,5.238197,-0.000000,0.998578,986,987
9009,-0.000000,0.000000,0.000000,8.856438,0.000000,0.998339,1034,1035
8941,-0.000000,0.000000,0.000000,14.147526,0.000000,0.998007,1024,1025
37,0.000567,-0.002877,0.004834,10.211683,-0.000000,0.999833,1010,1011
5981,0.008666,0.011911,-0.019954,7.783381,-0.000000,1.011003,1027,1028
1134,0.003906,-0.001965,0.003405,10.091331,0.000000,0.999236,1067,1068
2332,0.000000,-0.000000,-0.000000,10.028053,0.000000,0.998247,1027,1028
6180,-0.004372,-0.000804,-0.001715,13.088952,-0.000000,1.001666,1001,1002
8620,-0.000000,0.000000,-0.000000,6.108067,0.000000,0.998465,970,971
8873,-0.000584,-0.002256,-0.005467,9.447795,-0.000000,1.000017,1009,1010
3805,0.000286,0.002057,-0.005155,10.479682,0.000000,1.002441,1010,1011
7572,0.009048,-0.006843,0.008778,7.792623,0.000000,1.009444,1025,1026
7470,0.000062,-0.006910,0.002929,11.596062,0.000000,0.995920,979,980
3878,0.022871,0.007886,0.002203,10.452205,0.000000,1.018961,980,981
5585,0.000000,0.000000,0.000000,9.317286,0.000000,0.998197,971,972
8564,-0.001466,0.001048,0.006535,7.619700,0.000000,1.001234,1060,1061
2064,0.004954,-0.002226,-0.001387,11.106233,0.000000,1.001627,947,948
7509,-0.003819,-0.005156,-0.003519,11.671774,0.000000,0.996535,1025,1026
241,0.002699,0.001854,-0.009612,10.437627,0.000000,1.007419,988,989
5748,0.000000,0.000000,0.000000,9.486414,-0.000000,0.998358,1074,1075
9167,-0.004137,0.003670,0.003423,8.738433,0.000000,1.002816,961,962
753,-0.003626,-0.007427,-0.011972,10.531946,0.000000,1.012541,1021,1022
5289,0.003795,0.003066,0.001658,11.530374,0.000000,1.003037,1026,1027
9034,0.008795,0.006454,0.001250,17.946594,0.000000,1.000968,963,964
8207,0.002761,-0.006115,0.002753,11.741197,0.000000,0.997480,1034,1035
7969,-0.007318,0.003467,-0.000654,10.080148,0.000000,0.998314,1042,1043
3341,-0.000000,-0.000000,-0.000000,9.089935,0.000000,0.998352,1053,1054
4939,-0.000000,0.000000,-0.000000,10.314603,-0.000000,0.998290,1064,1065
7964,0.010339,-0.004989,0.005719,16.370430,0.000000,1.005924,954,955
5656,0.003316,-0.002638,-0.002339,12.787672,-0.000000,0.996530,995,996
4926,-0.005245,0.006400,-0.004789,11.173605,0.000000,1.006713,1013,1014
4005,0.004502,0.001835,0.002775,10.305760,0.000000,0.999441,1000,1001
8540,0.006729,-0.006533,0.003480,4.387157,0.000000,1.003584,1020,1021
736,-0.002380,-0.007497,-0.003037,10.193309,-0.000000,1.001666,945,946
9491,0.003849,-0.002362,0.004444,8.730322,0.000000,0.999582,1003,1004
2214,-0.042731,0.008219,-0.007423,10.729068,0.000000,1.027191,994,995
6248,-0.000000,0.000000,0.000000,7.045123,0.000000,0.998479,1035,1036
4571,-0.002470,0.001651,0.004567,10.672243,0.000000,1.001608,1021,1022
7748,-0.007426,0.003956,0.003695,8.544130,0.000000,0.997740,996,997
6333,-0.001949,0.006001,0.002261,7.984615,0.000000,1.002284,1017,1018
5567,-0.001787,-0.004733,-0.001784,11.374054,0.000000,0.999215,972,973
2012,-0.010043,0.000562,-0.002761,9.736913,0.000000,0.996194,996,997
9104,0.018499,0.008252,-0.098086,4.577447,0.000000,1.097036,1008,1009
1289,-0.000000,-0.000000,0.000000,10.012871,0.000000,0.998130,962,963
8831,0.000000,-0.000000,0.000000,10.341025,0.000000,0.998208,1016,1017
4112,0.005028,0.001602,0.002111,10.158993,0.000000,0.998058,989,990
2093,0.001299,-0.005380,0.001555,10.140746,0.000000,1.000638,984,985
4140,-0.000000,0.000000,0.000000,10.972874,0.000000,0.998143,1002,1003
6739,0.000000,-0.000000,0.000000,7.871410,0.000000,0.998393,1022,1023
752,-0.000000,-0.000000,-0.000000,9.950815,-0.000000,0.998165,978,979
4586,0.001257,-0.001692,-0.006341,8.435678,0.000000,1.003011,958,959
4016,-0.000000,0.000000,0.000000,10.816370,0.000000,0.998178,1016,1017
9656,-0.000000,-0.000000,0.000000,9.462192,0.000000,0.998270,1018,1019
3752,-0.000000,-0.000000,0.000000,11.261932,0.000000,0.998041,959,960
6361,0.004319,0.000819,-0.014369,7.331075,0.000000,1.002517,979,980
4626,0.003503,-0.005106,0.007106,11.427056,-0.000000,0.996001,975,976
6822,-0.000714,-0.000393,-0.005525,10.444229,-0.000000,1.000683,1013,1014
7228,0.000000,0.000000,-0.000000,10.586802,0.000000,0.998199,1020,1021
400,0.002469,-0.006766,-0.003721,10.337755,-0.000000,1.004439,1009,1010
381,0.001419,-0.014650,-0.015280,10.808465,0.000000,1.012386,1031,1032
8829,0.000856,-0.003639,0.003649,11.196341,0.000000,0.998684,1030,1031
7712,-0.003483,0.010621,0.000401,9.095382,0.000000,1.005442,981,982
5838,-0.000000,-0.000000,-0.000000,11.623783,0.000000,0.998112,1007,1008
6494,-0.002859,0.003192,-0.001418,13.768822,0.000000,0.995170,1007,1008
7621,-0.006096,-0.002579,-0.010645,9.427664,0.000000,1.005320,1014,1015
1739,0.004222,0.003306,0.001909,10.323713,0.000000,1.003358,986,987
2358,-0.002553,-0.005085,-0.000800,10.265881,0.000000,0.999128,969,970
8374,0.001526,-0.003381,-0.004560,9.447227,-0.000000,0.998925,1040,1041
3475,0.000000,0.000000,0.000000,9.875599,0.000000,0.998251,1023,1024
3346,-0.003739,-0.003878,-0.000210,10.641071,0.000000,0.995732,1016,1017
7886,0.000765,-0.003390,-0.003537,12.380529,-0.000000,0.999815,986,987
6630,-0.000000,-0.000000,0.000000,12.084145,0.000000,0.998108,1019,1020
2110,0.000000,0.000000,-0.000000,9.224457,0.000000,0.998240,991,992
1691,-0.009123,0.000871,-0.004829,10.123494,0.000000,0.993600,967,968
3426,0.000000,-0.000000,-0.000000,10.297133,0.000000,0.998147,981,982
7564,-0.000062,0.003376,0.004088,11.060604,0.000000,0.997584,1032,1033
6338,-0.004125,-0.002454,-0.001816,11.585784,0.000000,0.995543,1009,1010
248,-0.000000,-0.000000,-0.000000,10.033887,-0.000000,0.998235,1020,1021
5214,-0.002898,-0.002414,-0.009394,13.474641,0.000000,1.003182,959,960
2992,0.009672,0.008902,0.001446,10.348780,0.000000,0.997297,1010,1011
5562,-0.001955,-0.006304,0.006312,11.862208,0.000000,0.998603,1023,1024
2503,0.000000,0.000000,-0.000000,10.400166,0.000000,0.998096,958,959
1609,0.000080,0.005736,0.001423,9.954557,-0.000000,0.998283,951,952
9436,-0.000000,0.000000,0.000000,15.640173,0.000000,0.997926,1020,1021
1048,0.005253,-0.000425,-0.001905,10.279261,0.000000,0.998409,1013,1014
900,-0.003569,0.000871,-0.004268,10.310553,0.000000,0.998664,1010,1011
7445,0.001604,0.007107,-0.001453,7.076201,0.000000,0.997654,971,972
6692,0.001728,-0.002154,-0.006537,7.235327,0.000000,1.002421,1031,1032
2906,0.000198,0.000915,0.005410,10.548082,0.000000,0.999692,1013,1014
2954,0.001483,0.005414,0.001041,9.823719,0.000000,0.999962,1040,1041
8728,0.000000,-0.000000,0.000000,14.405713,0.000000,0.997942,998,999
4323,0.001755,0.002650,0.004907,9.809008,0.000000,0.999623,999,1000
2968,-0.000000,-0.000000,0.000000,10.243120,0.000000,0.998182,998,999
3840,0.000000,0.000000,-0.000000,9.889324,-0.000000,0.998190,989,990
5681,0.000000,-0.000000,0.000000,9.569118,0.000000,0.998125,943,944
2662,0.009064,0.008522,0.010357,10.241513,0.000000,1.006398,988,989
3033,-0.000000,-0.000000,-0.000000,10.265312,0.000000,0.998183,999,1000
1414,0.000000,0.000000,0.000000,9.911799,-0.000000,0.998158,973,974
3227,0.009201,-0.009195,0.013633,10.223161,0.000000,1.004499,970,971
4206,0.003092,-0.004701,0.000286,10.772659,0.000000,0.997776,941,942
9563,-0.009291,-0.007428,-0.006260,5.135661,-0.000000,1.000628,940,941
3530,0.000000,-0.000000,0.000000,9.154004,0.000000,0.998323,1037,1038
5594,0.002882,0.003661,-0.015773,7.524588,0.000000,1.000735,1003,1004
5015,0.000000,0.000000,-0.000000,10.415454,0.000000,0.998120,971,972
8434,-0.000000,-0.000000,0.000000,10.141517,0.000000,0.998214,1012,1013
7877,0.001733,0.006983,0.000330,7.394467,0.000000,1.001679,979,980
1401,0.001847,-0.001822,0.007701,10.138826,0.000000,0.999305,1029,1030
513,0.000000,-0.000000,-0.000000,10.019817,0.000000,0.998092,943,944
880,-0.001881,0.002329,0.004943,10.198439,0.000000,1.001539,967,968
9935,0.000000,-0.000000,0.000000,15.568661,0.000000,0.997839,977,978
1545,0.007622,-0.026825,-0.007025,10.619773,0.000000,1.018778,1007,1008
1226,0.006984,0.001635,-0.003874,10.484084,0.000000,0.998014,971,972
9109,0.005488,0.005821,0.000151,10.244545,0.000000,0.999796,1049,1050
871,0.001623,-0.005502,-0.000420,10.243981,0.000000,0.998478,972,973
7577,0.000962,-0.002371,0.010748,11.207842,0.000000,0.997798,1000,1001
2745,0.002975,-0.006688,-0.009920,9.760853,0.000000,1.003850,1008,1009
3776,-0.000000,-0.000000,-0.000000,9.970710,-0.000000,0.998271,1039,1040
4307,0.005075,0.006826,0.000506,9.666630,0.000000,0.997482,1006,1007
1878,0.000313,-0.008027,-0.000120,10.255262,0.000000,1.004085,1053,1054
1601,-0.004669,-0.001182,-0.009024,10.602120,0.000000,1.006338,957,958
4517,0.002990,0.004355,-0.002428,9.936553,-0.000000,1.002351,1004,1005
8786,-0.000000,-0.000000,-0.000000,12.295467,0.000000,0.998024,982,983
6406,-0.003397,-0.001333,0.004624,9.884830,0.000000,0.996452,970,971
8636,-0.000000,0.000000,-0.000000,12.630162,0.000000,0.998037,998,999
3864,0.000000,-0.000000,0.000000,9.554882,0.000000,0.998245,1007,1008
5254,0.000000,0.000000,-0.000000,8.962679,0.000000,0.998228,974,975
4263,0.005753,-0.000769,-0.001554,9.868255,0.000000,0.998527,936,937
4748,-0.004896,0.000150,-0.002121,11.231976,0.000000,1.000456,986,987
7348,-0.000745,-0.007107,-0.005580,5.283617,0.000000,0.999316,948,949
7808,0.000000,0.000000,0.000000,9.033243,0.000000,0.998303,1020,1021
9746,0.003124,0.005951,-0.006693,8.314914,0.000000,1.000723,989,990
5264,0.004664,0.003300,-0.003774,8.127723,-0.000000,1.003113,953,954
8517,0.004031,0.000315,-0.008899,11.272558,0.000000,1.005718,974,975
6530,0.000357,0.003767,-0.004224,10.526271,0.000000,0.995143,955,956
6527,-0.002064,0.002770,-0.006604,12.260073,0.000000,1.002832,948,949
4601,-0.000000,0.000000,0.000000,9.694006,0.000000,0.998205,990,991
7800,0.008717,0.010144,0.002434,13.260959,0.000000,1.009616,986,987
5792,0.002079,0.007136,0.003636,10.155922,0.000000,0.996166,964,965
254,0.000347,0.001586,0.005378,10.270937,0.000000,1.000162,1015,1016
6595,0.007632,-0.002934,0.005767,7.831840,0.000000,1.003548,985,986
5766,0.000227,-0.004771,-0.001752,12.393864,-0.000000,1.001066,956,957
6476,-0.002734,-0.002749,-0.003835,11.266187,0.000000,1.001674,962,963
3040,0.000000,0.000000,-0.000000,10.912061,0.000000,0.998183,1022,1023
4670,0.002347,-0.004893,-0.008634,10.088380,0.000000,1.005983,1039,1040
201,-0.005056,-0.001738,0.001868,10.259203,-0.000000,1.000020,997,998
1466,-0.004648,0.000957,-0.003202,10.439282,0.000000,1.001506,975,976
772,-0.000000,-0.000000,-0.000000,10.011816,0.000000,0.998128,961,962
6863,0.001837,0.003736,-0.003777,10.213388,0.000000,0.998996,1026,1027
3239,0.009475,-0.011176,-0.003803,10.111736,-0.000000,1.000840,1030,1031
4257,0.005403,0.000940,0.001870,9.887683,0.000000,1.000168,1005,1006
5246,0.000000,-0.000000,0.000000,8.500562,0.000000,0.998325,1010,1011
9329,-0.000053,0.029813,-0.020241,3.209133,0.000000,1.025578,1052,1053
988,-0.005399,0.001405,0.001441,10.412878,0.000000,1.001382,968,969
2309,0.004594,-0.002844,0.001445,10.482307,0.000000,1.001329,1004,1005
8233,-0.000000,0.000000,-0.000000,11.321155,0.000000,0.997929,909,910
6556,0.006681,-0.004626,-0.003210,9.553941,0.000000,1.004080,963,964
8920,-0.001021,0.013249,0.004392,6.087050,0.000000,1.004668,1056,1057
2837,-0.005649,-0.000814,-0.000377,10.141093,0.000000,1.002564,1002,1003
6256,0.000000,0.000000,-0.000000,9.228826,0.000000,0.998321,1039,1040
9571,0.003678,0.003710,-0.002019,10.040952,0.000000,0.998225,1038,1039
4221,0.000000,0.000000,-0.000000,10.010198,0.000000,0.998189,993,994
9644,0.002489,-0.003366,-0.011607,3.400316,0.000000,1.004156,939,940
7025,-0.000000,0.000000,0.000000,9.287486,0.000000,0.998149,945,946
2243,-0.000000,-0.000000,-0.000000,9.931038,0.000000,0.998076,932,933
7989,-0.005457,-0.000631,0.001347,10.136226,-0.000000,1.003287,1022,1023
3694,-0.001148,0.003667,0.004289,9.909080,0.000000,0.999166,1010,1011
9002,0.001966,-0.004290,0.002176,11.481036,0.000000,0.998904,999,1000
715,0.004658,-0.002501,-0.001827,10.217447,0.000000,1.000881,1027,1028
2307,-0.007674,0.002365,0.005774,10.614740,0.000000,0.999859,1009,1010
6681,-0.000000,-0.000000,0.000000,14.376901,0.000000,0.997991,1022,1023
3620,0.002318,0.004183,0.004227,8.945417,0.000000,1.001855,960,961
7176,0.000609,-0.005549,-0.002376,9.363559,0.000000,1.000669,1001,1002
4346,-0.000000,0.000000,-0.000000,8.546628,0.000000,0.998329,1014,1015
2406,-0.000000,0.000000,-0.000000,9.932241,0.000000,0.998212,1003,1004
9826,0.004673,0.007940,-0.005492,16.273606,-0.000000,1.003347,977,978
617,0.010639,-0.003711,0.019646,10.668982,0.000000,1.015809,990,991
4652,0.007784,0.006420,0.000866,10.232474,0.000000,1.003990,1024,1025
6597,0.006671,-0.011296,0.010442,7.535658,-0.000000,1.009139,999,1000
5610,-0.000000,-0.000000,-0.000000,12.731453,0.000000,0.998079,1023,1024
7105,-0.004459,0.001244,-0.005267,7.184721,0.000000,1.001285,1076,1077
9761,0.003447,-0.003059,-0.014733,8.433694,0.000000,1.003646,991,992
8319,0.000000,0.000000,-0.000000,12.846608,-0.000000,0.998024,998,999
4641,0.000000,-0.000000,0.000000,10.021254,0.000000,0.998211,1006,1007
3383,-0.001975,0.001444,-0.005082,10.567568,0.000000,0.998409,978,979
8760,-0.000000,-0.000000,-0.000000,9.323168,0.000000,0.998306,1034,1035
1730,0.015469,-0.005700,0.017366,10.997592,0.000000,1.014984,955,956
5603,0.000591,0.004789,-0.000472,11.930870,0.000000,1.001128,1089,1090
9354,-0.003100,0.002263,-0.007905,9.305399,0.000000,0.996568,982,983
6384,-0.006418,0.001505,-0.003171,11.747499,0.000000,0.996802,1008,1009
1769,0.001434,-0.005323,-0.002031,9.995047,-0.000000,0.996494,946,947
983,-0.000000,-0.000000,-0.000000,9.963298,0.000000,0.998258,1031,1032
3025,-0.004707,-0.000934,-0.003181,9.796360,0.000000,1.000079,1039,1040
5501,-0.001753,-0.001577,-0.004808,11.166658,0.000000,0.997441,989,990
1151,0.000000,0.000000,-0.000000,10.046915,0.000000,0.998112,954,955
7443,0.003685,-0.006562,-0.000038,11.676171,0.000000,0.998695,995,996
5739,0.000000,0.000000,0.000000,11.377892,0.000000,0.998025,955,956
6236,0.004243,-0.001090,-0.002052,12.275237,-0.000000,1.001546,1049,1050
7343,-0.008834,0.004746,0.001234,7.533058,0.000000,0.999500,989,990
4957,-0.002689,-0.000748,0.007902,10.244609,-0.000000,1.002245,960,961
2981,0.000000,0.000000,-0.000000,9.370390,0.000000,0.998240,997,998
8989,0.000948,-0.006605,0.005145,9.780479,-0.000000,1.004864,1011,1012
916,0.000000,-0.000000,-0.000000,10.079616,0.000000,0.998214,1010,1011
545,-0.004147,0.003678,-0.000681,10.294217,0.000000,1.001110,1023,1024
6396,-0.000000,0.000000,-0.000000,11.731496,0.000000,0.998126,1018,1019
7360,0.000000,0.000000,0.000000,12.374812,0.000000,0.998015,980,981
9587,0.006355,0.015788,-0.004954,5.955445,0.000000,1.007024,977,978
655,0.008384,0.000633,-0.006006,10.278490,0.000000,0.995805,953,954
5173,-0.000000,0.000000,0.000000,5.935356,0.000000,0.998473,964,965
2564,-0.000000,-0.000000,0.000000,8.634235,0.000000,0.998235,964,965
9807,0.000159,0.004565,0.001833,12.691540,0.000000,0.997850,963,964
9293,0.000000,-0.000000,-0.000000,6.660312,-0.000000,0.998374,947,948
1731,-0.011652,0.007691,-0.009602,10.788461,0.000000,1.009134,988,989
6594,-0.002904,-0.007406,0.004220,9.427675,0.000000,1.001971,942,943
1814,-0.000000,-0.000000,-0.000000,10.172809,-0.000000,0.998099,952,953
9966,-0.002229,0.005572,-0.003763,7.671803,0.000000,0.998399,954,955
5868,-0.003604,0.003703,0.001432,11.145569,0.000000,1.000268,986,987
3946,-0.000000,0.000000,0.000000,9.101317,0.000000,0.998342,1047,1048
2180,0.005030,-0.000779,-0.003085,9.650836,0.000000,0.999276,995,996
826,-0.002767,-0.003774,-0.003623,10.199847,0.000000,0.999232,928,929
3319,-0.007913,0.005646,-0.003039,10.021637,-0.000000,1.007058,1036,1037
997,-0.001615,0.000138,0.005353,10.239707,0.000000,1.000488,1019,1020
2395,-0.003621,0.003523,-0.002767,9.951126,-0.000000,0.998444,986,987
8367,0.004016,0.003110,0.000003,12.574921,0.000000,0.998200,934,935
7903,-0.008118,0.001663,-0.018088,6.975423,0.000000,1.013878,964,965
4726,0.001743,0.002428,-0.006946,10.770751,0.000000,0.996652,1066,1067
3145,0.004147,0.006948,-0.006940,10.154675,0.000000,1.001973,939,940
8923,-0.000000,0.000000,-0.000000,13.793916,0.000000,0.998059,1042,1043
7883,0.001472,-0.010835,0.008541,6.672706,-0.000000,1.011860,1005,1006
8986,-0.006139,-0.000664,-0.000403,14.454302,0.000000,1.000457,1037,1038
3061,0.000000,-0.000000,-0.000000,10.023956,0.000000,0.998218,1010,1011
818,-0.005418,0.000185,0.001459,10.277366,0.000000,1.002642,1021,1022
234,-0.005652,-0.001032,-0.000739,10.319983,0.000000,1.000533,959,960
5747,0.000000,0.000000,0.000000,11.461081,0.000000,0.998178,1038,1039
2718,-0.006553,-0.001807,0.010223,9.835648,0.000000,1.003120,1001,1002
7363,0.005549,-0.005421,0.003338,9.676683,0.000000,1.005853,1033,1034
4572,0.001095,0.004092,0.004582,9.361560,0.000000,1.002695,965,966
9206,-0.000000,0.000000,-0.000000,7.810700,0.000000,0.998367,1003,1004
7313,0.003562,0.003153,0.007872,15.038667,0.000000,1.005541,970,971
2581,-0.000000,0.000000,-0.000000,9.899628,0.000000,0.998294,1050,1051
3136,-0.000000,0.000000,-0.000000,9.527839,0.000000,0.998291,1033,1034
8350,-0.007612,-0.002540,0.008009,10.669474,0.000000,1.008676,1055,1056
1670,0.000000,0.000000,0.000000,9.762513,0.000000,0.998161,969,970
275,-0.000626,-0.002228,0.007850,10.416448,0.000000,0.998986,978,979
5072,0.002891,0.013846,0.013114,10.606678,0.000000,1.006298,1004,1005
2211,-0.001138,0.004816,0.002748,10.394835,0.000000,1.002411,993,994
3618,-0.001697,0.001508,-0.004796,11.103514,-0.000000,1.000560,1028,1029
7672,0.009418,-0.002051,-0.002492,10.736726,0.000000,1.002519,995,996
280,0.000000,-0.000000,-0.000000,9.980282,-0.000000,0.998165,979,980
561,0.003440,0.010843,-0.009488,10.286514,0.000000,1.000507,973,974
9513,0.000000,-0.000000,-0.000000,5.124004,-0.000000,0.998546,956,957
2657,0.004372,-0.000862,0.003676,10.136026,0.000000,0.998681,974,975
7652,-0.003021,0.001251,-0.011591,5.878639,0.000000,1.008603,1017,1018
630,-0.002380,-0.004347,-0.002994,10.205200,0.000000,0.999690,965,966
8347,0.003845,-0.001514,0.000497,15.474028,0.000000,0.999694,1007,1008
3748,0.007710,0.000782,-0.003175,10.008203,0.000000,1.003566,1006,1007
1751,0.006902,-0.003263,-0.002777,10.142391,0.000000,1.003562,1012,1013
7928,-0.000000,-0.000000,-0.000000,12.864048,0.000000,0.997888,934,935
2334,-0.000580,-0.004524,-0.003504,10.151625,0.000000,0.998293,988,989
6878,0.000000,-0.000000,-0.000000,12.560755,0.000000,0.998048,1002,1003
4848,0.005831,0.005165,-0.003085,10.321572,0.000000,1.001282,959,960
5492,-0.001705,-0.001501,-0.006135,8.583480,0.000000,1.001911,973,974
3576,-0.000000,0.000000,0.000000,10.365649,0.000000,0.998169,995,996
7482,-0.002112,-0.003264,-0.002811,12.876674,0.000000,1.001677,993,994
3095,0.004148,0.001236,-0.003739,10.180246,0.000000,0.999681,994,995
1324,-0.000000,0.000000,0.000000,10.105109,0.000000,0.998222,1015,1016
1435,0.000069,-0.016278,0.005984,10.193990,0.000000,1.005810,1026,1027
543,0.002304,-0.007624,-0.012244,10.514305,-0.000000,1.008424,1003,1004
3863,-0.004678,0.002155,-0.000804,11.387163,0.000000,1.000704,1016,1017
9674,-0.000000,-0.000000,-0.000000,8.407754,0.000000,0.998255,965,966
4965,-0.000000,-0.000000,-0.000000,10.611383,0.000000,0.998043,939,940
5623,-0.008050,0.004575,-0.009440,8.638902,0.000000,1.000967,1009,1010
9634,-0.006095,0.004378,-0.003562,10.110993,-0.000000,0.999962,989,990
7031,-0.001678,0.003317,-0.005682,7.791705,-0.000000,1.001656,1019,1020
9867,-0.000230,0.004263,-0.006076,11.866614,0.000000,0.997719,969,970
4251,0.001025,-0.003973,0.003662,10.689596,0.000000,1.001833,997,998
9277,0.000000,-0.000000,0.000000,14.160171,0.000000,0.997884,965,966
9493,-0.010220,0.006897,-0.004272,6.974678,0.000000,1.005772,1026,1027
9218,-0.003558,0.003557,-0.007523,9.020034,0.000000,1.004738,980,981
1780,-0.000000,0.000000,0.000000,10.178705,0.000000,0.998159,983,984
5382,-0.006625,0.002827,0.000996,7.056272,0.000000,1.001937,1036,1037
5298,0.005707,-0.001171,0.000395,9.865396,0.000000,1.002972,1009,1010
9897,-0.000102,0.005128,0.004495,8.191821,-0.000000,0.999501,957,958
4604,-0.003134,0.004637,0.002625,9.032480,0.000000,1.000835,1014,1015
1830,0.002420,0.007197,-0.003127,10.229489,0.000000,0.997943,979,980
5735,0.006360,0.004521,0.007948,11.321792,-0.000000,1.008583,993,994
9835,-0.007089,-0.003736,-0.000484,10.115858,0.000000,0.995990,1045,1046
7682,0.008975,0.006212,0.011937,7.811873,-0.000000,1.009077,1031,1032
6990,-0.009377,-0.004803,0.004908,11.055613,0.000000,1.006168,948,949
6509,0.000000,0.000000,0.000000,11.817267,0.000000,0.998086,999,1000
7757,0.002034,-0.006620,0.002305,11.891639,0.000000,1.001839,1014,1015
7314,-0.008762,-0.000253,-0.014518,7.396234,-0.000000,1.003403,977,978
9363,0.000000,-0.000000,0.000000,8.997617,0.000000,0.998168,943,944
3654,-0.002037,-0.007749,0.006168,10.388211,0.000000,1.004798,979,980
1441,0.000000,0.000000,-0.000000,10.011665,0.000000,0.998221,1011,1012
6362,-0.001891,-0.015134,-0.003924,10.555786,0.000000,1.008544,1022,1023
7634,-0.000045,-0.003851,0.003511,12.033637,0.000000,0.999484,940,941
2958,0.000000,-0.000000,-0.000000,10.416894,-0.000000,0.998226,1029,1030
4656,0.000463,0.005413,-0.001395,10.222415,0.000000,1.001874,1039,1040
9785,-0.000864,-0.006568,0.004642,10.241191,0.000000,1.002612,1021,1022
1763,0.003493,0.002301,-0.003718,10.211378,0.000000,0.996501,1015,1016
1510,0.002141,0.006047,0.005321,10.528716,0.000000,1.003694,946,947
96,0.000000,0.000000,0.000000,9.950641,-0.000000,0.998220,1008,1009
538,0.000000,0.000000,0.000000,10.074924,0.000000,0.998162,981,982
4423,-0.004178,0.003594,0.000102,10.635643,0.000000,1.002323,1019,1020
7549,0.002442,0.003326,-0.006412,11.594244,-0.000000,1.001740,970,971
9555,-0.001714,0.005145,-0.001212,10.387456,0.000000,0.999122,1013,1014
6453,0.003090,-0.006438,0.001628,12.613846,0.000000,1.001320,930,931
4928,0.000128,-0.002405,0.005368,9.376667,0.000000,1.000565,1058,1059
3439,-0.000000,0.000000,-0.000000,10.359009,0.000000,0.998212,1019,1020
7034,0.000000,0.000000,0.000000,13.754395,0.000000,0.997906,965,966
5745,0.001836,-0.007088,-0.004241,9.711173,0.000000,0.997319,1001,1002
8151,0.004882,-0.002683,0.003295,13.982086,0.000000,0.999310,1006,1007
767,0.006188,0.004993,0.006055,10.215127,0.000000,1.000848,1014,1015
89,-0.000000,0.000000,-0.000000,10.051479,0.000000,0.998129,963,964
3371,0.000000,-0.000000,0.000000,9.034704,0.000000,0.998171,946,947
7246,0.002859,0.000751,0.005400,9.355284,0.000000,0.999415,958,959
7898,-0.000235,0.005405,-0.007140,15.300665,0.000000,1.002446,966,967
980,0.000000,-0.000000,0.000000,10.107570,0.000000,0.998177,990,991
6229,0.000000,0.000000,-0.000000,7.982039,0.000000,0.998341,995,996
2084,0.001562,0.002774,-0.005068,9.892930,0.000000,1.002686,959,960
6221,-0.000000,-0.000000,-0.000000,9.353497,0.000000,0.998207,978,979
6690,0.004016,-0.000913,-0.003809,10.552431,0.000000,1.002231,1000,1001
5448,0.003432,-0.007245,0.001864,10.167499,0.000000,1.005482,1012,1013
8626,-0.002372,0.004094,-0.002834,10.945997,0.000000,1.000659,972,973
4854,0.004166,0.003694,0.000661,10.481754,0.000000,0.995545,988,989
7968,0.007182,0.002959,-0.000574,11.352602,0.000000,1.002082,957,958
7924,-0.008405,0.001867,-0.001376,12.736210,0.000000,1.004134,992,993
3265,0.000000,-0.000000,-0.000000,9.323762,0.000000,0.998234,992,993
2117,0.003500,0.005233,0.007653,10.653191,0.000000,1.002589,1003,1004
4395,-0.002786,0.002851,-0.003627,11.141198,0.000000,0.998845,990,991
1174,0.002526,0.001307,0.004850,10.339195,0.000000,0.996354,1012,1013
6420,0.006391,0.008617,-0.001601,11.406537,0.000000,1.002665,1021,1022
4580,-0.002239,-0.004333,-0.007642,9.243910,0.000000,0.999722,959,960
3391,0.001431,-0.004469,0.003184,10.331268,0.000000,0.996193,974,975
3172,-0.010204,-0.008920,0.010780,10.310143,0.000000,1.009904,1003,1004
5309,0.000000,-0.000000,0.000000,9.312243,0.000000,0.998272,1013,1014
461,-0.000303,-0.001949,0.005209,10.474317,0.000000,1.001481,1029,1030
2457,-0.000000,-0.000000,-0.000000,9.706842,-0.000000,0.998231,1005,1006
472,0.000917,-0.001739,-0.005362,10.233466,0.000000,0.999480,987,988
7125,0.000000,0.000000,0.000000,8.672673,0.000000,0.998291,997,998
2225,-0.000000,-0.000000,-0.000000,10.095827,0.000000,0.998107,953,954
3554,-0.008228,0.000944,0.000384,9.831524,-0.000000,0.999030,1023,1024
5971,0.000000,0.000000,-0.000000,10.027791,0.000000,0.998254,1031,1032
3077,-0.003414,0.002837,0.002968,10.795173,0.000000,0.994139,1018,1019
3287,-0.000617,-0.004869,0.003877,9.200915,0.000000,0.997115,950,951
5201,0.003465,-0.000898,0.002830,14.031517,0.000000,0.999613,979,980
352,0.000000,0.000000,0.000000,9.973740,-0.000000,0.998193,994,995
6817,-0.000000,0.000000,0.000000,11.298647,-0.000000,0.998020,950,951
2483,-0.006975,-0.006126,-0.003877,10.643013,0.000000,1.003608,971,972
972,-0.000000,0.000000,0.000000,10.025604,0.000000,0.998098,946,947
4082,-0.000000,0.000000,0.000000,8.203876,0.000000,0.998311,988,989
6772,0.007984,0.001521,0.000986,10.390101,0.000000,1.005897,1000,1001
6876,0.001183,0.003651,-0.003410,11.323756,0.000000,0.999590,1038,1039
1617,0.004697,0.000178,0.006605,10.437693,0.000000,1.000467,993,994
8298,-0.005688,0.006146,0.009633,5.298854,0.000000,1.001358,992,993
8213,-0.006111,0.002811,0.001545,13.001955,-0.000000,0.997351,981,982
6226,-0.014089,-0.006875,0.006096,7.495815,0.000000,1.004370,976,977
2638,-0.004803,0.003138,0.000832,9.741369,0.000000,1.002498,1029,1030
7122,-0.000702,-0.000364,-0.008660,12.801804,0.000000,1.000777,991,992
2410,0.007476,0.002985,-0.001832,10.264917,0.000000,1.000547,980,981
4269,0.004746,-0.001963,-0.001745,11.097216,0.000000,0.999115,993,994
3395,0.003491,-0.002434,-0.003511,11.043630,0.000000,1.000807,953,954
2928,-0.002366,-0.003299,-0.025720,9.906862,0.000000,1.003379,1011,1012
5961,0.000000,0.000000,-0.000000,8.968462,0.000000,0.998286,1007,1008
403,0.000000,0.000000,0.000000,10.032263,0.000000,0.998138,967,968
8300,-0.005793,-0.005900,-0.019322,7.760819,0.000000,1.011815,1014,1015
7304,-0.004035,0.002128,-0.004784,7.940308,0.000000,0.999121,1049,1050
8715,-0.000000,0.000000,0.000000,13.858994,0.000000,0.997941,984,985
7525,0.002493,0.000894,-0.014305,12.531423,0.000000,1.004705,957,958
937,-0.002161,0.005563,0.005093,10.405406,0.000000,0.999582,1067,1068
1571,0.008287,-0.001946,-0.005439,10.510491,0.000000,1.001335,975,976
9968,-0.003935,-0.006058,0.005690,8.394114,0.000000,1.003062,1046,1047
8312,-0.001160,0.003670,-0.001409,15.526851,0.000000,0.995430,1046,1047
4866,0.000000,-0.000000,-0.000000,8.300515,-0.000000,0.998305,989,990
3368,-0.000464,0.005662,0.001152,9.857616,0.000000,0.998132,1010,1011
6007,0.000000,0.000000,0.000000,10.319416,-0.000000,0.998188,1004,1005
9961,-0.001909,-0.000848,-0.003181,17.726760,0.000000,0.998312,993,994
8723,-0.005082,-0.013308,0.006834,14.898914,0.000000,0.998012,1011,1012
1130,-0.005173,-0.002313,-0.000201,10.004561,0.000000,0.999048,1023,1024
3434,0.000000,0.000000,-0.000000,9.407946,0.000000,0.998285,1025,1026
1580,0.000000,0.000000,-0.000000,10.286295,0.000000,0.998159,987,988
3912,-0.004213,0.021870,-0.017611,10.623213,0.000000,1.015402,998,999
659,0.004790,-0.000967,-0.002711,10.131432,-0.000000,0.994864,1024,1025
1287,0.000020,-0.004539,-0.003379,10.126587,0.000000,0.996613,1004,1005
2142,-0.001968,-0.007475,-0.000955,11.260110,0.000000,1.001729,970,971
9373,0.000000,0.000000,0.000000,8.992286,0.000000,0.998276,1002,1003
4966,-0.000000,-0.000000,0.000000,10.865130,0.000000,0.998000,927,928
6138,0.000000,0.000000,-0.000000,10.870010,0.000000,0.998140,997,998
8726,0.009888,0.011921,0.004146,10.376700,0.000000,1.008447,1001,1002
8893,-0.000000,0.000000,-0.000000,14.162541,0.000000,0.997992,1017,1018
2828,-0.000000,-0.000000,0.000000,9.793007,0.000000,0.998178,979,980
5019,-0.001109,-0.005035,0.000502,11.550671,0.000000,0.997529,1009,1010
2435,-0.002658,0.023519,0.008711,11.620432,-0.000000,1.018913,937,938
3482,0.009148,-0.000273,0.007869,10.335589,0.000000,1.002028,974,975
4022,0.000000,0.000000,0.000000,9.148225,0.000000,0.998205,969,970
6269,0.003143,-0.002048,-0.003990,10.934091,0.000000,1.001792,979,980
4653,0.001913,-0.002658,0.003362,13.515202,0.000000,0.999931,980,981
1865,-0.001029,0.005527,-0.000075,10.403303,-0.000000,0.998386,1001,1002
5706,-0.003303,0.001799,-0.002914,12.578173,0.000000,1.000925,1060,1061
8447,-0.004336,-0.005890,0.008647,8.836599,0.000000,0.994006,972,973
351,-0.000000,0.000000,0.000000,9.967706,0.000000,0.998265,1035,1036
2667,0.004376,-0.003321,0.001536,10.320340,0.000000,0.997985,980,981
1532,-0.001527,-0.001891,-0.005004,10.329256,0.000000,0.998293,1024,1025
9584,-0.000000,-0.000000,-0.000000,4.920842,0.000000,0.998611,985,986
2931,-0.002431,0.000536,0.004955,10.423798,0.000000,0.997661,1006,1007
669,0.000000,-0.000000,-0.000000,10.049264,0.000000,0.998251,1030,1031
8869,-0.000789,0.008276,-0.002137,5.364884,0.000000,1.003761,1049,1050
4587,-0.006940,0.004358,0.002125,9.954704,-0.000000,0.996211,977,978
8589,0.005408,0.006547,-0.002804,12.687796,0.000000,1.000149,929,930
516,-0.000000,0.000000,-0.000000,9.955340,0.000000,0.998134,962,963
1014,-0.008813,-0.002768,-0.007447,10.361385,0.000000,1.006460,988,989
6305,-0.000000,-0.000000,-0.000000,10.797691,0.000000,0.998095,971,972
35,-0.003108,-0.000016,-0.004668,10.298539,0.000000,0.999055,1013,1014
8692,-0.001977,0.004812,-0.000373,11.830968,0.000000,1.001697,979,980
2911,0.007232,-0.000319,0.003689,10.695530,0.000000,1.005771,978,979
6335,-0.012065,0.013909,0.002774,6.220532,0.000000,1.012073,1062,1063
7490,-0.000387,-0.002512,0.003836,13.604204,0.000000,0.998216,1000,1001
8310,-0.000344,-0.001553,0.004808,12.149624,0.000000,0.999093,996,997
2197,-0.000000,-0.000000,0.000000,10.486648,0.000000,0.998264,1054,1055
9095,-0.001340,-0.000038,-0.004301,13.900745,0.000000,0.998077,1018,1019
5494,-0.000000,-0.000000,-0.000000,10.948571,0.000000,0.998097,977,978
399,-0.000444,-0.000839,0.005637,10.353912,0.000000,1.002970,984,985
8546,-0.004094,-0.014849,0.009590,4.581862,0.000000,1.008694,971,972
1443,-0.004125,0.003426,0.001659,10.013319,0.000000,0.998300,1038,1039
6837,0.007211,-0.003215,0.013560,10.353558,0.000000,1.006715,1033,1034
7590,0.000000,-0.000000,0.000000,12.264672,0.000000,0.998010,974,975
4420,0.000000,-0.000000,-0.000000,9.154475,0.000000,0.998205,969,970
7945,0.000000,0.000000,-0.000000,12.753638,0.000000,0.998076,1022,1023
4575,-0.002801,0.004609,0.001444,10.522387,-0.000000,1.002855,999,1000
9308,0.006660,-0.013696,-0.000581,11.269493,-0.000000,1.007178,998,999
1101,-0.001696,0.007318,-0.006661,10.499556,0.000000,1.008043,1015,1016
4480,0.001103,-0.004313,-0.003829,9.780376,0.000000,1.000367,996,997
33,0.000000,-0.000000,0.000000,10.016605,0.000000,0.998197,998,999
2450,0.000000,-0.000000,0.000000,10.377268,-0.000000,0.998177,1000,1001
5914,0.001975,0.004489,0.003303,9.604453,0.000000,0.996960,991,992
4968,0.000045,0.006388,-0.001351,8.494896,0.000000,1.000881,992,993
9933,-0.004914,-0.002351,-0.000495,10.896328,0.000000,1.002184,990,991
8556,0.000000,0.000000,-0.000000,4.847680,0.000000,0.998718,1061,1062
6572,-0.000000,0.000000,-0.000000,12.854685,-0.000000,0.998030,1001,1002
8608,-0.018774,-0.006004,-0.002487,7.833751,-0.000000,1.012986,971,972
3578,-0.000000,-0.000000,-0.000000,10.512649,0.000000,0.998193,1014,1015
4053,0.000000,-0.000000,0.000000,9.986812,0.000000,0.998221,1010,1011
4552,-0.011832,-0.026024,0.004336,8.483206,-0.000000,1.012866,1020,1021
8384,0.000000,0.000000,-0.000000,11.591843,0.000000,0.998016,957,958
9036,0.000000,-0.000000,0.000000,7.427903,0.000000,0.998309,950,951
793,-0.000000,0.000000,-0.000000,9.957515,0.000000,0.998112,951,952
4515,0.041869,-0.028306,0.003417,8.633390,0.000000,1.018258,983,984
6833,-0.003704,0.002667,-0.003599,10.332744,-0.000000,1.001115,957,958
4956,0.004763,0.000176,-0.003108,10.294168,0.000000,1.000468,989,990
1842,-0.011994,-0.000348,0.008518,10.688481,0.000000,1.008310,984,985
4161,0.000928,-0.005408,0.001643,9.941514,-0.000000,0.998552,1022,1023
6967,0.001044,0.002617,0.004453,10.984728,0.000000,1.000316,1030,1031
3489,0.001290,-0.003304,0.005002,9.233279,0.000000,1.000858,985,986
8878,-0.000000,-0.000000,-0.000000,9.267239,0.000000,0.998287,1020,1021
44,-0.000000,0.000000,0.000000,10.025987,0.000000,0.998173,985,986
4712,0.000000,0.000000,0.000000,8.719620,0.000000,0.998324,1019,1020
5886,0.003209,-0.004684,0.000715,9.879268,0.000000,0.998867,1028,1029
9913,-0.002218,-0.006240,-0.001244,8.330356,0.000000,1.002599,957,958
1743,-0.000000,-0.000000,-0.000000,10.068074,0.000000,0.998149,974,975
2634,-0.000000,0.000000,0.000000,9.982521,0.000000,0.998163,978,979
4391,-0.012397,0.005232,-0.001353,10.617576,0.000000,1.000608,946,947
1576,-0.000000,-0.000000,-0.000000,9.986970,-0.000000,0.998170,982,983
2577,-0.001353,-0.009317,0.008020,10.328974,0.000000,0.996441,906,907
2459,-0.000000,-0.000000,0.000000,10.433080,0.000000,0.998186,1007,1008
9051,0.010705,-0.014875,-0.009711,6.561436,0.000000,1.008703,982,983
9318,0.000000,0.000000,-0.000000,10.989063,0.000000,0.998167,1016,1017
5060,-0.008111,-0.003338,-0.012549,8.666662,0.000000,1.009420,996,997
3826,0.002809,0.003512,0.006971,9.896805,0.000000,0.998613,1006,1007
3462,0.000715,-0.005817,-0.000219,9.575836,0.000000,1.000368,1020,1021
4011,-0.017295,-0.002292,0.006904,9.556299,0.000000,1.008137,958,959
3075,-0.008000,-0.001220,0.003130,9.309640,0.000000,0.997420,991,992
4598,0.002343,0.003040,0.003472,11.918076,0.000000,1.000524,977,978
2518,-0.000000,0.000000,0.000000,9.693555,0.000000,0.998317,1056,1057
1080,-0.005331,-0.004622,0.013462,10.449457,0.000000,1.004086,1071,1072
3746,-0.004457,0.003330,-0.002164,9.847760,-0.000000,1.000559,961,962
6769,0.004348,0.002110,0.003450,9.415986,0.000000,1.000154,1037,1038
292,0.000000,0.000000,-0.000000,10.030071,0.000000,0.998079,937,938
2730,-0.000000,0.000000,-0.000000,10.182057,0.000000,0.998259,1040,1041
1294,0.003424,-0.002580,0.006977,10.385613,0.000000,0.998335,977,978
5116,0.000000,-0.000000,0.000000,8.823420,0.000000,0.998267,990,991
1605,-0.007583,0.007303,-0.006320,10.459501,0.000000,1.007807,952,953
3248,-0.009254,-0.004924,-0.004806,8.531653,0.000000,0.998581,994,995
1819,-0.004968,0.001357,-0.002335,10.094377,-0.000000,0.998185,1025,1026
9783,-0.000000,0.000000,0.000000,8.024120,0.000000,0.998310,979,980
8194,-0.010265,0.003798,0.009906,13.920771,0.000000,1.004803,1017,1018
439,0.000000,-0.000000,-0.000000,10.084437,0.000000,0.998198,1001,1002
9251,0.004846,0.004411,0.003869,10.976697,0.000000,1.000166,1035,1036
9955,0.000000,-0.000000,0.000000,15.876056,-0.000000,0.997810,971,972
1779,0.000000,0.000000,-0.000000,9.990771,0.000000,0.998162,978,979
3052,-0.000000,-0.000000,-0.000000,10.470979,0.000000,0.998156,992,993
6159,0.003512,0.002710,0.001278,13.830899,0.000000,1.001211,970,971
5389,-0.000000,-0.000000,-0.000000,11.457258,0.000000,0.998180,1039,1040
4534,-0.000000,-0.000000,0.000000,10.512985,0.000000,0.998254,1049,1050
8005,-0.000000,-0.000000,0.000000,10.098637,0.000000,0.998201,1003,1004
8090,0.000000,-0.000000,-0.000000,8.739233,0.000000,0.998296,1003,1004
6723,-0.020258,0.018111,-0.011956,10.097436,-0.000000,1.014048,990,991
4236,0.002261,-0.002976,-0.003511,11.843583,0.000000,0.997428,991,992
4921,-0.006452,0.002335,-0.003839,10.338474,-0.000000,1.005123,1063,1064
6300,0.000000,-0.000000,-0.000000,10.492339,-0.000000,0.998236,1038,1039
9113,-0.000000,0.000000,0.000000,10.183772,-0.000000,0.998244,1031,1032
9142,0.002641,0.020499,-0.012591,9.890711,0.000000,1.014450,972,973
5234,0.007962,0.007954,0.003780,12.094598,0.000000,1.001124,980,981
8925,-0.005735,-0.000262,-0.006257,13.286655,0.000000,1.000301,984,985
228,-0.000586,0.003917,0.004116,10.265147,0.000000,1.000429,988,989
5493,-0.000000,-0.000000,-0.000000,9.967793,-0.000000,0.998217,1007,1008
5307,-0.000000,0.000000,0.000000,9.911755,0.000000,0.998124,955,956
9476,0.000000,0.000000,-0.000000,6.351126,0.000000,0.998502,1009,1010
6812,0.002651,0.006545,0.000229,7.349135,0.000000,0.993429,994,995
4026,-0.010124,0.001912,0.005054,11.081336,0.000000,1.005455,992,993
7438,-0.001661,-0.003687,0.006523,11.408231,0.000000,1.002461,969,970
3035,0.000079,-0.005501,-0.002251,9.401114,0.000000,0.996568,1020,1021
3503,-0.001151,-0.004997,0.001340,10.774038,0.000000,0.997526,1055,1056
8493,-0.001325,-0.000735,0.003712,15.320138,0.000000,0.998525,1101,1102
5115,-0.001145,0.000115,-0.004812,12.090704,0.000000,1.000549,1034,1035
6742,0.000000,0.000000,0.000000,10.348944,0.000000,0.998197,1010,1011
9155,0.000976,-0.002065,0.004062,13.065384,0.000000,0.995392,1017,1018
6376,0.004182,-0.001725,0.002147,12.189403,0.000000,0.999814,1010,1011
8807,0.006429,-0.016540,0.012538,5.922007,0.000000,1.014642,1002,1003
654,-0.003181,-0.003276,0.003563,10.149125,-0.000000,0.998397,958,959
3062,0.006809,0.000525,0.004308,10.142144,0.000000,0.997074,1009,1010
2893,-0.006038,0.010259,0.001225,10.377835,0.000000,1.004930,969,970
1446,0.003249,-0.000860,0.004273,10.545850,0.000000,1.001187,1049,1050
6245,-0.000000,-0.000000,-0.000000,10.031848,0.000000,0.998172,985,986
2738,-0.001008,0.000306,0.005771,10.467172,-0.000000,0.996966,921,922
6977,0.000000,-0.000000,0.000000,10.253227,0.000000,0.998159,986,987
5915,-0.000000,-0.000000,-0.000000,9.615644,0.000000,0.998115,940,941
8405,-0.005513,-0.008902,0.002151,16.064565,0.000000,0.998383,993,994
9490,0.000000,-0.000000,-0.000000,8.089047,0.000000,0.998368,1017,1018
774,-0.000000,-0.000000,0.000000,10.078220,0.000000,0.998186,994,995
5777,-0.001478,-0.003313,0.004395,10.047583,0.000000,0.996651,1011,1012
5414,0.005230,-0.002650,-0.001491,9.540319,-0.000000,1.002096,972,973
236,-0.000000,0.000000,0.000000,10.007992,0.000000,0.998174,985,986
1176,-0.004817,-0.002775,0.001299,10.458330,0.000000,1.002525,975,976
3641,-0.004940,-0.013247,0.001360,10.768532,0.000000,1.010592,1023,1024
9873,-0.000922,-0.001602,0.004666,12.594451,0.000000,0.997346,955,956
5363,0.008027,-0.001110,-0.005265,8.020991,0.000000,1.005360,1005,1006
177,0.000000,-0.000000,0.000000,10.017770,0.000000,0.998257,1032,1033
9985,-0.000000,0.000000,-0.000000,16.078176,0.000000,0.997709,932,933
7200,-0.000000,0.000000,0.000000,6.596872,0.000000,0.998536,1048,1049
4765,0.003406,0.003730,-0.004388,8.136329,0.000000,0.998743,1003,1004
8225,-0.000000,-0.000000,0.000000,10.603455,0.000000,0.998157,997,998
6301,-0.000415,-0.002349,-0.004842,10.983895,0.000000,0.999405,980,981
2495,-0.000000,-0.000000,-0.000000,9.961690,0.000000,0.998265,1035,1036
8680,-0.000000,0.000000,0.000000,8.055807,0.000000,0.998404,1038,1039
9007,-0.004857,-0.016015,-0.003584,2.571772,0.000000,1.006870,998,999
6886,-0.001426,-0.006561,-0.002684,12.027303,0.000000,0.999625,1034,1035
9141,0.006319,-0.000273,0.004965,6.057834,0.000000,0.998754,1032,1033
7030,-0.000000,0.000000,0.000000,15.695369,0.000000,0.997848,984,985
958,0.000000,0.000000,0.000000,10.022007,0.000000,0.998204,1002,1003
5609,-0.000530,0.005360,0.005215,11.107701,0.000000,1.003177,1071,1072
293,0.010846,0.004171,-0.000900,10.197467,0.000000,0.997258,1020,1021
6491,-0.002855,-0.001580,0.006616,12.401614,0.000000,0.997487,935,936
9750,0.004931,-0.001229,0.001529,11.779630,0.000000,1.000622,938,939
9143,-0.002172,0.001376,0.006029,8.322715,-0.000000,1.002305,1016,1017
5929,-0.004296,0.003062,0.000999,11.497358,0.000000,1.000122,962,963
7724,-0.001416,-0.005713,-0.002456,8.460050,0.000000,0.999711,1028,1029
1956,-0.000000,0.000000,-0.000000,9.933616,-0.000000,0.998122,955,956
8096,0.000000,0.000000,0.000000,7.062515,0.000000,0.998394,981,982
4278,0.000253,-0.005025,-0.002146,10.890669,0.000000,0.998483,978,979
2835,-0.000000,-0.000000,0.000000,10.042027,0.000000,0.998174,986,987
6515,0.000000,0.000000,-0.000000,9.681649,-0.000000,0.998224,1000,1001
9261,-0.002022,-0.002401,0.005346,9.010948,0.000000,1.002403,1005,1006
1696,0.005310,0.000489,-0.006349,10.139792,0.000000,1.000224,1004,1005
6372,-0.000000,0.000000,-0.000000,9.739627,0.000000,0.998271,1030,1031
2702,0.000000,-0.000000,0.000000,9.772884,-0.000000,0.998181,980,981
7841,0.003819,0.003730,0.004503,12.623175,0.000000,1.000183,1015,1016
1658,-0.004653,0.001903,0.006337,10.518973,-0.000000,0.998363,985,986
4337,-0.000000,0.000000,0.000000,9.570756,-0.000000,0.998177,970,971
9989,-0.000000,0.000000,-0.000000,14.932960,0.000000,0.997835,961,962
9428,0.005699,0.014450,-0.017096,2.884432,0.000000,1.010510,970,971
5310,0.000000,0.000000,0.000000,7.707348,0.000000,0.998430,1038,1039
7029,-0.001625,-0.002390,-0.005220,9.793434,0.000000,1.002629,968,969
2749,0.000000,0.000000,-0.000000,9.937473,-0.000000,0.998229,1013,1014
9869,0.000000,0.000000,0.000000,9.693057,0.000000,0.998256,1019,1020
8138,-0.000000,0.000000,0.000000,7.224031,0.000000,0.998378,980,981
2136,0.000000,0.000000,0.000000,9.957986,-0.000000,0.998207,1001,1002
2812,0.005008,0.000225,-0.002775,9.859988,0.000000,1.002258,1033,1034
4807,0.000000,-0.000000,-0.000000,8.107946,0.000000,0.998326,992,993
9433,0.004396,-0.004089,-0.015381,6.321437,0.000000,1.002029,1008,1009
6830,-0.002801,-0.004104,0.007600,12.015037,0.000000,1.006856,984,985
2871,-0.020752,0.004289,-0.005396,10.590047,0.000000,1.005571,988,989
6440,0.002401,-0.026978,0.001323,10.448367,0.000000,1.017789,992,993
3790,-0.000000,-0.000000,-0.000000,8.547993,0.000000,0.998283,987,988
7378,-0.000000,-0.000000,0.000000,7.426913,-0.000000,0.998235,910,911
6463,-0.001229,-0.006626,-0.008059,9.506390,0.000000,1.006882,1050,1051
9019,-0.000000,0.000000,-0.000000,7.075154,0.000000,0.998462,1025,1026
8473,-0.000000,0.000000,0.000000,13.465062,0.000000,0.998090,1050,1051
1486,-0.009721,-0.002635,0.001808,10.205865,0.000000,1.002147,993,994
1069,-0.000848,0.005421,0.001498,10.306700,0.000000,1.001097,989,990
5911,0.000000,-0.000000,0.000000,7.789394,0.000000,0.998267,944,945
8478,0.005168,0.001558,-0.003140,9.394501,0.000000,0.997702,923,924
1284,-0.000000,0.000000,-0.000000,9.895780,0.000000,0.998249,1023,1024
4381,-0.001290,0.016825,-0.008636,10.876877,0.000000,1.004096,982,983
5463,-0.000000,-0.000000,-0.000000,9.987170,0.000000,0.998201,999,1000
4266,-0.007413,0.006676,0.009600,10.160544,0.000000,1.007828,991,992
6048,0.006005,0.009537,-0.004220,10.049562,0.000000,1.009604,1023,1024
5560,-0.000986,0.004658,-0.002752,10.408851,0.000000,0.997283,1020,1021
1398,0.001069,0.000799,-0.007899,10.311432,0.000000,1.000978,1023,1024
1943,0.002413,0.007850,0.000563,10.244506,0.000000,1.005800,993,994
4129,0.003921,-0.001294,0.003472,10.596949,0.000000,0.998779,1039,1040
4273,-0.006370,-0.006159,-0.002242,8.654496,0.000000,1.005039,1018,1019
8251,0.000000,-0.000000,-0.000000,6.146335,0.000000,0.998538,1021,1022
4871,0.000000,0.000000,-0.000000,9.370672,0.000000,0.998263,1010,1011
6254,0.003900,0.002097,0.003045,11.157976,0.000000,1.000277,1003,1004
4503,-0.000000,-0.000000,-0.000000,10.467670,0.000000,0.998155,991,992
5437,0.020124,-0.000780,-0.000008,13.194659,0.000000,1.006278,972,973
2898,0.002058,0.002258,0.004506,10.535311,0.000000,1.000785,1050,1051
2321,-0.000000,0.000000,-0.000000,10.011707,0.000000,0.998330,1077,1078
6275,0.005763,0.011367,-0.011908,13.772807,0.000000,0.996780,993,994
4127,0.000000,-0.000000,-0.000000,10.569760,-0.000000,0.998230,1037,1038
9480,0.002918,0.004279,-0.000074,11.328246,0.000000,0.998742,1027,1028
321,-0.000000,-0.000000,0.000000,10.017794,0.000000,0.998258,1033,1034
2451,0.004513,0.003177,-0.000963,10.308856,-0.000000,1.002710,1035,1036
8761,0.003883,-0.012637,-0.006587,10.452578,0.000000,1.010106,1010,1011
9723,-0.005870,0.004795,-0.017168,9.224248,0.000000,1.012860,1048,1049
7633,0.003413,0.003327,-0.000833,12.771253,0.000000,0.998031,1001,1002
5979,0.002488,0.000000,0.004008,12.758395,0.000000,1.000792,1038,1039
8595,0.000000,-0.000000,0.000000,11.655205,0.000000,0.998129,1017,1018
9620,0.009570,-0.003207,-0.000151,9.606015,0.000000,0.997971,1089,1090
9701,0.000000,0.000000,0.000000,10.089124,0.000000,0.998200,1002,1003
14,0.001926,0.003510,0.004175,10.204331,0.000000,0.997586,967,968
7423,-0.005124,0.000425,0.000054,11.839166,0.000000,1.002827,1005,1006
4345,0.007259,-0.005832,-0.006343,11.396646,0.000000,1.007923,981,982
4703,-0.000448,0.004333,-0.001545,13.615698,0.000000,0.994322,1001,1002
5812,-0.003321,0.006861,0.003666,9.799434,0.000000,1.004115,1013,1014
5157,0.002918,0.010205,-0.007609,9.063876,0.000000,1.002274,978,979
2532,0.000000,0.000000,0.000000,9.638150,-0.000000,0.998275,1028,1029
2460,-0.003262,-0.008042,0.004618,10.576128,0.000000,0.998652,999,1000
3779,-0.000097,0.010098,0.006633,9.927587,0.000000,0.996220,980,981
7383,0.004622,-0.001662,-0.000506,12.273494,-0.000000,0.998405,1004,1005
2513,-0.004273,-0.002810,-0.007112,10.267394,0.000000,1.006457,893,894
2636,-0.000000,0.000000,0.000000,10.337361,-0.000000,0.998158,988,989
2377,-0.006656,-0.001884,-0.003927,10.351820,0.000000,1.003485,1042,1043
8498,0.000000,0.000000,0.000000,8.941088,0.000000,0.998278,1001,1002
5450,-0.011861,0.001523,0.003508,9.910525,0.000000,1.007467,943,944
4961,0.000000,0.000000,0.000000,10.698781,0.000000,0.998164,1004,1005
9938,-0.005906,0.002394,0.008604,3.745946,-0.000000,1.001861,1057,1058
8822,-0.005583,0.005528,0.014963,4.709833,0.000000,1.006691,1041,1042
4025,-0.020219,0.008479,-0.000255,11.395093,0.000000,1.016378,996,997
5325,0.000000,0.000000,-0.000000,10.349181,0.000000,0.998315,1081,1082
6820,0.003512,0.008001,0.002275,11.983815,0.000000,0.992810,1000,1001
3920,-0.012359,0.004022,0.000344,11.008506,0.000000,1.007127,989,990
672,-0.008379,-0.001166,0.020758,10.838583,0.000000,1.014003,932,933
405,0.000000,0.000000,-0.000000,9.971124,-0.000000,0.998178,986,987
1462,-0.004167,-0.003299,0.002222,10.226717,-0.000000,1.000235,975,976
3193,0.005799,0.004710,0.008014,11.496102,0.000000,1.002559,1004,1005
8341,-0.003178,-0.004570,-0.002310,9.724102,0.000000,1.001865,978,979
5211,0.000000,-0.000000,-0.000000,10.697137,0.000000,0.998141,992,993
4821,0.003472,-0.004616,0.001332,10.283962,0.000000,1.003227,921,922
2027,-0.000000,-0.000000,0.000000,10.528393,0.000000,0.998222,1031,1032
6339,0.000000,0.000000,-0.000000,8.915049,0.000000,0.998346,1041,1042
7471,-0.000000,0.000000,-0.000000,5.794700,-0.000000,0.998529,992,993
559,0.001826,0.004292,0.003090,10.241185,0.000000,0.999696,1024,1025
6978,0.000372,0.002377,0.004343,12.238625,-0.000000,1.001268,1008,1009
920,0.009050,-0.002070,-0.003576,10.334923,0.000000,1.004325,1035,1036
4170,0.006806,-0.001723,0.005998,8.655502,0.000000,1.003095,1003,1004
3259,-0.000000,0.000000,0.000000,10.688716,0.000000,0.998179,1012,1013
1511,0.000000,-0.000000,-0.000000,9.870567,0.000000,0.998239,1016,1017
6600,-0.007127,-0.000639,-0.001928,11.404792,0.000000,1.000635,1038,1039
3408,0.001422,0.004853,0.001841,10.353087,0.000000,0.999447,1087,1088
7758,0.000000,0.000000,-0.000000,13.472435,0.000000,0.997949,978,979
8092,-0.003834,0.001308,-0.013030,6.790466,0.000000,1.008617,991,992
8666,0.000000,-0.000000,-0.000000,15.380716,0.000000,0.997891,997,998
800,-0.000000,-0.000000,-0.000000,10.020846,0.000000,0.998168,982,983
2859,0.000000,-0.000000,0.000000,10.377937,0.000000,0.998179,1001,1002
1181,-0.004788,0.002006,0.002075,10.293538,0.000000,0.998506,1030,1031
9841,0.004620,-0.001114,0.002373,11.089298,0.000000,0.996204,994,995
3644,-0.000552,0.008226,0.014652,10.709832,0.000000,1.004197,992,993
9112,0.000000,0.000000,0.000000,13.057910,0.000000,0.998052,1018,1019
9976,-0.002485,0.009919,-0.003970,9.114682,0.000000,0.999474,1003,1004
6726,0.008674,0.009298,-0.000641,5.189492,0.000000,1.001461,1047,1048
1957,-0.000000,-0.000000,0.000000,9.972136,0.000000,0.998275,1041,1042
8474,-0.006996,0.004515,0.004846,8.325367,0.000000,1.005584,985,986
4342,-0.000795,0.006390,-0.001165,8.440340,0.000000,0.997277,986,987
5851,0.003598,-0.002509,-0.004441,8.967605,0.000000,0.996088,974,975
9817,0.000000,0.000000,-0.000000,11.048282,0.000000,0.998115,990,991
3029,0.000000,0.000000,0.000000,10.009614,0.000000,0.998111,952,953
951,-0.001763,-0.005001,-0.001305,10.332507,0.000000,0.999619,1063,1064
4452,0.000922,-0.002912,-0.004738,10.462488,0.000000,1.002488,986,987
1290,-0.000000,0.000000,0.000000,9.810776,0.000000,0.998258,1025,1026
5813,-0.000000,0.000000,0.000000,9.941497,-0.000000,0.998177,984,985
3102,0.008288,-0.001235,-0.014429,10.432620,0.000000,1.007473,1034,1035
7153,-0.000000,0.000000,0.000000,7.824568,0.000000,0.998346,991,992
8914,-0.009873,-0.000584,-0.005084,6.451888,-0.000000,1.001069,1009,1010
5469,0.017286,0.005333,0.007700,7.808248,0.000000,1.003264,998,999
4288,-0.003623,0.002503,-0.002840,11.665309,-0.000000,0.996846,954,955
5709,-0.000000,0.000000,0.000000,8.520332,-0.000000,0.998331,1014,1015
3679,0.001449,0.004307,-0.003255,10.326687,0.000000,1.001018,1023,1024
8948,0.000000,0.000000,0.000000,6.125845,0.000000,0.998388,925,926
8813,-0.000000,-0.000000,-0.000000,13.893105,0.000000,0.998069,1050,1051
5346,-0.000000,0.000000,-0.000000,10.196261,0.000000,0.998139,973,974
4632,0.001388,0.000071,-0.005366,10.515933,0.000000,0.994373,986,987
3261,-0.006134,0.005409,-0.002185,9.507257,0.000000,1.000093,1023,1024
2908,0.000000,-0.000000,-0.000000,10.300178,0.000000,0.998154,985,986
2403,-0.014376,-0.011644,0.004307,9.797638,0.000000,1.000440,981,982
2068,0.004810,-0.003564,0.000678,9.768975,0.000000,1.002770,960,961
4881,0.000765,-0.002904,-0.004910,9.968783,0.000000,0.998379,998,999
6693,-0.003257,-0.001329,-0.004573,10.159088,0.000000,1.001472,983,984
9641,-0.002817,-0.005220,0.000838,9.238853,0.000000,1.003684,1055,1056
3504,-0.000000,0.000000,0.000000,9.160276,0.000000,0.998279,1011,1012
6784,-0.005669,0.003503,-0.000583,8.035224,0.000000,1.002592,1012,1013
9667,0.000000,0.000000,0.000000,15.226724,0.000000,0.997781,944,945
8932,-0.013150,0.000063,0.011538,9.426233,0.000000,1.014390,1012,1013
9946,-0.003380,0.003363,-0.001818,12.493991,0.000000,1.001785,938,939
4218,-0.000000,0.000000,0.000000,11.066252,0.000000,0.998065,965,966
1026,0.004892,-0.002064,0.002253,10.119381,0.000000,0.998240,964,965
6899,0.000000,0.000000,0.000000,10.897633,0.000000,0.998232,1050,1051
1272,0.006872,0.002751,-0.003545,10.345729,0.000000,1.004261,979,980
9729,-0.004204,0.003653,0.000434,11.021255,0.000000,0.997099,932,933
8023,0.000000,-0.000000,0.000000,6.152907,0.000000,0.998560,1037,1038
1251,-0.003408,-0.002806,-0.003562,10.594447,0.000000,1.003581,990,991
2788,-0.000000,-0.000000,-0.000000,10.491405,0.000000,0.998173,1002,1003
622,0.000407,0.007361,0.003371,10.135011,0.000000,0.994119,1002,1003
2673,-0.005297,-0.000393,0.001918,10.329816,0.000000,1.001608,1002,1003
2274,0.012120,0.002695,-0.003351,10.881865,0.000000,1.002743,1000,1001
3541,-0.005050,0.006475,-0.005433,10.787946,0.000000,1.003633,999,1000
6945,0.013310,0.005002,-0.006904,11.590271,0.000000,1.002549,977,978
8175,0.002321,-0.001804,-0.002880,16.042789,0.000000,0.999474,1001,1002
558,0.000000,-0.000000,-0.000000,9.985052,0.000000,0.998146,969,970
4976,0.000000,0.000000,-0.000000,8.077884,0.000000,0.998403,1039,1040
4877,0.001584,0.002357,-0.004556,10.934779,0.000000,0.999731,1018,1019
8974,-0.000418,0.003205,-0.001732,18.416705,-0.000000,0.995626,993,994
4284,0.000000,0.000000,0.000000,11.227431,0.000000,0.998100,988,989
9969,-0.000000,-0.000000,-0.000000,10.013958,-0.000000,0.998072,933,934
5360,0.001169,0.001554,0.010834,8.993390,0.000000,1.001134,1003,1004
4992,0.000000,0.000000,-0.000000,9.283877,0.000000,0.998260,1005,1006
5700,-0.000000,0.000000,0.000000,9.349340,0.000000,0.998153,949,950
2713,0.000270,-0.000701,0.005405,10.628716,0.000000,0.998619,1018,1019
4530,-0.000000,-0.000000,-0.000000,10.937730,0.000000,0.998152,1006,1007
5149,-0.003948,-0.003106,-0.002699,10.222288,0.000000,0.999069,983,984
5662,0.000465,0.003034,0.005433,9.331479,0.000000,1.000712,946,947
1838,0.000000,-0.000000,-0.000000,10.209196,0.000000,0.998188,1000,1001
3380,-0.004471,0.002503,0.002328,10.684297,0.000000,1.001828,979,980
7988,0.000000,0.000000,0.000000,13.045812,-0.000000,0.998047,1015,1016
8058,-0.004066,-0.001583,-0.003781,9.770151,0.000000,0.997035,1021,1022
1357,0.003186,0.003943,-0.002856,10.044429,0.000000,0.999374,971,972
1989,0.021389,-0.019506,-0.000923,10.017788,0.000000,1.002174,977,978
1054,-0.000773,0.005458,0.001267,9.970734,0.000000,1.001209,1036,1037
3617,-0.000315,0.005518,-0.001056,9.952261,-0.000000,1.003157,1058,1059
3098,0.012053,-0.019083,0.013514,11.966321,-0.000000,1.018224,1047,1048
1031,-0.000000,-0.000000,0.000000,9.721328,0.000000,0.998249,1016,1017
935,-0.003813,-0.004113,-0.000562,10.243629,0.000000,1.001865,1005,1006
5186,-0.000000,0.000000,0.000000,10.692160,0.000000,0.998253,1055,1056
9173,0.005795,-0.003440,-0.001606,12.504551,0.000000,0.998230,1034,1035
3419,0.002529,-0.000306,0.004871,10.597906,0.000000,1.000839,1022,1023
677,-0.000000,0.000000,0.000000,10.037203,0.000000,0.998093,944,945
8756,-0.000004,0.007266,-0.004342,13.002916,0.000000,1.002617,1008,1009
6794,0.001989,-0.004007,0.002157,11.963316,0.000000,0.998888,1032,1033
1746,-0.000224,0.003503,-0.004491,9.985257,-0.000000,0.994854,1008,1009
98,0.005326,-0.000372,0.001088,10.301017,-0.000000,1.000335,1072,1073
9269,0.004575,0.000071,0.001097,13.716229,0.000000,0.997845,953,954
7380,-0.000000,0.000000,-0.000000,12.734201,0.000000,0.998172,1075,1076
7429,0.000000,-0.000000,-0.000000,6.978449,0.000000,0.998321,934,935
9834,-0.006999,-0.021469,0.008107,9.280529,0.000000,1.010728,980,981
8502,0.009978,0.000395,0.008079,5.084508,-0.000000,1.007381,1070,1071
3509,-0.001153,0.003792,0.004281,9.763334,0.000000,0.998685,999,1000
6049,-0.003341,-0.004412,0.001525,9.844550,0.000000,1.002720,1039,1040
3919,-0.012385,-0.002798,0.007165,10.126683,0.000000,1.005045,1039,1040
7508,-0.000000,0.000000,-0.000000,10.853264,0.000000,0.998168,1012,1013
3068,0.000000,-0.000000,-0.000000,9.724002,0.000000,0.998282,1036,1037
9566,0.000000,-0.000000,-0.000000,6.837957,0.000000,0.998463,1012,1013
8032,0.002500,0.002545,0.003749,11.204887,-0.000000,0.997678,1027,1028
9192,0.003277,-0.007722,-0.013732,10.641762,0.000000,0.999557,953,954
2228,0.003154,0.003725,0.002632,10.136947,0.000000,0.998493,1052,1053
8083,0.002630,0.002977,-0.002239,13.616186,0.000000,1.001440,1015,1016
2345,0.006608,0.000212,-0.012707,10.513051,0.000000,0.998277,1016,1017
322,-0.004180,0.003079,-0.001995,10.277430,0.000000,1.000305,1029,1030
9515,-0.000000,0.000000,0.000000,11.136505,0.000000,0.998142,1007,1008
2414,-0.000000,-0.000000,0.000000,9.357450,0.000000,0.998320,1044,1045
5244,-0.004313,-0.002398,-0.004177,8.552867,0.000000,0.997522,988,989
7103,0.006348,0.000612,0.007399,7.702833,0.000000,1.000401,1039,1040
5182,-0.000000,-0.000000,-0.000000,8.287312,0.000000,0.998338,1008,1009
2534,0.000000,0.000000,0.000000,9.858217,0.000000,0.998215,1002,1003
2462,-0.000000,0.000000,0.000000,9.592428,0.000000,0.998150,957,958
8815,-0.004419,0.003895,0.003697,7.648754,0.000000,0.999422,1002,1003
8376,-0.000000,0.000000,-0.000000,9.456987,0.000000,0.998074,914,915
3675,-0.007051,0.004206,0.001076,9.928736,0.000000,1.003869,1027,1028
6993,-0.009255,-0.003661,-0.003362,9.801351,0.000000,1.001208,1001,1002
7951,-0.000000,-0.000000,0.000000,7.678702,0.000000,0.998266,938,939
9776,0.006962,0.003792,0.006441,14.697362,0.000000,1.002433,1025,1026
7394,-0.004809,-0.000314,0.002828,10.728067,0.000000,0.999866,974,975
562,0.000000,0.000000,0.000000,10.019954,0.000000,0.998213,1007,1008
5026,0.000000,-0.000000,0.000000,11.122252,0.000000,0.997989,930,931
6042,0.000000,-0.000000,-0.000000,9.619178,-0.000000,0.998283,1032,1033
902,-0.004063,0.003955,0.000810,10.314591,0.000000,0.997431,971,972
9010,-0.003649,-0.002888,0.001196,13.241216,-0.000000,0.998139,954,955
8827,0.000000,-0.000000,-0.000000,5.833892,0.000000,0.998530,995,996
7925,-0.003920,0.001321,-0.000390,15.560592,0.000000,0.997087,1002,1003
8577,-0.000000,-0.000000,-0.000000,11.051593,0.000000,0.998088,976,977
2626,-0.001511,-0.003704,0.004264,10.026482,0.000000,1.001061,968,969
1420,-0.000628,-0.001482,0.005264,10.343451,0.000000,1.002047,1050,1051
4557,-0.002943,-0.005255,-0.005307,10.408527,0.000000,1.002613,1003,1004
63,-0.000414,0.002087,-0.005331,10.103160,-0.000000,0.995767,978,979
3229,-0.005007,0.006997,-0.006782,9.530789,-0.000000,1.000795,947,948
2946,0.000000,0.000000,0.000000,10.313809,0.000000,0.998117,966,967
1793,0.006646,-0.003026,-0.003772,10.293957,0.000000,0.999204,989,990
696,0.003991,-0.003856,0.000715,10.368014,0.000000,1.000414,1024,1025
179,0.000000,-0.000000,0.000000,10.023454,0.000000,0.998180,989,990
8222,0.002877,0.003515,-0.000356,13.648238,0.000000,1.000927,1027,1028
7975,0.004388,0.001125,-0.004742,8.282852,0.000000,1.004185,1026,1027
1159,-0.002822,-0.001466,0.004912,10.085357,0.000000,0.999902,960,961
8327,-0.002624,0.005803,0.001339,14.171126,0.000000,1.001747,979,980
6035,0.006300,0.009437,-0.000202,10.887179,0.000000,1.006416,1013,1014
3065,-0.005205,-0.000959,-0.001458,10.491993,0.000000,0.997060,1015,1016
601,0.006244,-0.004335,0.008638,10.471175,0.000000,1.003171,1028,1029
7134,-0.000000,-0.000000,-0.000000,7.820676,0.000000,0.998286,956,957
2712,0.002983,-0.004533,0.000229,10.570572,0.000000,0.999539,1029,1030
5442,0.001362,-0.000949,-0.006989,12.372378,0.000000,1.002822,992,993
8186,-0.001887,-0.003078,-0.008571,12.294140,0.000000,1.000292,935,936
2627,-0.000000,0.000000,-0.000000,10.311342,0.000000,0.998189,1004,1005
5948,-0.002688,-0.000102,-0.004358,11.786567,-0.000000,1.000511,1003,1004
4704,0.001256,-0.004663,0.000488,12.470724,0.000000,0.998706,1019,1020
1192,0.003111,0.005002,-0.005948,10.242310,0.000000,0.998742,937,938
2679,-0.003489,-0.002470,0.003283,10.448398,0.000000,1.000073,1068,1069
9416,-0.000000,0.000000,0.000000,18.227909,0.000000,0.997698,969,970
1888,0.003334,-0.009787,0.000301,10.238702,0.000000,1.004002,960,961
6741,0.000000,-0.000000,0.000000,10.033138,0.000000,0.998254,1031,1032
6825,0.001964,0.000346,-0.005822,9.184686,0.000000,0.998308,986,987
1603,-0.009583,0.004966,0.007548,10.520982,0.000000,1.006881,1001,1002
9540,0.000405,-0.002526,0.003172,16.269510,0.000000,0.996803,980,981
6495,0.000467,-0.004450,0.002852,10.709572,0.000000,0.996521,1048,1049
4096,-0.002401,-0.003944,-0.003350,10.212306,0.000000,0.998390,988,989
4267,-0.000000,0.000000,0.000000,9.832477,0.000000,0.998234,1012,1013
8125,0.000000,0.000000,0.000000,12.569250,0.000000,0.998093,1026,1027
1498,0.003867,-0.004856,0.008006,10.356592,0.000000,1.006854,1011,1012
1352,-0.006234,0.000256,0.004700,10.304834,0.000000,0.998476,1069,1070
6839,-0.000000,-0.000000,0.000000,9.472493,0.000000,0.998307,1041,1042
5341,-0.000000,-0.000000,-0.000000,8.995616,0.000000,0.998291,1011,1012
780,0.000714,-0.005398,-0.000876,10.128964,0.000000,0.996822,1058,1059
4787,0.004067,0.002616,-0.002898,9.996980,-0.000000,0.997856,1031,1032
5932,0.003528,0.003894,0.007601,11.310495,0.000000,1.004994,1059,1060
2776,0.001773,0.005371,0.000603,9.951824,-0.000000,0.998824,1020,1021
8805,0.004476,0.002227,-0.001279,11.892833,0.000000,1.000351,971,972
9444,0.000000,-0.000000,-0.000000,7.671510,0.000000,0.998479,1069,1070
3975,0.000374,0.005257,-0.001870,10.115673,-0.000000,0.999243,1048,1049
5369,-0.000000,0.000000,0.000000,10.563221,0.000000,0.998230,1037,1038
3848,0.000157,-0.003251,0.008121,9.461312,0.000000,1.006510,1000,1001
3320,0.000000,-0.000000,0.000000,10.215510,0.000000,0.998141,975,976
5345,0.000000,-0.000000,0.000000,6.902898,0.000000,0.998472,1022,1023
6709,-0.002409,0.008651,-0.005982,9.708560,0.000000,0.999582,950,951
9904,-0.000838,-0.006166,0.001325,14.733223,0.000000,1.001046,971,972
2371,0.003582,-0.000775,-0.004323,10.124843,0.000000,1.002821,1016,1017
140,-0.006352,0.005027,-0.005854,10.539917,0.000000,1.004067,999,1000
859,-0.005171,0.000127,-0.002079,10.396777,0.000000,1.002090,1036,1037
1046,-0.010721,-0.009265,0.007106,10.390305,0.000000,0.999884,1011,1012
3626,0.000000,-0.000000,0.000000,10.306304,0.000000,0.998284,1060,1061
1832,0.010721,0.001417,-0.004236,10.429455,0.000000,1.006020,1026,1027
2329,-0.005270,-0.001881,0.001241,9.887628,0.000000,0.998727,1025,1026
5112,-0.001602,-0.005296,0.005778,10.840747,0.000000,1.001373,977,978
2338,-0.009129,0.023123,0.024909,10.789027,0.000000,1.022095,973,974
1811,0.001944,0.006758,0.004866,10.171615,0.000000,1.000451,928,929
2724,0.005432,-0.000624,0.001007,10.449261,0.000000,0.999458,1017,1018
7788,-0.000000,0.000000,0.000000,11.700333,-0.000000,0.998071,988,989
7622,-0.000000,0.000000,0.000000,9.064869,0.000000,0.998272,1003,1004
6114,0.005996,0.004074,-0.000779,11.996200,0.000000,0.998811,1008,1009
9055,-0.012868,-0.001255,-0.005427,10.163119,0.000000,1.002208,979,980
8623,0.000000,-0.000000,0.000000,9.542477,0.000000,0.998208,986,987
127,-0.005062,0.002021,-0.000451,10.114485,0.000000,0.995249,1072,1073
1028,-0.002204,-0.001453,0.005170,10.558852,0.000000,1.003354,936,937
9333,0.000000,0.000000,-0.000000,13.759097,0.000000,0.997999,1010,1011
4536,0.001206,0.003270,0.004521,10.148422,0.000000,0.996087,986,987
4757,-0.000000,-0.000000,-0.000000,9.273344,0.000000,0.998365,1069,1070
701,0.000000,-0.000000,0.000000,9.952804,-0.000000,0.998194,994,995
4627,0.000000,0.000000,-0.000000,9.092572,0.000000,0.998292,1016,1017
9928,0.018040,0.012012,-0.022657,10.257197,0.000000,1.012625,1016,1017
6125,-0.003947,-0.000070,-0.003987,10.320233,0.000000,0.998820,1015,1016
7859,0.000822,-0.000047,0.004803,13.204393,0.000000,1.000843,950,951
8073,0.000000,0.000000,-0.000000,8.834516,0.000000,0.998297,1008,1009
4167,-0.000000,0.000000,0.000000,7.340179,-0.000000,0.998383,989,990
5976,-0.000000,0.000000,-0.000000,9.958139,-0.000000,0.998144,967,968
1196,-0.000000,0.000000,0.000000,9.939040,-0.000000,0.998186,989,990
7614,-0.011300,0.003893,0.001031,9.929466,0.000000,0.999602,1003,1004
5204,-0.003915,-0.005213,0.007060,10.615183,0.000000,0.998137,1029,1030
7546,-0.000000,-0.000000,0.000000,12.558185,0.000000,0.998041,998,999
5233,0.003928,0.000053,0.009058,10.822095,0.000000,1.000534,982,983
5390,-0.003532,-0.004730,-0.001831,9.583493,0.000000,1.000467,928,929
8868,-0.000000,-0.000000,-0.000000,11.449544,0.000000,0.998063,976,977
2409,-0.007629,-0.001162,0.002461,10.092882,0.000000,0.996286,1013,1014
616,0.000000,0.000000,-0.000000,10.036106,0.000000,0.998170,984,985
8674,-0.000000,0.000000,0.000000,10.828212,0.000000,0.998133,992,993
3120,-0.003167,-0.001777,0.008081,9.194251,0.000000,1.001775,996,997
3257,-0.002701,0.002304,0.008366,8.889734,0.000000,0.994991,962,963
4432,-0.002926,-0.014648,0.005593,10.397262,0.000000,1.000771,1007,1008
6452,-0.001369,0.000970,-0.010833,9.117005,0.000000,1.003614,1003,1004
5943,-0.000000,-0.000000,-0.000000,11.611180,0.000000,0.998035,967,968
2501,0.003807,-0.002469,-0.003661,9.776508,0.000000,0.998989,998,999
8345,-0.015764,0.029756,0.010531,3.672967,-0.000000,1.030288,962,963
794,0.010046,-0.000007,0.010760,10.679977,0.000000,1.007032,980,981
1137,0.000000,0.000000,-0.000000,9.516027,-0.000000,0.998242,1004,1005
2605,-0.000227,0.000396,0.005680,10.200769,-0.000000,0.997726,978,979
