6606,0.001347,-0.006163,-0.001059,11.118031,12.666661,9.589212,1.002202,979,980
4776,-0.004247,0.003721,0.001395,6.617543,7.400145,5.846896,0.996478,1010,1011
608,-0.000000,0.000000,0.000000,7.768919,8.753623,6.802617,0.998214,1008,1009
8487,0.020619,-0.010245,-0.015668,1.610966,2.224016,1.000019,1.007104,1039,1040
1416,-0.003353,-0.004625,-0.000325,8.042557,9.311501,6.796020,1.000647,995,996
1502,0.001381,0.003335,-0.004489,7.162664,7.971436,6.363376,1.003616,954,955
7087,-0.000000,-0.000000,0.000000,10.769922,12.518893,8.995097,0.997989,997,998
7222,0.001996,0.007106,-0.001110,8.674740,9.684017,7.668382,1.001152,1029,1030
9385,-0.005006,0.000447,0.000389,10.236735,11.959416,8.463682,0.999847,916,917
3080,0.000000,-0.000000,0.000000,7.640608,8.571947,6.722998,0.998136,958,959
5413,-0.000000,0.000000,0.000000,6.621519,7.386509,5.851073,0.998368,1033,1034
6005,0.000117,0.004590,-0.003354,7.487940,8.547591,6.448315,1.000055,1008,1009
3962,-0.007488,-0.004843,-0.004135,10.069523,11.660645,8.435818,1.000348,1033,1034
1100,0.003644,-0.002596,0.003474,7.849927,8.877220,6.822801,1.000407,999,1000
8592,-0.000000,-0.000000,0.000000,9.317854,10.954389,7.718379,0.998072,1009,1010
9712,-0.002861,0.000672,-0.010406,3.315407,3.930911,2.703236,1.004679,1044,1045
3999,0.005327,-0.000723,-0.003283,7.160230,8.017957,6.312821,0.995906,966,967
1972,-0.000128,0.001830,-0.011433,7.467918,8.394554,6.563745,1.005585,1019,1020
2621,0.001917,0.002969,0.004787,6.517769,7.344140,5.712832,0.999115,984,985
4715,0.005449,-0.001448,-0.002607,6.263671,6.939117,5.577162,0.999045,1019,1020
3355,-0.000000,-0.000000,-0.000000,7.026011,7.958895,6.078434,0.998076,940,941
5795,-0.006375,0.001957,0.003906,4.981025,5.592007,4.371709,1.002649,990,991
3254,-0.004533,-0.000304,0.002716,8.386247,9.322565,7.464871,0.997671,1034,1035
221,-0.005392,0.008496,0.008428,7.629210,8.693768,6.575847,1.003938,1019,1020
1661,-0.004403,-0.002527,-0.002264,7.601574,8.531077,6.669613,0.997709,1025,1026
7842,-0.001708,0.001072,-0.004993,12.488202,13.842051,11.121057,1.001417,1069,1070
3438,0.005434,0.001451,-0.000417,7.110731,8.050261,6.184166,0.997708,989,990
4356,0.002114,0.006471,-0.006747,8.487026,9.734510,7.207925,1.007126,1033,1034
9505,0.006670,-0.003838,-0.005798,5.939378,6.837353,5.021775,1.000234,1005,1006
2025,-0.000191,-0.002351,0.007686,7.380942,8.283809,6.478303,1.003407,1030,1031
3740,-0.000000,0.000000,0.000000,7.280562,8.053052,6.497460,0.998258,1007,1008
2325,0.011921,0.018052,0.015159,6.691387,7.798973,5.596705,1.010818,1048,1049
3152,0.003117,-0.002824,-0.004131,6.098769,6.949269,5.236578,0.997728,1003,1004
9164,-0.000000,0.000000,-0.000000,4.322700,5.086702,3.550839,0.998474,973,974
7456,0.011132,-0.031305,-0.022589,2.785592,3.395147,2.171360,1.028707,947,948
2458,-0.005064,0.001441,0.001835,7.850468,8.949207,6.739188,0.996968,1015,1016
3393,0.002301,0.005188,0.001331,7.684388,8.637257,6.748947,0.997940,997,998
7237,-0.006134,0.008879,-0.000175,4.533035,5.089199,3.968873,1.000090,996,997
6329,-0.003937,0.001808,-0.001710,10.351956,11.454499,9.227559,1.000120,1000,1001
6785,-0.002692,-0.004134,-0.000653,9.677332,10.815799,8.516435,0.996887,1032,1033
1319,-0.002392,-0.003762,0.006801,8.298296,9.325591,7.269839,0.998718,998,999
3301,0.002461,0.002504,0.003558,8.991696,10.233134,7.726304,1.002778,1080,1081
604,0.004333,0.003730,-0.000842,7.578053,8.631170,6.515838,0.996103,961,962
3240,0.003761,0.004008,0.004747,8.721395,9.897727,7.551802,1.002817,1028,1029
5223,0.000000,-0.000000,0.000000,6.760912,7.568634,5.956305,0.998376,1049,1050
6532,0.000000,0.000000,0.000000,3.997937,4.592082,3.407652,0.998547,987,988
4735,-0.000000,-0.000000,0.000000,6.029689,6.709112,5.338907,0.998235,962,963
5180,-0.000000,-0.000000,0.000000,6.737224,7.515095,5.956864,0.998292,1043,1044
7013,0.003363,-0.011243,-0.005691,9.825232,11.424055,8.250612,1.002962,977,978
9786,-0.000000,0.000000,-0.000000,13.662700,16.044038,11.248496,0.997778,991,992
1625,0.003464,0.003688,-0.002643,6.677993,7.395704,5.974826,0.997728,985,986
6161,-0.000000,-0.000000,0.000000,10.674571,12.094245,9.224481,0.998058,1060,1061
1767,-0.003032,-0.006990,0.002278,7.429197,8.820017,6.057698,1.001630,993,994
7612,0.000278,0.001693,-0.003986,9.720161,10.804730,8.645752,0.996199,1007,1008
7780,0.002457,0.001640,-0.007786,7.606299,8.617338,6.584784,1.002101,1017,1018
8241,-0.000000,-0.000000,0.000000,3.689976,4.267883,3.114546,0.998596,989,990
9822,0.002370,0.003095,-0.002789,9.671076,10.825599,8.506164,1.002666,1015,1016
8248,0.000000,-0.000000,-0.000000,9.422441,10.513629,8.318695,0.998192,1052,1053
966,-0.004083,0.003985,0.000356,6.434851,7.182542,5.670262,1.002322,979,980
5104,-0.000000,-0.000000,0.000000,6.841999,7.544525,6.144566,0.998340,1029,1030
9683,-0.000000,0.000000,0.000000,3.253334,3.887183,2.635952,0.998728,992,993
1867,0.000000,0.000000,0.000000,6.982689,7.868514,6.079764,0.998109,955,956
8883,0.001052,-0.004770,-0.001222,15.395470,17.117770,13.633433,1.000514,987,988
4247,0.000000,0.000000,-0.000000,6.129758,6.757216,5.499702,0.998305,1009,1010
1824,0.000000,0.000000,0.000000,7.677324,8.524484,6.830641,0.998264,1033,1034
2394,0.002726,-0.003707,-0.003298,6.485574,7.190072,5.792458,0.997180,1011,1012
3231,-0.005132,0.003438,0.000400,5.978641,6.770443,5.177964,1.002726,1038,1039
1139,0.001082,-0.009923,-0.001902,6.371805,6.936470,5.805703,1.003058,1008,1009
4117,0.000000,-0.000000,0.000000,6.293756,7.010042,5.593746,0.998253,990,991
8552,0.005507,-0.022598,-0.010477,17.878577,21.253762,14.590401,1.005380,989,990
9383,-0.000331,0.004422,0.004383,6.761301,7.591712,5.950322,0.997699,990,991
8660,0.000000,0.000000,-0.000000,11.604702,13.029024,10.184350,0.997988,1028,1029
1563,0.011256,-0.006312,-0.000684,6.934671,7.746807,6.108614,1.003306,1049,1050
2873,-0.000000,0.000000,0.000000,7.018727,7.934590,6.120465,0.998181,995,996
6433,-0.004653,-0.002549,-0.000978,7.996834,9.125599,6.872679,0.997759,1019,1020
8061,-0.000000,0.000000,-0.000000,8.697702,9.807472,7.601792,0.998038,971,972
5571,0.000000,0.000000,-0.000000,8.114326,9.060493,7.165705,0.998321,1076,1077
8826,0.003184,-0.004561,0.000724,7.517633,8.658233,6.392995,0.996933,1025,1026
9837,-0.596089,0.147168,-0.789316,1.000004,1.623238,1.000004,1.997313,999,1000
6911,0.004879,0.004628,0.020904,3.602478,4.279426,2.935489,1.011331,933,934
9875,0.001042,0.014518,0.007228,7.455523,8.476545,6.455008,1.005111,1028,1029
3521,-0.008647,-0.001545,0.000883,7.483877,8.430904,6.528881,1.002975,974,975
7335,0.000380,0.003456,0.005080,6.614542,7.393715,5.814857,0.997357,984,985
5524,-0.003501,0.000022,0.003067,10.443265,11.858716,9.051004,1.001228,987,988
8535,0.000000,-0.000000,-0.000000,10.576444,11.843830,9.296152,0.997983,1016,1017
5842,0.009564,0.014149,-0.003568,6.934527,7.856996,6.011223,1.004176,977,978
1945,-0.000000,-0.000000,-0.000000,7.459427,8.340675,6.565672,0.998305,1059,1060
1591,0.002026,0.000869,-0.005354,8.023253,9.091211,6.962960,1.002030,968,969
692,-0.003956,-0.002054,0.012258,6.808317,7.581799,6.051732,1.002544,1027,1028
327,0.005272,-0.000906,-0.001769,7.505231,8.484706,6.537543,1.003188,1011,1012
5547,-0.014769,-0.012646,0.005328,8.397736,9.297439,7.497929,1.003295,1011,1012
86,0.000000,-0.000000,0.000000,7.981436,8.881269,7.071706,0.998291,1051,1052
2720,0.000000,-0.000000,-0.000000,7.622778,8.519263,6.712982,0.998232,1023,1024
2113,-0.003617,-0.003884,0.001820,7.487843,8.229204,6.730115,0.998315,996,997
9726,0.000000,0.000000,0.000000,4.822136,5.345432,4.299671,0.998475,1024,1025
3646,-0.004834,-0.000999,0.002722,6.488588,7.292922,5.700816,0.996477,992,993
9038,-0.005437,0.002556,-0.002797,11.012099,12.790587,9.216082,0.998159,943,944
6047,0.008130,0.003492,0.004971,7.901280,9.200885,6.628825,1.004622,1005,1006
1671,0.007302,-0.002800,-0.003020,8.522692,9.527865,7.545614,1.003081,946,947
2381,-0.001291,0.003247,-0.004462,7.913261,9.068142,6.747913,1.000510,997,998
6264,0.001716,-0.004095,0.003747,7.405062,8.170534,6.640053,1.000084,1071,1072
8148,-0.000000,0.000000,-0.000000,6.938170,7.718123,6.138148,0.998344,1039,1040
5805,0.006730,-0.002045,-0.000460,6.271203,7.009658,5.517412,1.001851,985,986
9804,0.011318,0.001356,0.006145,5.807504,6.445597,5.169241,1.002609,943,944
2785,-0.000000,-0.000000,-0.000000,6.625275,7.413499,5.841815,0.998191,977,978
2040,0.001511,0.001365,-0.005588,7.353127,8.121167,6.597502,0.999016,945,946
3313,0.000139,-0.010191,-0.003440,6.331105,7.096289,5.581978,1.003154,1060,1061
961,0.000937,0.004011,-0.003645,6.912848,8.277575,5.569273,0.995787,1057,1058
1228,0.001615,0.003317,0.004057,8.066379,9.109613,7.029707,0.999604,1013,1014
1565,0.000000,0.000000,0.000000,7.071471,7.877134,6.285915,0.998069,939,940
6304,-0.000000,-0.000000,0.000000,4.956220,5.586823,4.312163,0.998553,1037,1038
9209,0.000000,-0.000000,0.000000,5.327781,6.021826,4.652828,0.998457,1047,1048
9662,0.062580,0.003118,-0.049085,1.000023,1.612021,1.000023,1.075457,982,983
6834,-0.004374,-0.002056,-0.005026,5.189998,6.002736,4.388205,0.999397,1058,1059
1108,-0.000000,-0.000000,0.000000,7.606845,8.534025,6.657573,0.998267,1031,1032
2151,-0.003409,0.000855,-0.004483,7.598246,8.615288,6.585978,1.001831,1016,1017
4795,-0.003953,-0.000320,0.004868,6.512066,7.412031,5.606787,1.002816,975,976
1070,0.000000,-0.000000,0.000000,6.942646,7.810032,6.061302,0.998183,991,992
4971,0.004518,0.000574,0.004337,6.911504,7.842028,5.982214,1.001268,1004,1005
5195,-0.011075,-0.005945,-0.003203,9.079950,10.099723,8.052985,1.010248,947,948
524,-0.000000,-0.000000,0.000000,7.828781,8.770083,6.883374,0.998058,928,929
8980,0.002398,-0.005842,-0.000287,7.399574,8.340707,6.461311,0.999397,932,933
5544,0.006324,-0.001668,0.010800,6.558344,7.358543,5.780866,1.010602,957,958
6543,0.002017,0.003408,0.003974,8.180114,9.165127,7.192035,1.000713,965,966
1787,-0.000000,-0.000000,-0.000000,6.877055,7.817075,5.918905,0.998255,1029,1030
2556,-0.000245,-0.003490,0.004364,7.374292,8.267986,6.463961,1.002231,1010,1011
7913,0.000000,0.000000,-0.000000,8.234551,9.311000,7.172286,0.998089,977,978
9021,-0.000000,0.000000,-0.000000,4.534622,5.357455,3.715129,0.998392,941,942
8158,0.004501,0.001828,0.011398,6.664774,7.447989,5.894688,1.004271,965,966
4548,-0.000000,0.000000,-0.000000,7.936353,8.930298,6.919461,0.998159,999,1000
8282,0.005217,-0.000807,0.004549,5.999318,6.788203,5.188589,1.002308,1009,1010
7334,0.003075,0.013136,-0.000779,7.027141,7.990274,6.065960,1.011162,974,975
9404,0.019335,0.004112,0.008702,4.555428,5.157606,3.935475,1.011282,1032,1033
7373,0.002965,0.004542,-0.006775,7.946489,9.026509,6.881531,0.993679,975,976
4137,-0.000000,-0.000000,0.000000,5.843491,6.714065,4.949075,0.998388,1041,1042
3502,0.006615,0.008699,0.003844,7.437281,8.309969,6.588336,1.006356,988,989
9336,0.000000,0.000000,-0.000000,4.916158,5.474335,4.343320,0.998444,1011,1012
2138,-0.004023,-0.001484,-0.003699,8.323111,9.249494,7.416107,1.000941,965,966
7878,0.000000,0.000000,0.000000,6.161829,6.874383,5.469651,0.998237,971,972
3547,0.000000,-0.000000,0.000000,6.987260,7.767042,6.187765,0.998165,984,985
2780,0.000000,0.000000,-0.000000,7.588100,8.562984,6.618021,0.998247,1017,1018
9222,0.000000,-0.000000,-0.000000,10.337496,11.629243,9.056971,0.997992,1011,1012
6029,-0.000638,-0.004273,0.002793,8.077786,9.224512,6.916608,1.003048,1064,1065
6934,0.000000,-0.000000,-0.000000,8.422285,9.450988,7.416899,0.998195,1046,1047
2350,0.000094,-0.000095,-0.005543,7.581367,8.469330,6.711036,0.995117,1042,1043
3739,0.005642,0.000214,-0.000920,8.109708,9.056084,7.170837,1.002587,980,981
1162,-0.001029,0.009467,0.003600,8.099732,8.968960,7.234762,0.992622,1000,1001
5906,-0.004494,-0.000882,-0.003657,8.278021,9.331265,7.245247,1.003237,975,976
3798,-0.027006,-0.002890,-0.000017,6.704247,7.457934,5.951210,1.009415,942,943
361,-0.002132,0.005127,0.001072,6.940254,7.736209,6.125186,0.996949,999,1000
3670,-0.000000,-0.000000,0.000000,8.410740,9.685390,7.155905,0.998088,982,983
3182,0.000000,0.000000,-0.000000,7.622799,8.545598,6.710619,0.998199,989,990
7173,-0.008576,0.003919,-0.001837,6.936627,8.061322,5.801225,0.999045,1003,1004
4718,0.000000,-0.000000,0.000000,6.796044,7.626170,5.946113,0.998202,992,993
6411,-0.000000,0.000000,0.000000,8.313253,9.337345,7.316662,0.998135,1004,1005
3731,0.000000,-0.000000,0.000000,7.835802,8.953861,6.735158,0.998207,1007,1008
8035,0.002911,-0.006552,0.004018,4.093675,4.656003,3.520522,1.001948,962,963
4290,-0.000000,-0.000000,0.000000,7.811367,8.725593,6.909659,0.998172,985,986
3834,0.000000,-0.000000,-0.000000,8.168426,9.094063,7.233578,0.998103,980,981
2245,0.004853,-0.001888,-0.000476,7.676552,8.700667,6.631408,0.999304,1074,1075
3758,0.000000,0.000000,-0.000000,6.891251,7.696887,6.068304,0.998098,944,945
1804,0.000000,0.000000,-0.000000,7.431244,8.599202,6.263847,0.998279,1041,1042
6260,-0.015484,0.009245,-0.008096,6.702707,7.627706,5.801920,1.013748,983,984
8377,-0.000000,0.000000,-0.000000,9.286269,10.396647,8.152701,0.998057,980,981
8335,-0.004287,-0.003850,-0.004423,8.851318,9.981969,7.727705,0.994423,980,981
847,-0.000000,-0.000000,-0.000000,7.767910,8.934235,6.593101,0.998212,1007,1008
1962,-0.001963,-0.001098,-0.007772,8.581749,9.545080,7.594079,1.003924,972,973
9250,0.010886,0.010084,-0.005842,5.920729,6.901009,4.955687,1.003832,993,994
1911,-0.002873,-0.004110,0.008246,8.119646,9.156649,7.069779,0.997196,1079,1080
2620,0.000000,-0.000000,0.000000,7.846200,9.044833,6.658463,0.998191,999,1000
2791,-0.000000,-0.000000,-0.000000,7.724183,8.697514,6.743807,0.998234,1018,1019
8610,0.013022,-0.000573,-0.001482,5.431792,6.360628,4.491582,1.007364,1063,1064
3606,0.000000,-0.000000,-0.000000,7.740012,8.664582,6.814815,0.998246,1025,1026
952,0.000000,-0.000000,0.000000,7.752874,8.694675,6.815128,0.998246,1026,1027
6234,-0.008653,0.000414,-0.009679,8.373248,9.538807,7.224024,1.000202,1002,1003
3375,0.000000,-0.000000,-0.000000,6.765657,7.565032,5.955702,0.998230,1007,1008
9343,-0.000000,-0.000000,0.000000,8.457659,9.574930,7.372628,0.998080,980,981
9417,0.000000,-0.000000,0.000000,5.088890,5.714318,4.461855,0.998382,986,987
6217,0.001387,0.001556,0.005306,8.198287,9.209379,7.174255,1.000617,943,944
6130,0.000000,0.000000,0.000000,4.831935,5.501459,4.156375,0.998336,933,934
522,-0.005546,0.005602,-0.002026,8.953447,10.264503,7.605304,1.003556,997,998
6928,-0.002434,0.004459,0.001863,8.767627,9.928399,7.624830,0.997901,935,936
4109,-0.000000,-0.000000,-0.000000,7.557230,8.347838,6.775538,0.998170,972,973
8916,-0.003053,0.008896,-0.000351,8.663870,9.872029,7.449591,1.001955,971,972
8797,-0.004175,0.001402,-0.000173,11.068039,12.501746,9.672753,1.000343,1022,1023
5540,-0.012843,0.007593,0.004320,7.683276,8.473639,6.901346,1.001548,996,997
3969,-0.000000,-0.000000,0.000000,6.049583,6.806116,5.302245,0.998243,969,970
7282,-0.007270,-0.004676,-0.004386,6.528181,7.293600,5.776161,0.999973,968,969
1552,-0.000417,0.001284,0.005462,7.410980,8.225658,6.592061,1.000003,1002,1003
6698,0.002316,-0.000789,0.006321,9.643570,10.983514,8.290533,1.000827,1009,1010
8677,0.000000,-0.000000,-0.000000,4.234712,4.854433,3.604934,0.998470,961,962
9535,-0.003180,0.004926,0.002284,6.510072,7.405705,5.627586,1.002020,990,991
1643,-0.002640,-0.002197,-0.011317,7.864959,8.907200,6.842928,1.004811,1011,1012
7801,-0.004891,-0.000745,0.011279,6.447597,7.405468,5.494132,1.005116,980,981
7384,0.009414,0.002313,0.006908,11.631548,13.078320,10.215256,1.000917,1019,1020
8071,0.000000,0.000000,0.000000,7.748827,8.687715,6.819441,0.998274,1056,1057
1619,-0.004454,-0.010076,0.004102,6.876283,7.827531,5.903130,1.003678,996,997
5314,-0.009943,0.002042,-0.003456,8.382736,9.478173,7.318918,1.003558,956,957
3788,-0.001414,-0.003782,-0.003628,8.162905,9.087431,7.213362,1.000001,998,999
203,-0.000072,-0.005482,0.000073,7.022638,7.851356,6.185523,1.003184,1061,1062
5095,0.002835,0.004335,0.002038,7.440492,8.184636,6.691647,1.001724,1009,1010
825,-0.000000,0.000000,0.000000,7.781376,8.738745,6.804929,0.998204,1002,1003
8165,-0.000000,0.000000,0.000000,5.009709,5.926640,4.075878,0.998452,1022,1023
3582,0.002743,-0.004508,0.001617,8.446623,9.603741,7.302741,1.001245,976,977
155,0.000000,-0.000000,0.000000,7.480260,8.504579,6.473705,0.998360,1096,1097
4599,-0.002526,-0.002370,0.004129,8.088482,8.984982,7.201825,1.000822,991,992
4171,-0.014560,0.000114,-0.012448,6.070373,6.949788,5.172698,1.008559,1004,1005
2940,-0.000182,-0.004837,-0.003432,7.531225,8.407840,6.652684,1.003409,1031,1032
1869,0.000000,-0.000000,0.000000,7.006581,7.798920,6.208699,0.998089,946,947
9766,-0.002709,0.000805,-0.004779,7.641764,8.622505,6.676354,0.998205,962,963
9355,0.000000,-0.000000,-0.000000,8.733732,9.908362,7.566428,0.998061,985,986
1620,-0.002467,0.003972,-0.003618,7.219678,8.167693,6.289633,0.994740,961,962
6059,0.000000,0.000000,-0.000000,5.757264,6.432120,5.098261,0.998338,1004,1005
1550,-0.000000,-0.000000,0.000000,7.836489,9.130402,6.572442,0.998142,969,970
1927,-0.012360,0.012836,-0.009478,6.746656,7.412496,6.084412,1.002655,1043,1044
2941,-0.000632,-0.001000,-0.005196,8.681960,9.677740,7.707876,0.997758,1000,1001
9548,-0.007519,0.006633,0.021036,8.334147,9.152038,7.533324,1.018631,987,988
5798,-0.000000,0.000000,-0.000000,6.293921,7.226416,5.356381,0.998191,953,954
1672,-0.000000,0.000000,0.000000,6.927499,7.679155,6.168460,0.998178,987,988
4797,-0.003958,-0.001679,0.003151,7.728512,8.696408,6.779757,0.998549,1018,1019
7926,-0.002327,-0.003351,0.000716,9.558637,10.605288,8.530033,0.996316,1034,1035
6249,0.000000,-0.000000,0.000000,8.836731,10.009810,7.638521,0.998049,983,984
9015,0.000000,0.000000,0.000000,11.429584,12.718572,10.116512,0.997977,1016,1017
3122,-0.000284,0.007767,-0.003016,6.920032,7.682977,6.144816,1.003008,1008,1009
748,-0.014620,-0.006186,-0.006066,5.804875,6.616906,4.980794,1.013275,1006,1007
915,0.006927,-0.012270,-0.000281,6.145831,6.969716,5.320925,1.002197,1055,1056
2678,0.000000,-0.000000,-0.000000,6.921141,7.686388,6.152624,0.998154,973,974
8542,0.017779,-0.011049,0.002541,2.841767,3.523234,2.149617,1.015433,917,918
611,0.006628,0.009551,0.001251,6.641297,7.825401,5.429769,1.003217,1000,1001
9751,0.001014,-0.010560,-0.003520,5.892424,6.734086,5.074277,1.007603,1017,1018
7155,0.000000,0.000000,0.000000,6.650258,7.442358,5.872137,0.998278,1028,1029
2737,-0.001085,0.004995,-0.002570,6.879311,7.728969,6.035331,0.999773,978,979
2058,0.000000,-0.000000,0.000000,7.011016,7.846471,6.163566,0.998204,1008,1009
4484,0.005592,0.001375,0.005957,8.228789,9.331744,7.129994,1.002265,1033,1034
8064,-0.001106,0.005124,-0.003588,6.041369,6.666070,5.421805,1.002457,1014,1015
5602,-0.004197,0.002262,0.002679,7.383385,8.193875,6.555333,1.001622,1001,1002
8949,-0.000000,0.000000,0.000000,6.307097,7.109687,5.493444,0.998251,990,991
2543,-0.000306,-0.005100,-0.002554,6.815754,7.655795,5.984528,0.999489,986,987
4105,0.000000,-0.000000,0.000000,7.168380,8.062683,6.262130,0.998225,980,981
350,0.000869,0.001444,-0.005480,7.535398,8.371644,6.684477,1.001597,970,971
5393,-0.000000,0.000000,-0.000000,7.253171,8.097728,6.395133,0.998267,1010,1011
3745,-0.002914,-0.004668,0.001366,9.620128,11.314631,7.900983,1.002000,936,937
1066,-0.006145,-0.002728,0.006968,7.125684,8.021920,6.226987,1.000056,1050,1051
1430,-0.000000,-0.000000,-0.000000,7.010362,7.904815,6.112069,0.998183,995,996
5313,-0.011782,0.001979,-0.011450,5.411332,6.132726,4.681090,1.008236,1018,1019
8039,0.000000,0.000000,-0.000000,7.326243,8.489901,6.195965,0.998095,966,967
4581,-0.000578,-0.002544,0.007712,7.346438,8.268774,6.397260,0.997594,957,958
1027,-0.002611,-0.000270,0.007461,7.164812,8.044007,6.262789,1.002356,1038,1039
6751,0.000000,0.000000,0.000000,7.509459,8.384995,6.633663,0.998200,986,987
3759,-0.007052,-0.003117,-0.000630,9.099089,10.341251,7.852116,1.005767,1032,1033
7263,-0.003097,0.004026,0.001341,7.977917,9.351765,6.629927,0.997833,1122,1123
5273,0.000854,0.008890,-0.012835,6.679443,7.475112,5.897824,1.006339,970,971
8232,0.001463,-0.001219,0.007424,5.562055,6.304734,4.802849,1.003607,957,958
5468,-0.005466,0.000416,-0.001239,6.398001,7.111777,5.704754,1.001641,1019,1020
5358,0.002270,0.001733,0.003868,9.545820,10.988343,8.131500,1.002041,992,993
1387,-0.000000,0.000000,0.000000,7.044599,7.881185,6.209067,0.998141,974,975
6765,0.000000,-0.000000,-0.000000,10.101252,11.332769,8.884403,0.998016,985,986
8936,0.000526,-0.003793,0.006166,5.205497,5.966390,4.427544,0.999673,1054,1055
855,-0.004369,-0.000934,-0.007222,10.548366,12.336310,8.809424,1.002176,923,924
2870,-0.001903,0.002124,-0.004953,7.877203,8.929205,6.797426,1.001593,997,998
2600,-0.000000,-0.000000,-0.000000,7.572113,8.569816,6.580832,0.998153,963,964
6610,0.000000,-0.000000,-0.000000,7.100179,7.875852,6.333177,0.998169,994,995
4852,0.005203,-0.002622,-0.000822,7.448862,8.307843,6.612004,0.996019,959,960
5570,0.000481,-0.001642,-0.005291,7.619966,8.467043,6.785457,1.002457,1033,1034
3285,-0.001132,0.001392,-0.007675,8.175164,9.165542,7.155771,1.004255,936,937
5239,-0.003293,0.004080,0.003025,6.190520,7.000066,5.394056,1.000788,1017,1018
8331,-0.004055,0.002492,-0.003585,7.213011,8.014297,6.418160,1.000105,1023,1024
8513,0.001200,-0.005763,0.001519,6.906909,7.702091,6.108683,0.998443,1038,1039
1881,-0.000000,0.000000,0.000000,7.696805,8.605484,6.782310,0.998108,946,947
3662,-0.002111,0.004820,0.001565,7.390682,8.177847,6.593503,0.999867,986,987
9047,-0.000000,-0.000000,-0.000000,11.457885,12.911340,10.024135,0.997901,1007,1008
2631,-0.004051,0.000743,0.009225,7.585344,8.623111,6.535000,1.007538,993,994
4647,0.003443,-0.004714,0.001570,7.236222,8.066425,6.418611,1.000410,969,970
6516,-0.003621,-0.004753,0.001505,7.541100,8.478356,6.604854,0.996600,1012,1013
4588,-0.010119,0.003758,-0.016656,8.453010,9.361095,7.532425,1.015714,972,973
2296,-0.002799,-0.004530,-0.002060,7.421819,8.587371,6.262191,0.997968,1030,1031
2466,0.000000,0.000000,-0.000000,7.828447,8.759671,6.875213,0.998135,965,966
2070,0.000203,0.004516,0.006491,8.273416,9.400393,7.162506,1.000904,991,992
9171,0.002686,-0.006057,0.003793,10.402717,11.753154,9.080887,0.992061,980,981
3337,0.007882,0.000670,-0.005463,8.607066,9.788354,7.421481,0.996969,978,979
838,-0.007106,0.005768,-0.004079,7.310229,8.128388,6.491001,0.999571,1011,1012
8221,0.000000,0.000000,-0.000000,9.936107,11.131030,8.705880,0.998087,1045,1046
5925,-0.000000,0.000000,-0.000000,6.129414,6.923828,5.342884,0.998309,1012,1013
6179,0.004092,-0.011853,-0.004008,7.809311,8.708515,6.895218,1.006639,961,962
7635,0.004765,-0.001916,0.004600,5.798668,6.542832,5.037545,1.002946,1013,1014
385,-0.003502,0.006823,-0.003196,7.688987,8.548331,6.817793,1.001106,961,962
9388,0.000549,-0.001047,-0.005103,7.965203,8.862205,7.090928,1.001328,1040,1041
1457,0.000105,-0.002507,-0.007856,8.827300,9.926197,7.707976,1.003729,962,963
3264,0.000580,-0.002380,-0.008087,6.366627,7.129361,5.618520,1.002113,1033,1034
1423,-0.000000,0.000000,0.000000,8.027288,8.998112,7.083137,0.998269,1038,1039
5945,-0.000000,-0.000000,-0.000000,6.725566,7.464877,5.983302,0.998254,1018,1019
126,-0.003163,0.001977,0.004384,7.415384,8.457770,6.368749,1.000252,962,963
5429,-0.000000,-0.000000,-0.000000,5.588306,6.321901,4.873569,0.998274,951,952
3976,-0.024169,-0.007394,-0.005256,6.160683,7.040172,5.283891,1.008071,1033,1034
4902,-0.005744,-0.001005,-0.005863,6.651228,7.543886,5.773921,1.001467,1014,1015
5236,0.001963,0.007396,0.003326,7.604218,8.596982,6.615388,1.001473,988,989
8835,-0.012172,-0.012773,0.003200,5.771653,6.442017,5.102566,1.009351,991,992
5561,0.003070,-0.005131,0.003075,6.080890,6.795698,5.375397,1.000727,1001,1002
9993,0.002315,-0.007041,-0.000615,8.533847,9.523970,7.520403,1.003705,994,995
6367,-0.002736,0.011135,-0.001479,7.228343,7.995383,6.446585,0.998414,1000,1001
3451,0.001066,-0.000196,0.005165,7.339807,8.311659,6.356373,0.998954,1041,1042
9083,0.014043,0.001797,0.003506,5.916278,6.672740,5.155366,1.005396,1035,1036
666,0.001517,-0.000976,-0.009950,6.801059,7.699167,5.920848,1.000719,996,997
3480,-0.005517,0.000972,0.007131,8.491465,9.416925,7.582565,1.001204,1003,1004
2184,0.004203,-0.006330,0.003339,7.114254,8.140562,6.091732,1.001525,1025,1026
5658,0.002767,-0.012414,0.036052,7.528929,8.816167,6.230233,1.026159,941,942
3279,-0.002798,-0.005451,0.000940,7.193834,8.133436,6.236694,1.003072,884,885
8648,0.004776,0.002492,-0.003927,6.100160,6.857425,5.329937,1.004988,1024,1025
5823,0.000000,0.000000,0.000000,8.731134,9.915581,7.551744,0.998155,1006,1007
9390,-0.000000,0.000000,0.000000,8.440861,9.531438,7.320355,0.998129,1007,1008
2795,0.000000,0.000000,-0.000000,6.777442,7.787030,5.738512,0.998255,1024,1025
4631,-0.004418,0.011605,0.002192,6.890696,8.331187,5.490307,1.008593,1073,1074
4970,-0.003708,0.001305,0.003537,8.358678,9.331823,7.357182,1.001006,1024,1025
9821,-0.000000,-0.000000,0.000000,13.008091,14.512097,11.485567,0.997880,1021,1022
7462,0.000000,0.000000,0.000000,3.345617,3.941138,2.747299,0.998605,954,955
3812,-0.000000,-0.000000,-0.000000,7.447753,8.347019,6.556503,0.998296,1039,1040
5775,0.000000,-0.000000,0.000000,7.001033,7.977219,6.045505,0.998283,1004,1005
3125,-0.000000,-0.000000,-0.000000,8.229485,9.140393,7.320544,0.998207,1011,1012
4058,0.005192,-0.016108,0.007436,6.832064,7.578323,6.091453,1.004552,919,920
2743,-0.000000,-0.000000,0.000000,7.483673,8.612080,6.329556,0.998266,1036,1037
339,0.000000,-0.000000,0.000000,6.879483,7.859803,5.924897,0.998229,1015,1016
2465,-0.002172,-0.003743,-0.003770,7.496884,8.264741,6.740893,0.994002,1010,1011
7943,0.000000,-0.000000,-0.000000,6.853956,7.899380,5.835560,0.998194,991,992
8262,-0.003571,0.004041,-0.001050,8.879938,10.114494,7.650697,1.000246,971,972
5472,0.000000,0.000000,0.000000,7.347010,8.217748,6.467233,0.998272,1017,1018
7388,-0.019871,-0.018188,0.001105,4.250144,4.884534,3.626344,1.004457,987,988
8897,0.005253,0.000939,0.002392,7.248096,8.162111,6.323671,0.997539,999,1000
7455,0.006487,-0.012343,-0.033430,6.242750,7.180736,5.283132,1.002772,1010,1011
6997,-0.002923,0.005911,0.003383,9.907024,11.609837,8.172217,1.000848,975,976
239,0.000340,0.007512,0.003007,8.291785,9.779507,6.810943,0.997887,1010,1011
9043,0.008403,0.003189,-0.001284,4.428341,5.120966,3.750422,1.007381,986,987
4597,0.006148,0.006721,-0.003060,8.556135,9.480861,7.649105,0.995999,983,984
2188,-0.001991,-0.011492,0.003071,7.759157,8.765891,6.754522,1.007128,977,978
6887,-0.005298,0.002302,-0.002079,6.646945,7.614699,5.683359,1.001651,1016,1017
7695,-0.000389,-0.005030,0.001955,8.234433,9.237871,7.219240,1.002879,1023,1024
2351,-0.000000,-0.000000,0.000000,8.183051,9.195024,7.165099,0.998298,1065,1066
3609,-0.002931,-0.004987,-0.000337,7.682757,8.687630,6.650138,0.999781,1006,1007
3891,-0.006897,0.002123,-0.006906,8.642129,9.561510,7.745471,1.006102,997,998
4442,-0.004433,-0.007277,0.007021,9.306206,10.403543,8.191206,1.003619,1035,1036
7220,-0.000000,0.000000,-0.000000,10.320482,11.611332,9.044420,0.998022,995,996
618,-0.002763,0.007037,0.002996,7.859275,8.794433,6.935888,1.001958,994,995
193,0.005124,0.002189,-0.000987,7.998413,8.979848,7.019091,1.001923,999,1000
9597,0.002458,0.010389,0.001582,3.279920,3.888802,2.687757,1.008010,963,964
5250,-0.001214,0.010887,-0.002456,7.010223,7.871741,6.149732,1.001554,1016,1017
8771,0.010391,-0.032777,0.003878,6.070949,7.423552,4.741774,1.030230,989,990
9809,-0.005963,-0.003950,0.002271,7.184307,8.148888,6.239128,1.002375,983,984
181,0.012251,0.008232,-0.001690,8.036136,9.353553,6.724640,1.007494,983,984
2977,0.013508,0.004513,0.002077,8.917731,10.110727,7.746731,1.007678,1013,1014
4616,0.002735,-0.002083,0.003675,8.375965,9.312182,7.461351,1.000392,1025,1026
3024,0.011280,-0.004372,-0.005663,7.440585,9.589598,5.235163,1.001330,971,972
8281,-0.001819,-0.009846,0.001745,5.266332,5.870361,4.669138,1.002016,972,973
4764,0.000000,-0.000000,-0.000000,8.361271,9.604749,7.095143,0.998216,1025,1026
8030,-0.000000,0.000000,0.000000,3.983350,4.661331,3.322473,0.998538,980,981
226,-0.005037,0.002536,-0.001672,7.676409,8.614105,6.725690,0.998668,936,937
2677,-0.004922,-0.001636,-0.001992,8.262387,9.493400,7.034140,0.998822,1041,1042
7608,-0.001531,-0.005701,-0.000029,6.340907,7.111248,5.576700,0.999612,993,994
6184,0.007391,-0.000232,-0.001570,8.384103,9.429225,7.321071,1.001484,1006,1007
8832,0.029919,-0.003579,0.004366,3.154517,3.779292,2.546611,1.018143,1071,1072
846,0.000000,-0.000000,0.000000,7.995483,8.862701,7.151187,0.998382,1111,1112
2659,-0.003350,-0.000593,-0.009531,8.443754,9.396122,7.512189,1.005070,949,950
5759,-0.002275,-0.001212,0.004850,7.928482,8.887386,6.981383,1.001990,1013,1014
7104,-0.004152,-0.001396,-0.005130,5.851791,6.565465,5.131265,1.000112,1061,1062
9267,0.000719,-0.010841,0.012212,6.174046,7.202898,5.156297,1.010724,1067,1068
2237,-0.000565,0.007860,0.000889,7.649300,8.810934,6.469503,0.999355,1031,1032
1521,-0.005962,0.005096,0.002833,7.424509,8.241100,6.588706,0.999183,976,977
7722,-0.000000,-0.000000,-0.000000,6.057353,6.941137,5.158338,0.998261,977,978
366,0.001862,0.006309,-0.005182,7.101092,7.844766,6.354340,0.999954,947,948
1803,0.003325,-0.000977,0.004490,7.803790,8.720141,6.873920,1.001543,998,999
6788,-0.000000,0.000000,0.000000,7.396247,8.287722,6.495123,0.998066,955,956
4862,0.000000,-0.000000,0.000000,7.375196,8.257739,6.498272,0.998232,997,998
3984,-0.000000,0.000000,-0.000000,7.662137,8.547277,6.759284,0.998201,993,994
477,-0.004473,-0.001702,-0.002865,6.872121,7.633381,6.089797,0.999888,1021,1022
9843,-0.003141,0.001382,-0.004783,7.220001,8.181157,6.282367,1.003153,963,964
8326,0.000000,0.000000,0.000000,5.771912,6.574087,4.988744,0.998226,938,939
3771,-0.000000,-0.000000,0.000000,7.731200,8.882305,6.612109,0.998202,1012,1013
4492,-0.000000,0.000000,-0.000000,7.632899,8.543021,6.704393,0.998257,1026,1027
5407,-0.004292,0.000459,-0.002966,8.373100,9.492907,7.246525,0.998194,1024,1025
5849,0.000000,-0.000000,0.000000,5.157698,5.861917,4.464713,0.998400,1000,1001
4832,-0.003367,0.003906,-0.002958,7.356685,8.115259,6.618082,0.998740,958,959
573,-0.000000,-0.000000,-0.000000,7.739743,8.668772,6.791614,0.998223,1012,1013
7955,-0.000422,0.000253,-0.008782,12.034554,13.831475,10.217754,0.999818,1062,1063
9210,-0.014759,0.016745,-0.012576,4.929770,5.611367,4.267480,1.008412,959,960
5146,-0.001668,-0.016652,-0.002004,7.022578,7.800549,6.225173,1.007702,1002,1003
3858,-0.002617,-0.002788,0.004502,6.958068,7.973607,5.945098,0.997409,967,968
7860,0.002926,-0.005372,-0.000309,6.903100,7.855874,5.948087,1.000330,990,991
4752,0.008883,-0.001305,0.007062,7.837833,8.737424,6.926212,0.996992,1039,1040
4504,-0.000000,-0.000000,-0.000000,7.969706,8.846773,7.103539,0.998161,988,989
5531,0.000000,0.000000,-0.000000,6.716886,7.750668,5.662340,0.998351,1028,1029
182,-0.003825,-0.000355,0.007378,7.816514,8.831648,6.792697,1.001145,952,953
2100,-0.005140,-0.000720,0.002383,7.977161,8.920544,7.029510,1.000395,975,976
4512,0.003936,-0.001582,-0.003392,7.667143,8.525532,6.831353,0.997278,1015,1016
6619,-0.008247,0.000725,0.004514,6.331550,7.235429,5.431852,1.003308,1011,1012
3634,-0.000000,0.000000,0.000000,8.141037,9.140913,7.127701,0.998079,966,967
1633,-0.002040,0.003025,0.004554,7.484996,8.493419,6.493600,0.998697,943,944
9437,-0.000098,-0.005352,0.001540,7.663013,8.584606,6.715975,0.997385,1018,1019
8908,0.000000,-0.000000,-0.000000,5.105513,5.654309,4.568345,0.998417,959,960
1105,-0.000000,-0.000000,0.000000,7.637470,8.766881,6.475836,0.998265,1045,1046
7121,0.002823,0.002534,0.002563,10.611239,12.029424,9.156181,0.996413,1007,1008
6542,-0.000000,0.000000,-0.000000,10.254075,11.587004,8.925568,0.997979,973,974
2887,-0.000592,-0.001344,0.005379,7.433443,8.599339,6.245244,0.995710,1026,1027
4781,0.000000,0.000000,-0.000000,8.387118,9.449559,7.305252,0.998106,991,992
9731,0.000000,-0.000000,-0.000000,3.895827,4.464039,3.340322,0.998551,978,979
7875,0.001037,0.021715,0.009781,4.980187,5.697906,4.278917,1.011020,1012,1013
4052,0.000000,0.000000,-0.000000,6.623703,7.584706,5.645843,0.998260,1016,1017
9689,0.006465,0.005233,-0.002219,4.133095,4.682854,3.577148,1.001315,995,996
5850,-0.002662,-0.002153,0.005392,6.878578,8.123643,5.607040,1.001245,963,964
8339,-0.000000,0.000000,-0.000000,5.241923,5.903704,4.587310,0.998424,1017,1018
6783,0.000000,0.000000,0.000000,6.001070,6.903822,5.089894,0.998376,1046,1047
9654,-0.001915,0.006490,0.005460,4.848958,5.577326,4.140965,1.004470,984,985
7743,0.006640,-0.000067,-0.000801,6.300864,7.535748,5.078620,1.001203,987,988
3789,0.001477,0.009761,0.001602,7.875387,8.883818,6.857283,1.004876,996,997
8656,-0.002514,0.002619,-0.007785,8.931908,9.980856,7.888682,1.004209,1006,1007
1190,-0.001904,-0.004151,-0.006523,7.013155,7.877899,6.152433,1.002597,1042,1043
820,-0.001099,-0.000978,-0.005478,7.690848,8.739338,6.623000,0.999163,991,992
9103,-0.009997,-0.010688,0.002915,6.693025,7.522989,5.862635,1.006458,988,989
7468,0.003232,-0.004976,-0.008752,5.260702,6.092435,4.423715,1.001733,1042,1043
4837,-0.001273,0.002956,0.004293,8.500504,9.606780,7.365329,0.995082,1017,1018
5184,-0.003571,0.004590,0.002030,6.741594,7.818067,5.693958,0.997761,997,998
4605,-0.003668,-0.007262,0.005306,7.771570,9.142637,6.395801,0.999138,1015,1016
224,0.000000,-0.000000,-0.000000,7.488478,8.424254,6.550368,0.998301,1059,1060
8841,0.005995,0.004512,0.006626,9.493421,10.790371,8.208794,0.999342,966,967
7732,-0.000000,0.000000,-0.000000,7.583416,8.584782,6.599309,0.998250,1033,1034
6020,-0.000000,-0.000000,-0.000000,8.210800,9.153810,7.253670,0.998155,1009,1010
5131,-0.000000,-0.000000,0.000000,8.604542,9.486315,7.711806,0.998200,1026,1027
3414,-0.005927,-0.012694,-0.012717,5.906354,6.985213,4.843179,1.006624,993,994
3353,-0.000000,0.000000,-0.000000,6.784658,7.727466,5.827101,0.998099,938,939
5013,-0.002389,-0.000400,-0.008369,6.598819,7.815452,5.359629,0.997333,1017,1018
4737,-0.009781,0.005885,0.008554,8.689334,10.149126,7.217664,1.005476,1062,1063
6847,-0.004660,0.000634,-0.001481,8.635304,9.713291,7.525517,1.000498,992,993
4528,0.000000,0.000000,0.000000,8.162333,9.041995,7.299664,0.998158,1008,1009
3972,0.006656,0.000852,-0.003967,9.016308,10.214150,7.817161,1.000745,977,978
7570,0.000000,-0.000000,-0.000000,6.904474,7.687257,6.121803,0.998198,997,998
5213,0.000000,0.000000,0.000000,8.024555,9.312816,6.700497,0.998269,1038,1039
8509,-0.005168,0.023011,-0.014843,1.804323,2.430470,1.167347,1.009735,1076,1077
8862,-0.006532,-0.000808,0.000274,6.474406,7.276497,5.651370,1.000257,976,977
434,0.007517,-0.002365,-0.000884,7.335294,8.418215,6.257741,1.003046,1044,1045
8211,0.000937,0.004804,0.006873,6.501947,7.295611,5.716843,0.998114,1035,1036
8668,0.008091,0.006497,-0.000570,5.360595,5.937360,4.797986,0.996045,978,979
6211,-0.000000,-0.000000,-0.000000,10.537338,11.765618,9.288960,0.997982,984,985
1531,0.000000,0.000000,-0.000000,7.654782,8.592790,6.728628,0.998274,1038,1039
4711,-0.000000,0.000000,-0.000000,8.811572,9.881581,7.747458,0.998159,1036,1037
6871,-0.000000,-0.000000,-0.000000,8.459421,9.512414,7.381629,0.998074,978,979
6188,-0.000185,0.002283,-0.007664,8.585136,9.711839,7.444694,0.996244,980,981
9125,0.002592,0.002009,0.003680,9.055292,10.022146,8.062347,0.997312,978,979
8985,0.002374,-0.005381,0.000852,10.487654,11.849390,9.098278,1.001880,1022,1023
4276,-0.000000,-0.000000,-0.000000,8.567025,9.695771,7.409682,0.998111,975,976
716,0.002077,0.000160,0.005351,7.959375,8.988086,6.946046,1.003562,977,978
4560,-0.005671,0.002993,0.005152,7.303584,8.258381,6.354560,0.998783,998,999
2288,-0.004356,0.001044,0.003716,7.196106,7.976391,6.398869,0.998596,997,998
7391,-0.003724,0.001580,-0.001206,9.886219,11.166666,8.571365,0.999560,1030,1031
348,-0.002765,0.003275,0.003572,7.514420,8.372145,6.667261,1.001132,1039,1040
7667,-0.000000,0.000000,-0.000000,7.169454,8.325539,6.004103,0.998211,971,972
9527,0.006183,0.001174,-0.002652,5.516544,6.187433,4.831320,0.999808,1014,1015
5999,-0.000000,0.000000,-0.000000,8.666208,9.770359,7.581689,0.998143,998,999
2731,0.004321,-0.002190,0.002368,8.047564,9.185651,6.888165,0.997754,1024,1025
2433,0.003521,0.002218,0.003710,7.889499,8.791583,7.001684,0.997937,1042,1043
9524,0.004451,0.004689,-0.000791,7.279328,8.157340,6.391926,1.000637,994,995
6809,-0.000000,0.000000,0.000000,9.805245,11.363487,8.282183,0.997923,956,957
565,-0.002280,0.004704,0.006291,7.774035,8.674170,6.873208,1.003112,982,983
2112,-0.000000,0.000000,-0.000000,8.183055,9.086275,7.254726,0.998217,1015,1016
3022,-0.000162,0.004587,0.003727,7.241976,8.392023,6.104317,0.999969,1038,1039
5004,-0.000000,0.000000,0.000000,6.954782,7.867635,6.056904,0.998169,984,985
1246,-0.005490,-0.002522,-0.005488,7.559517,8.575435,6.558115,1.002792,958,959
4059,0.002801,0.004131,0.001073,7.732971,8.597331,6.858098,0.996818,1052,1053
8237,0.000000,-0.000000,0.000000,5.524850,6.311992,4.750212,0.998387,1017,1018
78,-0.000826,0.000658,-0.005673,6.501062,7.430505,5.597950,0.997335,965,966
3565,-0.000000,0.000000,-0.000000,6.973755,8.001150,5.971343,0.998105,952,953
1556,-0.002633,-0.004784,-0.001630,8.289123,9.040027,7.520907,1.000438,1009,1010
6522,0.004942,-0.000264,0.004351,7.472321,8.402996,6.526388,0.992568,997,998
4644,-0.000000,-0.000000,-0.000000,7.716090,8.948375,6.448843,0.998123,955,956
1519,-0.003358,0.003943,-0.002464,7.512433,8.372024,6.670313,1.001486,974,975
5160,-0.000000,0.000000,-0.000000,6.334151,7.059762,5.622909,0.998242,987,988
6435,-0.000250,-0.005653,0.001509,7.768690,8.596854,6.955523,1.000449,1026,1027
9722,0.005558,0.001335,-0.001858,6.759788,7.734980,5.767848,1.002961,996,997
4502,0.008788,0.004521,0.000716,9.555350,10.715986,8.422167,1.006205,1014,1015
4126,0.000000,-0.000000,0.000000,5.689688,6.346902,5.044575,0.998349,1005,1006
8408,-0.004405,0.000277,0.003193,7.958636,9.027389,6.894461,0.999907,965,966
5044,-0.003402,0.004024,-0.001531,8.030511,9.143447,6.923881,0.995029,983,984
7399,-0.000000,0.000000,0.000000,6.866662,7.756056,5.970233,0.998284,995,996
5523,-0.007227,-0.002166,-0.005379,6.251922,6.962041,5.538479,1.002258,985,986
4540,-0.001231,0.003286,-0.006412,9.073287,9.967883,8.184987,0.999269,997,998
8085,-0.004667,0.000165,-0.002259,8.792986,9.760994,7.796999,1.001307,1040,1041
7737,0.000000,0.000000,0.000000,8.280166,9.243728,7.308084,0.998139,1004,1005
9680,-0.005276,-0.004871,-0.000182,4.828890,5.455410,4.201645,0.999546,989,990
5215,0.000000,-0.000000,0.000000,8.177832,9.296603,7.034467,0.998249,1035,1036
605,-0.000000,-0.000000,0.000000,6.943307,7.790135,6.078259,0.998185,992,993
3823,0.001524,0.003905,0.004619,6.299681,7.095362,5.524594,1.000391,1005,1006
6932,-0.005058,-0.002052,-0.001533,7.790852,8.652182,6.912681,0.999030,954,955
4729,0.000000,-0.000000,0.000000,7.431306,8.407031,6.473327,0.998283,1044,1045
921,-0.000000,0.000000,-0.000000,6.929442,7.730629,6.133010,0.998163,979,980
1270,0.001830,0.001822,-0.009992,7.028533,8.131531,5.947731,0.999874,979,980
6141,0.008800,0.001469,-0.001186,5.978653,6.684645,5.270375,0.998733,979,980
8639,0.000000,-0.000000,-0.000000,11.569774,13.235480,9.855512,0.997897,979,980
9328,0.002260,0.003017,0.003379,9.716653,10.872018,8.586504,1.002256,947,948
6778,-0.002177,0.000566,-0.006550,9.499889,10.818750,8.200280,1.001900,972,973
6316,-0.000759,-0.010019,-0.000606,5.881739,6.716214,5.057194,1.001420,984,985
8940,-0.000000,0.000000,-0.000000,5.158900,5.863803,4.436098,0.998301,942,943
6638,0.006744,-0.000831,-0.001444,8.388441,9.461150,7.306817,0.999323,1018,1019
2714,-0.000000,-0.000000,0.000000,7.504682,8.493104,6.506753,0.998291,1039,1040
3741,0.000403,0.001183,0.005697,7.543137,8.494209,6.581825,1.000722,976,977
9987,-0.001063,-0.002184,0.009360,6.122750,6.936422,5.328748,1.006488,1027,1028
7089,-0.002753,0.001692,-0.003935,8.142250,9.187827,7.105608,0.997258,999,1000
7475,0.003544,-0.007402,0.001441,4.874507,5.494927,4.246893,1.002177,955,956
4182,0.000000,-0.000000,0.000000,6.661353,7.564468,5.764746,0.998324,1059,1060
9225,-0.000000,-0.000000,-0.000000,6.976836,7.770826,6.176495,0.998178,990,991
5711,0.000000,-0.000000,-0.000000,7.183281,8.100051,6.250189,0.998138,981,982
1240,-0.001797,0.005168,-0.001344,7.660597,8.619230,6.690602,0.999036,1025,1026
146,0.006983,-0.015450,0.012915,7.178009,7.872697,6.474007,1.005581,943,944
9860,0.002677,0.003710,0.000599,9.629100,10.651086,8.604071,0.997951,1019,1020
2521,0.001540,-0.003399,0.004579,6.197833,6.902915,5.498250,1.003983,981,982
8462,-0.011751,-0.010285,0.008421,7.032398,7.951266,6.129828,0.999351,1027,1028
2203,-0.001179,-0.001883,0.005120,8.055331,8.977229,7.140138,1.000343,960,961
2477,0.002998,-0.003859,0.002429,7.918213,8.779162,7.052751,0.998850,1028,1029
2640,0.003246,0.001645,0.004361,7.716911,8.652919,6.795187,0.999590,954,955
8247,-0.006488,0.001001,0.000936,6.045551,6.778545,5.299989,0.999753,1006,1007
5543,-0.001291,0.009691,-0.002375,7.969796,8.869683,7.069167,0.998068,1009,1010
1796,-0.003158,-0.001655,0.004323,7.385789,8.237756,6.522267,0.998476,1001,1002
2768,-0.000000,-0.000000,0.000000,6.628967,7.358289,5.882194,0.998192,978,979
6984,0.007217,0.004958,0.001512,7.756876,8.755171,6.786926,1.000958,1033,1034
1460,0.018050,-0.005435,0.008411,5.835402,6.540281,5.132629,1.015969,998,999
9151,-0.003117,0.006109,-0.007050,8.886670,9.879528,7.894202,1.001701,991,992
1979,-0.002018,0.005278,-0.000237,7.911276,8.903967,6.924094,1.003521,1000,1001
3959,-0.000000,-0.000000,-0.000000,6.761369,7.565919,5.945899,0.998113,944,945
5697,0.001212,-0.004243,0.002699,8.816483,9.910313,7.750422,0.995486,996,997
1653,-0.001782,-0.005219,-0.000793,7.934800,8.935836,6.919855,1.003744,1033,1034
7733,-0.004603,-0.009775,-0.004453,6.906738,7.814756,6.020041,0.999224,1041,1042
8830,0.003211,-0.003670,0.000644,7.767391,8.799546,6.762545,0.995269,1045,1046
6737,-0.003912,-0.003750,-0.000235,7.433126,8.314676,6.558840,0.995953,947,948
1163,0.001275,-0.005241,0.001731,6.873403,7.650677,6.106130,0.996490,1009,1010
3532,-0.005169,-0.001362,-0.002161,7.133748,7.990855,6.291660,1.001317,973,974
2262,-0.000525,-0.005660,-0.001004,6.502361,7.368193,5.620694,1.000244,1030,1031
7239,0.005034,0.000828,0.000695,8.852192,10.039350,7.663829,0.997050,1004,1005
7090,-0.000000,-0.000000,0.000000,5.550871,6.142926,4.946751,0.998290,957,958
8200,-0.006838,0.001984,0.012973,7.069156,8.171687,5.953467,1.006308,991,992
2440,-0.008031,0.000540,0.001881,9.076077,10.271447,7.914155,1.006052,946,947
7082,0.002544,0.001329,-0.004153,8.421656,9.329801,7.511338,1.000064,1049,1050
759,-0.000000,0.000000,-0.000000,6.907346,7.714432,6.119399,0.998212,1005,1006
8150,-0.003184,0.007761,0.013883,2.581613,3.210959,1.964338,1.010000,1047,1048
7566,-0.000812,-0.007215,-0.006854,5.040107,5.903287,4.159082,1.003376,995,996
1409,0.015337,-0.012247,0.007386,17.869194,21.445838,14.301860,1.004626,958,959
9787,-0.001853,-0.002267,-0.025415,6.998136,7.877788,6.127877,1.017160,976,977
5510,0.004759,0.001626,-0.002701,6.772304,7.494234,6.038514,0.998838,1046,1047
671,-0.003271,0.007688,0.000871,8.450633,9.650045,7.223893,0.993846,939,940
5251,0.002519,-0.001588,-0.004666,7.985812,8.785763,7.204153,1.001038,1001,1002
9533,-0.003557,0.002663,0.004090,8.415876,9.603712,7.232239,0.998915,975,976
2146,0.003288,-0.011158,-0.003154,7.793372,8.712813,6.890804,1.005824,971,972
2934,0.000000,0.000000,0.000000,7.798478,8.709966,6.903548,0.998257,1048,1049
4590,0.000000,-0.000000,0.000000,8.652528,9.649049,7.639106,0.998260,1066,1067
505,-0.004267,-0.003141,0.001769,7.588752,8.670668,6.506714,1.002035,1025,1026
2453,-0.000638,-0.001972,-0.005596,7.091899,8.019402,6.174094,1.004147,991,992
3448,0.000000,-0.000000,-0.000000,7.918914,9.127466,6.725589,0.998145,977,978
7297,-0.000000,0.000000,0.000000,6.612205,7.512758,5.715619,0.998342,1014,1015
5858,-0.002558,-0.003950,-0.003295,7.346302,8.364105,6.298959,0.998228,1022,1023
2183,0.000532,-0.002809,-0.004667,7.198381,8.047618,6.336931,1.000243,1020,1021
7553,-0.001820,-0.005343,-0.007231,7.011556,7.898892,6.115413,1.002263,971,972
8875,0.005169,-0.002394,0.000372,7.017479,8.062912,5.995363,1.002293,1067,1068
6012,0.000000,-0.000000,-0.000000,9.933192,11.209031,8.649758,0.997880,941,942
1774,-0.000000,0.000000,-0.000000,6.919164,7.793539,6.067365,0.998118,956,957
4461,-0.000000,-0.000000,-0.000000,9.274182,10.396307,8.141533,0.998110,1009,1010
5474,-0.005200,0.002705,-0.000935,7.018081,7.981530,6.036310,1.002339,1030,1031
235,0.000000,-0.000000,0.000000,6.894102,7.796612,6.007792,0.998129,961,962
1096,0.013989,0.008915,-0.015189,6.240157,7.004252,5.461204,1.014994,1026,1027
3166,-0.004573,0.006501,-0.012949,8.897861,9.961174,7.849625,0.997127,1013,1014
4044,0.000468,-0.005393,-0.002582,7.628509,8.743773,6.530624,1.001165,1000,1001
1236,0.002720,0.001272,-0.007469,7.546367,8.781755,6.310281,1.003325,1031,1032
2232,-0.000000,0.000000,0.000000,6.988934,7.779945,6.216006,0.998135,966,967
289,0.000307,0.001969,-0.007971,8.620264,9.698423,7.522167,1.004040,974,975
1342,0.002503,-0.005030,-0.001532,7.174959,8.454407,5.921866,1.003865,949,950
7385,-0.004351,0.003003,0.004903,11.586157,13.261066,9.939764,0.996986,1009,1010
347,-0.004407,-0.000171,0.003534,7.815840,8.750014,6.895516,0.998590,1005,1006
9910,-0.000000,0.000000,0.000000,4.971771,5.558663,4.401168,0.998439,961,962
7020,-0.007540,-0.012274,0.010948,2.216217,2.836953,1.613116,1.013227,963,964
837,0.009027,-0.003466,0.000995,8.421829,9.525662,7.346800,1.000847,1074,1075
9950,-0.004039,-0.002121,0.005837,8.149536,9.066681,7.245533,1.004253,1028,1029
1008,-0.002758,0.000864,-0.004737,7.306035,8.191283,6.445753,1.000737,1004,1005
3749,-0.003827,0.002371,0.002692,9.650667,10.868123,8.467011,0.998378,975,976
121,0.002362,-0.006808,0.003928,7.460270,8.413743,6.497109,1.005114,980,981
2438,0.000000,-0.000000,-0.000000,7.636032,8.510520,6.762211,0.998106,942,943
7330,-0.000000,0.000000,0.000000,7.970169,9.001757,6.945219,0.998148,981,982
3459,-0.000000,0.000000,-0.000000,7.159539,8.025720,6.299418,0.998237,986,987
7659,0.008696,-0.022638,0.000820,8.680913,9.893487,7.461441,1.014138,1000,1001
4947,0.000000,0.000000,-0.000000,7.518834,8.521561,6.531415,0.998295,1043,1044
5555,0.001994,-0.017065,0.004598,5.300109,6.243377,4.383509,1.007979,946,947
8917,-0.004115,-0.005190,-0.002276,5.394431,5.988983,4.802503,1.003591,981,982
5669,-0.000000,-0.000000,0.000000,7.187771,8.043168,6.348141,0.998289,1020,1021
1969,-0.003316,0.004422,0.000924,8.220694,9.153162,7.297826,1.002493,978,979
3668,-0.000000,-0.000000,-0.000000,7.533054,8.411617,6.645248,0.998272,1029,1030
9260,0.005624,-0.005300,0.002793,8.786901,9.976273,7.583130,1.000702,930,931
6852,0.000000,0.000000,-0.000000,4.902794,5.553196,4.257380,0.998428,997,998
1587,0.019721,-0.044995,0.031093,4.730701,5.653566,3.826678,1.038941,1031,1032
451,-0.003389,-0.007907,-0.008268,10.194675,11.660520,8.708970,1.004508,973,974
9915,-0.000000,-0.000000,-0.000000,4.737470,5.417837,4.056106,0.998497,1030,1031
9165,0.006687,0.000145,0.003329,8.628794,9.833755,7.446517,0.999926,993,994
373,-0.006396,0.004405,0.001971,7.338204,8.140326,6.527421,1.003698,1027,1028
5174,-0.008580,0.007119,-0.007767,6.873403,7.653854,6.101795,1.004965,1025,1026
5938,0.006724,-0.002146,-0.002654,9.837702,10.847066,8.823150,1.005419,991,992
5058,-0.018676,0.004170,0.008180,7.636956,8.591485,6.664226,1.006012,990,991
9108,-0.015032,-0.014307,0.002462,6.042278,6.788185,5.313170,1.006542,975,976
9369,-0.001507,0.011718,-0.001601,4.699267,5.416438,3.968872,1.006696,973,974
1837,0.000000,0.000000,-0.000000,8.048049,9.083099,7.011324,0.998320,1071,1072
3334,-0.000000,0.000000,-0.000000,6.638967,7.484390,5.769486,0.998242,1005,1006
8647,0.000000,-0.000000,0.000000,8.796293,9.873272,7.745064,0.998162,1014,1015
1269,-0.007272,-0.006394,0.002831,7.637069,8.544560,6.722125,1.003244,1007,1008
9633,-0.000000,-0.000000,0.000000,8.927751,10.187171,7.647122,0.998119,995,996
5462,-0.000000,-0.000000,-0.000000,9.147949,10.431141,7.865280,0.998081,985,986
1925,-0.004827,0.003096,-0.001267,7.071932,7.901790,6.226647,0.999650,966,967
8669,0.009632,0.003333,-0.000982,3.556237,4.146853,2.960464,1.005073,1004,1005
8093,-0.001934,0.001109,-0.004404,9.016448,9.978957,8.031409,1.000686,1010,1011
1648,-0.001326,-0.005479,0.001276,6.526223,7.297795,5.767368,1.003343,963,964
9650,0.003076,-0.003502,-0.001709,9.195320,10.149599,8.228801,0.996365,954,955
7149,0.000860,0.000668,-0.007088,5.728962,6.480518,4.973498,0.999454,1021,1022
7750,-0.000000,-0.000000,0.000000,12.247470,14.022392,10.424213,0.997928,1019,1020
1530,0.004545,-0.003346,-0.000700,6.925436,7.708059,6.138864,1.000332,1001,1002
54,0.000000,0.000000,0.000000,8.056384,8.992739,7.114484,0.998259,1034,1035
3215,0.009450,-0.002530,0.000460,8.019100,8.878218,7.144019,0.998211,1009,1010
2524,-0.016382,-0.015102,-0.013782,8.600478,9.771004,7.397420,1.014957,1029,1030
318,-0.001861,0.003298,-0.004213,7.867833,8.802475,6.953781,0.999092,1006,1007
9361,-0.002090,0.002479,-0.002414,10.426965,11.804155,9.038693,1.001934,1036,1037
8576,-0.002863,0.007750,0.004897,8.943134,10.205662,7.713460,1.003271,992,993
4529,0.004259,0.003053,-0.001676,8.659470,9.864346,7.476224,0.996949,993,994
3902,0.004092,0.001592,-0.007034,7.464990,8.309316,6.610351,0.997001,983,984
476,-0.000000,0.000000,0.000000,7.741581,8.660269,6.823055,0.998202,998,999
1335,-0.000827,-0.004861,0.002479,7.339815,8.420493,6.265272,0.999311,1052,1053
2722,0.000000,-0.000000,-0.000000,6.776807,7.550911,6.023509,0.998271,1034,1035
6902,-0.000000,0.000000,0.000000,6.910488,8.084974,5.736067,0.998324,1024,1025
3531,-0.006403,-0.007228,-0.004944,7.629297,8.646745,6.596118,1.003699,979,980
6364,-0.002304,0.002936,0.002522,10.181412,11.436195,8.954929,0.996015,970,971
9749,-0.002175,-0.009606,0.001027,6.965914,8.000340,5.911697,1.006314,1007,1008
3002,0.000000,0.000000,-0.000000,8.121545,9.107364,7.128323,0.998124,989,990
5224,0.004129,0.011295,-0.000111,6.875644,7.737783,6.012272,0.999814,985,986
7389,0.007660,0.007325,-0.002047,4.835586,5.521164,4.166358,1.002307,1004,1005
6791,-0.000000,-0.000000,0.000000,10.030380,11.448198,8.602455,0.998170,1068,1069
3750,0.000000,-0.000000,-0.000000,7.124748,8.168613,6.092515,0.998304,1025,1026
1165,-0.001626,0.005389,-0.001115,7.554917,8.554527,6.582877,0.998222,989,990
7606,0.000000,-0.000000,-0.000000,7.933577,8.854307,7.015468,0.998126,980,981
4754,-0.000000,0.000000,0.000000,6.704418,7.477676,5.917149,0.998237,1007,1008
3232,0.006629,0.004443,-0.001981,8.093261,9.297684,6.907224,1.001523,1033,1034
3446,0.002022,0.000439,0.011392,7.904099,8.895098,6.927673,0.998400,1065,1066
1459,-0.010897,-0.013762,0.008110,6.049450,7.054351,5.027602,1.003334,1029,1030
8215,0.002716,0.002292,-0.005463,9.785467,11.155722,8.374955,1.001121,1003,1004
9808,0.000000,-0.000000,-0.000000,5.188334,6.210413,4.175155,0.998450,986,987
2610,-0.004054,-0.003536,0.001335,8.225872,9.171227,7.288855,1.001884,999,1000
2983,-0.000000,-0.000000,-0.000000,6.891268,7.677551,6.089571,0.998171,981,982
5029,-0.010170,-0.000165,-0.000643,8.657915,9.595029,7.712286,1.004196,986,987
6216,-0.000000,0.000000,0.000000,6.643776,7.667629,5.589648,0.998237,1002,1003
3340,-0.000000,0.000000,0.000000,6.818226,7.779074,5.839796,0.998241,1017,1018
2174,-0.002972,-0.009313,-0.001411,8.136532,9.123110,7.130459,1.001069,975,976
1660,0.003993,-0.002922,-0.002962,7.207814,8.046690,6.345509,0.994562,989,990
5552,-0.004211,-0.009542,-0.018647,4.896324,5.530822,4.250434,1.002657,980,981
2039,0.000000,0.000000,-0.000000,7.527139,8.626691,6.456093,0.998223,998,999
7794,-0.002103,-0.003207,-0.006312,4.997678,5.566301,4.418131,0.997592,1016,1017
3114,0.000000,0.000000,0.000000,6.294811,7.096220,5.514974,0.998249,988,989
3657,-0.001005,-0.000789,-0.007732,7.465838,8.288244,6.664481,0.999335,998,999
2109,0.000000,-0.000000,-0.000000,7.774734,8.818791,6.704817,0.998261,1048,1049
2746,-0.003157,-0.004219,-0.001714,8.387400,9.511928,7.239887,1.001533,997,998
7512,0.010037,-0.002085,-0.005648,6.149120,6.869795,5.424814,1.009716,986,987
2864,0.000000,-0.000000,-0.000000,7.750457,8.740666,6.768640,0.998103,946,947
3296,0.003592,-0.009970,-0.013249,6.694555,7.528195,5.868689,1.007258,968,969
6208,-0.001601,0.003217,0.003818,8.234129,9.478186,6.969314,0.999951,1033,1034
5069,-0.002477,-0.003400,0.003141,7.720456,8.642372,6.805155,0.999484,1082,1083
9885,0.012950,0.001378,-0.010737,1.344500,1.959006,1.000027,1.013118,1016,1017
317,-0.004796,0.002664,0.001227,7.312827,8.075143,6.539145,1.001511,1013,1014
386,-0.000000,0.000000,-0.000000,7.754708,8.608940,6.906545,0.998233,1019,1020
5212,-0.000457,-0.001687,0.004756,9.204564,10.652647,7.741957,0.997562,937,938
8412,-0.000000,-0.000000,0.000000,8.504092,9.642512,7.339826,0.998158,997,998
453,-0.005645,0.001334,-0.000033,8.106895,9.138856,7.070579,1.003146,957,958
1586,-0.000000,0.000000,-0.000000,7.800659,8.840614,6.764806,0.998099,947,948
7310,-0.008135,0.014534,-0.000633,4.639730,5.327196,3.959366,1.010868,967,968
3687,0.013753,0.003893,0.000146,9.312078,10.889166,7.756781,1.008623,910,911
8273,0.017480,0.012425,0.015031,2.496277,3.106281,1.882331,1.021930,1058,1059
460,0.001263,0.002277,0.009940,8.261205,9.460390,7.079848,0.997155,975,976
9018,0.000000,-0.000000,0.000000,14.048626,15.952602,12.173015,0.997754,990,991
6133,0.002616,0.005067,0.004117,5.759803,6.431190,5.075361,1.002405,1010,1011
5222,-0.000000,-0.000000,-0.000000,8.722071,10.015725,7.423720,0.998187,1025,1026
3360,0.004521,0.005334,0.006479,7.027342,7.905055,6.162480,1.004696,1041,1042
1647,0.001892,-0.005571,0.000572,7.120990,7.919497,6.316234,1.002179,974,975
2041,-0.000000,0.000000,0.000000,7.004302,7.987340,6.017061,0.998137,969,970
3249,-0.000000,0.000000,-0.000000,8.439345,9.577781,7.292558,0.997991,923,924
5924,-0.000437,-0.000607,0.005915,7.248303,8.145009,6.335338,1.002851,1008,1009
5199,0.000000,-0.000000,0.000000,6.174694,6.894227,5.447166,0.998365,1000,1001
7075,0.000000,-0.000000,-0.000000,7.222922,8.302770,6.163408,0.998189,962,963
7941,-0.000000,-0.000000,0.000000,4.240673,4.807300,3.686336,0.998518,995,996
3051,-0.004596,-0.001700,-0.002780,7.963301,8.892572,7.013403,1.001575,1025,1026
5495,0.005047,-0.000467,-0.001290,8.765478,10.169145,7.399011,0.997612,950,951
5815,-0.000000,0.000000,-0.000000,6.539373,7.299574,5.783866,0.998320,1048,1049
5910,0.001321,0.005611,-0.004290,5.092174,5.667588,4.514953,0.997056,936,937
2810,0.000827,0.000430,0.005461,8.534865,9.574370,7.465502,1.003588,986,987
7665,-0.005456,-0.000939,-0.001248,7.115452,7.968392,6.249206,0.996418,1012,1013
6246,0.000652,-0.005513,0.001113,7.545795,8.518608,6.595596,1.001118,1028,1029
991,-0.006392,-0.007645,-0.000910,7.767681,8.716895,6.827329,1.004124,1011,1012
6633,-0.007577,-0.001177,0.006426,9.546746,10.586723,8.530409,1.001218,1033,1034
8123,0.001834,-0.002344,0.004178,7.708494,8.579901,6.858104,0.999895,1023,1024
8126,0.003515,0.003669,0.003681,6.037941,6.851777,5.220804,0.999451,1023,1024
7320,-0.004798,0.000774,0.008730,3.028351,3.622130,2.430944,0.997650,994,995
5284,0.000000,-0.000000,0.000000,8.674617,9.635358,7.738378,0.998045,974,975
173,0.005623,-0.000632,-0.000769,6.528077,7.333033,5.706066,1.002088,977,978
6013,0.000000,0.000000,-0.000000,8.096967,9.178363,6.995271,0.998164,1008,1009
9686,-0.001657,0.006743,-0.000955,9.082147,10.068896,8.112896,0.998004,1002,1003
3567,0.004933,0.002178,-0.002708,7.728152,9.141257,6.341731,0.998125,945,946
1968,0.005096,-0.000492,-0.002673,6.723108,7.533583,5.901180,0.997729,948,949
4810,0.000475,-0.003262,-0.004652,6.428216,7.115787,5.743999,0.997214,1047,1048
4945,0.002920,-0.004319,0.002314,7.433415,8.221589,6.646065,1.000461,1037,1038
3932,-0.005354,0.001973,0.002154,6.790452,7.592782,5.984182,0.999238,993,994
4545,0.002732,0.009584,0.000477,6.438770,7.175595,5.683205,0.997059,998,999
5001,0.005721,-0.016493,0.015434,8.262403,9.144023,7.405843,1.018416,1014,1015
8136,-0.003134,0.013333,0.012956,6.185625,7.083258,5.271760,1.013549,1074,1075
9743,0.000620,-0.005547,0.000824,7.071871,7.980779,6.161335,1.000288,1008,1009
6678,-0.000000,0.000000,-0.000000,7.193771,8.037206,6.335531,0.998127,975,976
2683,-0.000000,0.000000,-0.000000,6.824652,7.728808,5.894089,0.998240,1017,1018
2333,-0.000000,0.000000,0.000000,7.664215,8.619372,6.709527,0.998186,985,986
1262,-0.000000,-0.000000,0.000000,6.679918,7.540773,5.840687,0.998311,1052,1053
7610,-0.000000,-0.000000,-0.000000,9.025205,10.405083,7.637498,0.998033,956,957
2962,0.000000,-0.000000,0.000000,6.607046,7.421244,5.775798,0.998251,1008,1009
6925,0.000000,-0.000000,0.000000,6.136102,6.841096,5.412166,0.998251,977,978
3794,-0.004631,-0.002585,0.002217,6.962949,7.764552,6.170296,1.001251,960,961
2924,-0.005316,-0.000876,-0.000917,7.439017,8.482624,6.378306,0.997449,975,976
9590,0.000000,0.000000,-0.000000,8.851905,10.196951,7.517474,0.998156,1013,1014
9900,0.000000,-0.000000,0.000000,4.081353,4.981030,3.196942,0.998625,1005,1006
6213,-0.001027,-0.004695,-0.002423,8.655969,9.997002,7.310281,1.000141,1000,1001
5770,0.003684,0.000141,0.006335,8.835390,10.052709,7.646826,1.000759,1023,1024
6351,-0.001883,0.006800,0.009861,6.130147,6.860573,5.420216,1.000828,1021,1022
46,-0.008679,-0.009468,0.004271,7.079384,8.020618,6.154385,0.997699,964,965
5102,0.000000,0.000000,-0.000000,6.338981,7.116937,5.538185,0.998356,1006,1007
9074,-0.000827,-0.001164,-0.005337,8.438110,9.756017,7.105667,1.001690,965,966
3733,0.000000,-0.000000,-0.000000,6.685689,7.763555,5.607004,0.998251,1014,1015
566,-0.000000,-0.000000,0.000000,6.898525,7.701025,6.106295,0.998211,1004,1005
284,-0.005252,0.006005,-0.000214,7.440691,8.272221,6.590996,0.999761,1032,1033
3538,0.001282,-0.001552,0.005105,8.019835,8.915537,7.148423,1.001388,998,999
7028,-0.000000,0.000000,-0.000000,6.808037,7.595437,5.997267,0.998231,1010,1011
5113,-0.000000,0.000000,-0.000000,6.547035,7.419347,5.663619,0.998180,966,967
9265,-0.001246,0.005988,0.001408,6.190009,6.917053,5.474204,1.000584,995,996
5908,-0.000000,-0.000000,0.000000,7.075029,7.855038,6.284675,0.998309,1025,1026
7434,0.002457,-0.004254,-0.001188,8.597962,9.964315,7.205728,0.996946,996,997
4309,-0.000000,-0.000000,-0.000000,8.001071,9.050416,6.937671,0.998163,1005,1006
7093,-0.002215,0.006588,0.006766,5.548601,6.290723,4.809715,0.997425,985,986
8566,-0.003251,-0.005384,0.002268,10.684990,11.978445,9.426661,0.998619,1012,1013
9507,0.000000,-0.000000,-0.000000,10.724134,12.431257,9.032153,0.998003,1033,1034
2669,-0.000000,-0.000000,-0.000000,6.865444,7.584139,6.145549,0.998218,1006,1007
8259,0.000864,-0.005274,-0.002605,6.489035,7.230830,5.751436,1.002276,1064,1065
2496,0.007442,0.006658,-0.003409,8.154984,9.207448,7.080704,0.998893,952,953
6704,-0.003454,0.001962,-0.002979,10.162431,11.374257,8.943540,1.000756,982,983
6662,0.004548,0.000334,-0.002834,8.774222,9.852040,7.708811,1.000535,1045,1046
3991,0.002370,-0.005173,-0.000050,7.131154,8.011956,6.272058,1.002988,981,982
5937,-0.004406,-0.002309,-0.001526,8.369586,9.433371,7.293104,1.000963,1044,1045
5677,-0.003138,-0.003724,0.000974,9.638774,10.858941,8.393905,0.999297,1022,1023
2598,0.000000,0.000000,0.000000,6.924184,7.873064,5.999606,0.998178,987,988
2013,-0.000000,0.000000,-0.000000,6.848964,7.714373,5.990592,0.998183,984,985
8667,-0.000000,0.000000,0.000000,10.246945,11.397338,9.075590,0.997907,966,967
9794,-0.011761,-0.002470,-0.001567,10.008839,11.086329,8.911237,1.002469,1049,1050
3619,0.022245,0.039732,-0.023723,12.165563,14.382277,10.004317,1.032417,1025,1026
5860,0.001998,-0.001992,-0.004844,7.252608,8.164234,6.321935,0.998174,957,958
4801,0.000000,-0.000000,-0.000000,6.284919,7.049873,5.536437,0.998234,977,978
9541,0.000000,0.000000,0.000000,5.574748,6.322912,4.837775,0.998453,1018,1019
3929,0.005055,0.000933,-0.002654,8.042702,9.200862,6.904208,1.001732,1015,1016
3876,-0.003335,0.004499,-0.001145,8.514879,9.464888,7.569810,0.999559,943,944
9031,0.002191,-0.001263,0.003789,9.363025,10.952714,7.756608,1.000925,990,991
3430,0.000000,0.000000,0.000000,6.936973,7.833842,6.064818,0.998189,993,994
9660,0.000000,0.000000,-0.000000,11.544076,12.897814,10.199104,0.997801,963,964
8318,-0.005745,0.002463,-0.014855,6.706334,7.741821,5.666551,1.004833,1018,1019
3743,0.000000,0.000000,0.000000,7.985586,9.075991,6.881241,0.998107,959,960
598,-0.005104,-0.010037,-0.003146,8.686551,9.964616,7.383512,1.001997,1002,1003
8297,0.004146,-0.001217,0.008858,5.927149,6.625050,5.209561,1.005461,966,967
6191,0.003845,0.005023,0.003270,4.804725,5.509955,4.101485,1.000206,1023,1024
5279,0.000000,0.000000,-0.000000,6.306637,7.324235,5.316600,0.998315,1029,1030
3066,0.005821,-0.001910,-0.005419,7.845940,8.833666,6.868595,1.005066,1040,1041
3847,-0.002963,0.002629,-0.004199,7.941931,9.156590,6.708234,1.002377,996,997
3603,-0.004237,-0.001439,0.003792,6.821794,7.850994,5.787543,1.001694,956,957
5574,0.000000,-0.000000,-0.000000,6.687402,7.493074,5.861939,0.998193,983,984
1789,0.000000,0.000000,-0.000000,7.338748,8.259452,6.419389,0.998341,1076,1077
6262,0.000000,-0.000000,-0.000000,7.415533,8.217642,6.605507,0.998061,953,954
9229,-0.000000,0.000000,-0.000000,10.678318,12.008253,9.363981,0.998011,1005,1006
9088,-0.000000,0.000000,-0.000000,11.686961,13.027236,10.382787,0.997856,993,994
8224,0.000000,-0.000000,-0.000000,4.627027,5.179755,4.083512,0.998445,982,983
4286,-0.004068,0.003244,0.001036,7.510918,8.491054,6.527743,0.998093,1021,1022
3460,-0.000000,-0.000000,-0.000000,7.404224,8.407695,6.411696,0.998048,946,947
897,0.003412,-0.000319,-0.004561,7.536603,8.390917,6.658426,0.999056,988,989
1749,-0.008810,0.000833,-0.014741,7.357776,8.192390,6.519007,1.013341,991,992
4909,-0.004848,-0.005693,0.000945,7.394955,8.327924,6.486327,1.000318,1010,1011
8845,-0.000591,0.005229,0.004364,11.017806,12.488691,9.531132,1.002180,1000,1001
9382,-0.000480,0.003422,-0.006914,8.442640,9.686455,7.192945,1.003718,998,999
2339,-0.003470,-0.003112,-0.008671,7.455128,8.266222,6.620402,1.000389,1013,1014
135,0.000000,0.000000,-0.000000,6.914485,7.710911,6.099912,0.998190,993,994
1198,-0.032033,0.025103,0.021592,5.869875,7.038157,4.726644,1.031253,986,987
4372,-0.008906,0.004053,-0.004100,7.921501,9.018417,6.791972,1.006412,1009,1010
7158,0.000000,0.000000,0.000000,9.514674,10.737654,8.261486,0.998043,1002,1003
5963,-0.002661,0.003622,0.009223,6.782041,7.479637,6.072595,0.992777,1029,1030
1984,-0.000000,-0.000000,-0.000000,6.740342,7.673206,5.811668,0.998182,980,981
1197,-0.004413,0.002841,-0.002091,7.479491,8.516009,6.435940,1.000608,1005,1006
5769,-0.001869,-0.002080,0.007657,6.917921,7.750273,6.064060,1.002041,1053,1054
114,0.000000,0.000000,-0.000000,6.959230,7.949524,5.972427,0.998193,997,998
9478,0.001611,0.003596,0.018088,8.597717,9.530784,7.668915,1.009743,1011,1012
9876,-0.003665,0.006743,-0.000039,6.085445,6.858945,5.323734,0.996711,1007,1008
5593,-0.003604,0.000570,0.003769,8.059348,9.104189,7.031022,1.002756,961,962
9310,0.000000,-0.000000,0.000000,8.798655,9.806380,7.787494,0.998205,1040,1041
506,-0.000000,0.000000,-0.000000,6.953710,7.939536,5.956840,0.998144,970,971
2264,0.000716,-0.002277,-0.004941,7.859394,8.792630,6.950739,0.996451,1004,1005
7785,-0.000000,-0.000000,0.000000,5.022579,5.713584,4.339386,0.998497,1047,1048
5155,0.000000,0.000000,0.000000,5.466654,6.202126,4.744164,0.998362,995,996
6466,0.000000,0.000000,0.000000,7.355904,8.194604,6.524399,0.998231,995,996
355,0.003971,0.003616,-0.001681,6.952334,7.778576,6.108993,0.997093,1002,1003
9685,-0.003403,0.002141,-0.011796,7.737345,8.936802,6.506837,1.006587,1019,1020
7426,0.000579,-0.004052,0.003638,7.033821,8.122397,5.928577,0.997963,1045,1046
7857,-0.002697,0.010748,0.010585,11.002125,12.763296,9.196761,1.006139,950,951
6988,-0.002121,0.001987,0.005448,7.094196,8.002613,6.175092,0.999542,939,940
2008,-0.000000,0.000000,0.000000,6.595338,7.368722,5.818235,0.998197,978,979
647,0.000000,-0.000000,-0.000000,7.808041,8.888959,6.699930,0.998155,975,976
2566,-0.003303,0.004490,-0.000868,7.847503,8.815545,6.855711,0.999584,1012,1013
223,0.000000,0.000000,0.000000,7.469479,8.563364,6.356202,0.998280,1044,1045
1106,-0.007191,-0.009259,0.011694,7.358740,8.642785,6.050392,0.996120,952,953
4347,0.004590,-0.003720,0.006202,6.935467,7.794936,6.100897,1.002293,959,960
1829,-0.001241,-0.007860,0.001539,7.687640,8.713733,6.673421,1.001543,1006,1007
2939,-0.000000,0.000000,-0.000000,6.875304,7.609608,6.161390,0.998166,976,977
4169,0.000000,0.000000,0.000000,6.889560,7.684425,6.095332,0.998204,1000,1001
3948,-0.000000,-0.000000,-0.000000,7.222376,8.172872,6.243890,0.998156,944,945
1306,-0.003897,-0.004017,-0.000731,7.816846,8.845359,6.790576,0.999910,1015,1016
9591,-0.000000,-0.000000,0.000000,7.852927,8.975399,6.759358,0.998180,992,993
2018,-0.004737,0.005155,0.006486,8.092219,9.124604,7.045701,0.999663,1063,1064
2156,0.004419,-0.003336,-0.000455,8.424533,9.549343,7.326920,1.000410,1049,1050
5578,0.004069,0.003944,-0.002655,6.239464,6.925938,5.540206,0.998489,1009,1010
5443,0.001359,0.005349,0.001073,7.433144,8.283166,6.585270,1.001228,1056,1057
2125,0.000000,0.000000,-0.000000,6.681782,7.527847,5.843959,0.998144,955,956
3635,0.000000,0.000000,-0.000000,8.323164,9.377607,7.260080,0.998186,1004,1005
8109,0.000251,0.000484,0.008499,4.443559,5.026995,3.854287,1.003583,1028,1029
3706,0.000000,0.000000,0.000000,7.795399,8.660820,6.933889,0.998198,999,1000
4039,0.009265,-0.012032,-0.007396,6.055873,7.036621,5.078934,1.008791,1024,1025
6087,0.004780,-0.003470,0.001646,6.401713,7.192534,5.589178,1.001359,973,974
4223,0.000000,-0.000000,0.000000,6.515114,7.186893,5.849960,0.998257,1008,1009
9861,0.011026,0.004786,0.002411,5.415036,6.038392,4.775721,1.006800,990,991
771,0.003914,-0.003693,0.001499,7.428526,8.492078,6.358441,0.999312,1021,1022
643,-0.004750,-0.000428,-0.002989,7.834522,8.761992,6.900509,0.996356,1003,1004
2271,0.004415,-0.002529,-0.002896,7.498279,8.471735,6.540896,1.002249,988,989
410,-0.001792,-0.000458,0.005224,8.425443,9.713562,7.154877,1.003777,1046,1047
3317,0.000000,-0.000000,-0.000000,7.647797,8.598625,6.706501,0.998105,941,942
8529,0.009684,0.002568,-0.001784,7.172898,8.070859,6.284761,1.003730,981,982
499,-0.000000,-0.000000,-0.000000,6.898942,7.903653,5.888591,0.998175,984,985
5362,-0.004999,0.000302,-0.001603,8.391401,9.442741,7.319562,1.000011,1058,1059
3905,0.000000,0.000000,0.000000,8.054656,9.095403,6.984401,0.998195,1024,1025
7689,0.003992,0.007167,0.003814,6.470731,7.272335,5.660344,1.005308,1035,1036
5576,0.003204,-0.003498,0.009976,8.476004,9.822794,7.117857,1.001267,1004,1005
9945,-0.000000,-0.000000,0.000000,9.999429,11.248209,8.722127,0.998079,1013,1014
7795,-0.005926,-0.001072,-0.000811,7.387836,8.146468,6.634463,0.998900,950,951
909,0.000244,-0.004210,0.003865,7.952578,8.941199,6.948937,1.001175,975,976
7826,-0.000000,-0.000000,0.000000,6.170886,7.076989,5.259473,0.998411,1030,1031
5902,0.000000,0.000000,-0.000000,6.025714,6.694835,5.374979,0.998448,1045,1046
7630,-0.045568,-0.007630,-0.031676,3.717762,4.595935,2.846303,1.048256,969,970
2407,0.004871,-0.002619,0.002662,6.558442,7.399128,5.728119,0.999412,943,944
6598,0.000786,0.000313,0.005347,8.856122,9.774509,7.931019,1.001144,988,989
4389,-0.000000,0.000000,-0.000000,8.720112,9.764623,7.682634,0.998117,986,987
6458,0.003971,-0.001603,-0.002603,8.786291,10.328898,7.286810,0.994768,1009,1010
376,-0.000000,-0.000000,0.000000,7.763825,8.843749,6.685371,0.998226,1016,1017
6914,0.002378,-0.001439,-0.005172,11.861103,14.355708,9.387256,1.002053,985,986
6348,0.001882,0.007346,-0.002345,9.396959,10.749769,8.026888,1.004182,935,936
8295,0.000000,-0.000000,0.000000,6.681419,7.465810,5.898253,0.998229,1000,1001
9983,-0.005826,-0.016172,0.002974,5.102079,5.933277,4.269584,1.004644,987,988
24,0.006910,-0.004120,-0.005805,8.073089,9.071201,7.053001,1.000915,1035,1036
7221,0.000334,-0.006089,0.002448,5.604315,6.311421,4.902255,0.998006,987,988
5595,0.006466,-0.008138,0.005495,6.320313,7.162558,5.490670,1.008184,1007,1008
458,-0.005715,0.000665,0.001323,6.532912,7.460060,5.602377,1.003074,930,931
1913,0.003669,-0.003834,-0.001961,8.043536,9.233612,6.882784,0.999603,1020,1021
1233,0.003999,-0.000946,-0.003856,7.860524,8.785836,6.948345,1.003365,997,998
9725,-0.011885,0.002553,-0.002178,4.196535,4.905674,3.468126,1.006075,972,973
3082,-0.000000,0.000000,0.000000,7.325380,8.184382,6.490102,0.998023,929,930
7605,-0.013447,0.002849,-0.025782,7.127362,7.944573,6.321982,1.014819,1015,1016
8184,0.000000,-0.000000,0.000000,7.359649,8.058887,6.662416,0.998318,1047,1048
4698,-0.013751,-0.007090,0.003361,7.440188,8.519459,6.346719,1.001694,942,943
5871,0.004504,0.001547,0.004591,6.085561,6.876003,5.315269,1.004870,973,974
6389,-0.000000,0.000000,-0.000000,6.861912,7.626829,6.088767,0.998225,1011,1012
4148,0.000000,-0.000000,-0.000000,7.164020,7.895220,6.424033,0.998192,960,961
9311,-0.001157,0.008511,-0.005774,3.037610,3.635070,2.426519,1.003916,1033,1034
2077,0.012935,0.006613,0.000802,7.311084,8.160533,6.446586,1.010103,1010,1011
843,-0.000000,-0.000000,-0.000000,6.964629,7.750924,6.157623,0.998084,941,942
9819,0.007354,-0.004956,0.003114,5.321652,5.981091,4.665946,0.997728,1046,1047
4911,0.003449,0.001828,0.004049,7.817071,8.810333,6.813157,1.002649,990,991
4663,-0.004248,-0.000262,0.003910,6.483710,7.277817,5.677255,0.995386,1036,1037
8933,-0.000670,-0.003998,0.001953,10.058979,11.244018,8.885173,1.002121,1020,1021
9247,0.000185,-0.003886,-0.001836,10.496013,11.646096,9.351013,0.998394,974,975
8258,-0.004204,0.003987,0.015489,4.424567,4.961324,3.874536,1.014904,1013,1014
1762,-0.000000,0.000000,0.000000,6.856048,7.712284,6.016732,0.998142,966,967
5275,-0.000000,0.000000,0.000000,6.181271,7.024683,5.323936,0.998318,1022,1023
489,0.000000,0.000000,-0.000000,7.484326,8.652402,6.291033,0.998277,1043,1044
8116,0.000000,0.000000,0.000000,6.690365,7.536554,5.863834,0.998270,1026,1027
363,0.001292,0.002157,0.005080,7.023952,7.774440,6.294499,0.998724,991,992
5579,-0.002287,0.000703,-0.004949,8.103090,9.065118,7.152394,0.999475,1008,1009
682,0.002729,-0.001774,0.004581,7.410555,8.435276,6.397727,1.002045,1008,1009
2761,-0.000000,0.000000,0.000000,6.780580,7.759909,5.820618,0.998142,960,961
1214,0.008988,0.003167,-0.015750,6.777817,7.668949,5.907981,1.013750,974,975
1518,0.003878,-0.009223,-0.000259,7.479196,8.461777,6.525005,1.000283,1040,1041
4086,0.002597,0.006914,-0.002588,7.831055,8.918980,6.762105,1.005462,994,995
2755,0.000000,0.000000,0.000000,7.665606,8.431318,6.919455,0.998211,1013,1014
8957,-0.000000,0.000000,-0.000000,6.807848,7.636192,5.965985,0.998242,968,969
5959,0.008632,0.003342,0.010822,6.990161,7.978245,5.989683,1.003398,984,985
964,0.005619,0.001499,-0.007671,8.135760,9.239491,7.007980,1.006131,1085,1086
7579,-0.005258,-0.003279,0.002814,8.226038,9.255935,7.167387,1.001933,1024,1025
530,0.007758,0.008032,-0.015808,9.091579,10.537130,7.620041,1.004274,1014,1015
3647,0.000819,-0.002376,0.007803,8.806313,9.990390,7.595202,1.001749,939,940
252,0.003109,-0.002268,0.004205,7.036583,7.928110,6.150139,0.997507,990,991
8987,-0.001962,-0.009896,0.001421,2.982696,3.575738,2.378889,1.003885,1020,1021
9975,0.002657,-0.003372,0.000297,10.195929,11.571993,8.790489,0.997510,994,995
436,-0.000000,-0.000000,-0.000000,7.756448,8.889756,6.609156,0.998244,1024,1025
9796,0.000667,0.003594,0.001311,12.903519,14.440477,11.387399,1.000885,953,954
1182,-0.000000,0.000000,0.000000,7.019538,7.775075,6.245070,0.998145,974,975
7880,-0.000000,-0.000000,-0.000000,7.696325,8.631293,6.755845,0.998221,1021,1022
2921,0.000000,-0.000000,0.000000,6.745689,7.505399,5.976665,0.998125,948,949
3492,0.003315,-0.002180,-0.004743,7.079604,7.975242,6.201476,1.001129,952,953
209,-0.000664,0.002184,-0.005386,7.665863,8.775345,6.549402,1.001424,946,947
6549,-0.000000,-0.000000,0.000000,6.262657,7.168818,5.371363,0.998213,964,965
2830,0.004237,0.006596,-0.000269,7.102951,8.019924,6.210095,1.000006,1041,1042
5715,0.001415,-0.002251,0.005259,7.690148,8.786242,6.568183,0.997829,967,968
1168,0.000000,0.000000,-0.000000,6.746559,7.682672,5.792095,0.998295,1046,1047
7138,-0.000000,0.000000,-0.000000,11.296564,12.700901,9.919132,0.997992,1018,1019
5692,-0.000000,0.000000,0.000000,8.184344,9.241846,7.098407,0.998237,1028,1029
3140,0.006675,0.004246,-0.000670,7.947804,9.211499,6.719665,1.000530,1052,1053
9045,-0.000000,-0.000000,0.000000,8.574108,9.633965,7.519551,0.998221,1061,1062
2384,-0.000673,-0.002759,0.007248,8.544245,9.597126,7.516684,0.998885,998,999
5542,-0.005699,0.006984,-0.008840,8.319081,9.259739,7.396404,0.999305,963,964
7602,0.003702,0.002193,0.004300,6.528835,7.235999,5.824029,0.995910,991,992
1708,0.000000,0.000000,0.000000,6.933778,8.036181,5.859958,0.998229,1018,1019
9320,0.000000,0.000000,-0.000000,4.845197,5.423353,4.278168,0.998431,995,996
8330,-0.000000,-0.000000,-0.000000,4.556992,5.140347,3.958811,0.998494,1009,1010
3481,0.005533,0.001946,-0.000561,7.542617,8.532220,6.541598,0.997769,991,992
1164,-0.000856,0.005352,-0.001643,8.000492,9.144825,6.846096,1.001176,984,985
7489,0.000000,0.000000,-0.000000,11.984626,13.603808,10.410359,0.997943,1018,1019
8351,0.000000,0.000000,-0.000000,4.049746,4.627499,3.485842,0.998526,978,979
3816,0.000000,-0.000000,0.000000,7.569509,8.717444,6.400819,0.998225,1002,1003
1800,0.011776,0.001566,-0.000992,8.411639,9.591591,7.207011,0.994773,992,993
5316,0.000000,-0.000000,-0.000000,8.638814,9.586289,7.687917,0.998040,968,969
803,-0.001384,-0.004753,-0.002426,7.884638,9.192315,6.545617,1.002244,1056,1057
8748,-0.101408,-0.053260,0.012435,1.000001,1.644282,1.000001,1.102744,1019,1020
9537,-0.003362,0.000833,-0.006057,13.317893,15.462405,11.159189,1.001582,1005,1006
6496,-0.004116,0.002324,-0.007341,3.979105,4.593512,3.378386,1.002150,983,984
142,-0.001459,0.000436,0.016446,7.653249,8.598369,6.730803,1.009569,935,936
1802,-0.000000,-0.000000,-0.000000,7.872247,9.002542,6.732864,0.998142,972,973
4908,0.000000,0.000000,0.000000,6.396905,7.341011,5.426523,0.998206,970,971
6760,0.000685,-0.004831,-0.008064,3.333695,3.976398,2.708032,1.007472,1027,1028
1543,0.003614,-0.009252,-0.000810,7.739293,8.867016,6.630416,0.995292,984,985
4899,0.000000,0.000000,0.000000,8.749079,10.071630,7.412790,0.998107,982,983
8465,-0.003928,-0.003765,0.002963,6.417173,7.282066,5.552572,1.000537,1024,1025
4870,0.002477,-0.004084,-0.002695,7.993569,9.167630,6.848787,0.996794,968,969
2302,-0.000000,0.000000,-0.000000,6.555247,7.446251,5.680797,0.998321,1049,1050
1626,-0.009535,0.001640,-0.001817,6.469378,7.378081,5.546103,0.999520,1012,1013
5840,-0.000000,-0.000000,0.000000,7.420460,8.353340,6.485307,0.998280,1026,1027
8612,0.009624,-0.000036,0.002083,5.076009,5.737641,4.427848,1.003001,1034,1035
6073,0.014728,-0.010162,0.010830,7.897466,8.898152,6.872358,1.012558,982,983
1321,-0.000751,0.005226,0.001755,7.901835,8.824583,6.954780,1.001097,1021,1022
8128,0.011958,-0.010679,0.014155,5.366688,6.177310,4.575965,1.003491,1034,1035
7894,-0.000000,-0.000000,0.000000,9.417072,10.753854,8.085963,0.997973,964,965
3372,0.004380,-0.000734,-0.002708,8.146084,9.128363,7.139017,0.997771,1028,1029
8497,-0.000000,0.000000,-0.000000,11.142302,12.481316,9.807816,0.997989,1010,1011
8177,0.002282,-0.001172,-0.004143,9.941839,11.185755,8.708742,0.998340,1026,1027
3631,0.003123,-0.007754,-0.003779,8.909289,10.273769,7.508529,1.001098,1065,1066
3464,-0.000000,0.000000,0.000000,7.778930,8.757070,6.814432,0.998181,989,990
2930,0.000549,-0.002699,0.005081,6.959442,7.759845,6.171773,0.998400,985,986
5604,-0.000526,-0.004896,0.001722,8.615533,9.869875,7.343139,0.996978,1076,1077
4110,-0.000000,-0.000000,0.000000,7.807798,8.910227,6.725433,0.998226,1031,1032
4071,0.018069,0.008299,0.001909,5.836546,6.568682,5.100444,1.010592,1017,1018
7679,0.002909,0.000947,-0.003173,10.465468,11.627979,9.290134,0.998339,965,966
456,-0.000000,-0.000000,-0.000000,6.927958,7.805876,6.045135,0.998211,1006,1007
2055,0.007257,0.002925,-0.001531,7.973498,8.763465,7.187761,1.005797,954,955
4496,0.001380,0.005784,-0.000916,7.132893,7.868164,6.405880,1.003669,1018,1019
6620,-0.001735,0.005959,0.000064,6.586969,7.689987,5.465688,1.003202,997,998
2619,-0.007250,0.002997,-0.001991,8.004716,8.943192,7.045564,1.002793,1000,1001
3579,-0.001217,-0.000172,-0.005392,11.345792,13.203477,9.536338,1.003080,981,982
1366,-0.002307,-0.002920,0.004057,7.076665,8.142856,5.989381,0.999878,1018,1019
674,0.000716,-0.003976,-0.003730,6.963582,8.171816,5.735592,1.002525,1056,1057
3245,-0.000241,0.001401,-0.005767,8.686380,9.787644,7.566113,1.002946,964,965
971,0.000000,0.000000,-0.000000,7.962116,8.900826,7.032205,0.998320,1068,1069
2794,-0.005519,-0.001253,-0.001383,8.028133,8.945407,7.130232,1.001590,967,968
5685,0.006003,-0.005859,0.000770,7.442641,8.273134,6.590573,1.001934,984,985
9615,0.005271,0.003534,-0.000625,6.982558,7.873164,6.078349,1.004197,971,972
5446,-0.000000,0.000000,0.000000,6.254665,6.903188,5.587027,0.998296,1013,1014
6088,-0.002267,0.001479,0.003918,8.460935,9.498174,7.427635,1.000906,1025,1026
4069,0.005626,0.000237,-0.000997,7.830583,8.865404,6.771320,1.000225,1003,1004
4633,-0.000000,-0.000000,0.000000,8.970803,10.022367,7.921525,0.998147,1013,1014
30,0.000000,-0.000000,0.000000,6.883696,7.668095,6.112829,0.998105,947,948
2298,-0.003715,-0.003221,0.001898,7.580116,8.628007,6.533605,1.001524,1058,1059
7258,-0.002653,0.005369,-0.003846,6.068628,6.768626,5.382206,1.001448,981,982
5824,0.009434,0.003834,0.021700,6.457090,7.593546,5.323639,1.015619,1025,1026
6460,0.000000,-0.000000,-0.000000,4.699265,5.277114,4.111295,0.998395,956,957
898,-0.003173,0.004312,-0.001857,8.222503,9.447922,7.020822,0.997488,996,997
7600,-0.001294,0.003151,-0.006033,5.889741,6.694428,5.071432,0.999445,948,949
1542,0.000000,-0.000000,0.000000,6.828187,7.720437,5.956023,0.998209,999,1000
4003,-0.000000,-0.000000,0.000000,6.368100,7.465557,5.290418,0.998221,976,977
6685,0.000000,0.000000,0.000000,7.307854,8.210495,6.389595,0.998192,969,970
2863,0.002391,0.005424,-0.001567,6.917296,7.759881,6.085273,0.998086,931,932
7837,0.003926,0.001045,-0.013676,7.988438,8.864274,7.093183,0.998163,976,977
8722,-0.008140,0.003027,0.001162,6.929290,8.019218,5.863509,1.004321,993,994
9013,0.000000,-0.000000,-0.000000,8.858990,9.863295,7.847644,0.998070,968,969
4233,0.006822,-0.002755,-0.002706,8.097412,9.142683,7.040654,0.998331,1049,1050
2509,-0.003898,-0.001349,0.002945,8.328177,9.315735,7.344069,0.998044,1073,1074
3945,-0.002453,-0.001179,0.005216,6.757005,7.606639,5.905191,0.998515,993,994
3457,-0.000955,0.003793,-0.003880,7.165449,8.138016,6.184266,0.998539,966,967
1467,0.000000,-0.000000,0.000000,7.742131,8.704725,6.774922,0.998097,942,943
8278,0.000000,-0.000000,-0.000000,1.986133,2.630598,1.356249,0.998972,996,997
5010,0.000000,0.000000,0.000000,8.088980,8.985560,7.173600,0.998246,1027,1028
380,0.009293,-0.000014,-0.007236,7.588857,8.690386,6.508340,0.999796,993,994
4228,0.004605,-0.005793,0.004676,7.451731,8.349556,6.573445,0.998638,948,949
2429,0.000000,-0.000000,0.000000,6.937803,7.839843,6.028792,0.998221,1014,1015
6582,0.016996,0.013013,0.001935,5.961418,6.612397,5.293318,1.009685,952,953
2515,-0.004038,0.000697,-0.004011,6.950574,7.754761,6.137164,0.998399,991,992
2601,-0.000545,-0.004543,-0.003088,7.423913,8.453912,6.370722,0.996249,984,985
2875,0.000173,-0.003925,-0.004118,7.638264,8.676664,6.576798,1.001904,972,973
9509,-0.000165,0.005813,0.001868,6.511907,7.247706,5.791834,1.000466,990,991
5822,-0.000000,-0.000000,-0.000000,8.597889,9.693861,7.510783,0.998095,996,997
4114,0.007932,-0.013051,-0.014538,10.130630,11.727976,8.551614,1.015351,991,992
6043,0.001911,0.012138,-0.005303,7.321775,8.451008,6.220183,1.000126,990,991
4237,0.000000,0.000000,0.000000,7.847186,8.879911,6.808727,0.998167,985,986
164,-0.004036,0.000644,-0.009467,7.572935,8.346358,6.784374,1.004357,956,957
4435,0.007461,0.001161,0.000854,8.699319,9.614216,7.776204,1.002413,1005,1006
6646,0.000000,-0.000000,0.000000,5.603937,6.193030,5.007987,0.998393,983,984
5394,0.000000,-0.000000,-0.000000,6.737081,7.601170,5.874641,0.998307,1000,1001
5151,0.000652,-0.006440,0.005822,7.448247,8.922860,5.958063,0.994338,990,991
2194,-0.000000,0.000000,-0.000000,8.447945,9.552616,7.327371,0.998162,997,998
3906,-0.026114,-0.001578,0.020254,8.556087,9.786424,7.356403,1.009494,942,943
8649,0.000750,0.007359,0.001579,7.823208,9.036930,6.617051,1.003345,1047,1048
4608,0.000000,0.000000,-0.000000,6.991437,7.883338,6.081268,0.998178,991,992
9129,0.003816,-0.002547,-0.004653,6.415664,7.187424,5.638705,1.002973,953,954
7431,-0.004013,0.002896,-0.001117,8.281809,9.167943,7.384268,0.996730,1024,1025
5459,0.002139,-0.002164,-0.006002,5.623792,6.242773,4.996514,0.995696,986,987
4636,0.005267,0.000657,-0.001821,7.435630,8.609271,6.258369,1.000240,1013,1014
5370,-0.003629,0.001551,-0.004162,7.840590,8.989225,6.666348,1.000554,1016,1017
1451,0.000000,0.000000,-0.000000,7.730100,8.605727,6.869580,0.998109,948,949
3910,-0.000449,-0.002805,-0.004433,7.499621,8.722069,6.283311,0.993832,983,984
5056,-0.000000,0.000000,-0.000000,6.957811,7.729730,6.194182,0.998153,975,976
8789,-0.005407,-0.008023,-0.003115,7.796248,8.818423,6.776006,0.993375,993,994
6455,0.000874,-0.001778,-0.005691,7.118906,8.152233,6.079320,1.000664,1022,1023
8137,0.000000,-0.000000,0.000000,10.883330,12.358506,9.436578,0.997955,1014,1015
8056,-0.003127,0.002761,-0.003825,7.512836,8.359088,6.641510,1.000874,994,995
8289,-0.000000,0.000000,0.000000,6.028781,6.816921,5.222784,0.998310,1004,1005
6947,0.002068,-0.007894,-0.003009,6.762432,7.692340,5.858354,1.002388,1017,1018
9532,-0.000908,-0.004155,0.003227,7.341704,8.376241,6.296584,0.999099,1032,1033
7840,-0.000000,0.000000,-0.000000,8.849915,9.863591,7.812346,0.998132,999,1000
735,-0.004062,0.002681,-0.006233,7.684624,8.721923,6.620564,1.000747,1047,1048
6727,0.002288,-0.007846,0.007047,6.155044,6.945354,5.361963,1.008773,1039,1040
8027,0.009622,-0.002818,0.000193,7.658298,8.612859,6.706668,1.005035,991,992
2139,-0.002333,-0.005349,-0.000366,6.720398,7.554393,5.864481,1.001874,1019,1020
478,-0.004881,0.002955,-0.000727,7.083106,7.963606,6.221017,0.992945,970,971
7211,-0.002531,-0.000330,0.007579,7.136680,8.423012,5.885082,1.004255,984,985
2430,0.001603,-0.002974,-0.011376,7.626524,8.668912,6.601576,0.998893,976,977
5654,0.002992,-0.001475,-0.004018,8.804717,10.004605,7.628791,0.998357,997,998
938,-0.003382,0.000604,0.004533,7.943785,8.887341,7.011935,1.001845,988,989
2385,0.000000,0.000000,0.000000,7.848352,8.933170,6.794344,0.998162,982,983
1682,0.000000,0.000000,0.000000,7.842499,8.746313,6.946723,0.998182,993,994
5166,-0.000000,-0.000000,-0.000000,5.053244,5.606280,4.490459,0.998504,1054,1055
879,-0.002432,-0.001842,-0.004656,8.115310,9.144778,7.087959,1.001622,1038,1039
1089,-0.000000,-0.000000,-0.000000,7.926497,9.081895,6.754155,0.998169,990,991
9653,-0.000000,-0.000000,0.000000,7.953419,8.871505,7.039671,0.998249,1052,1053
6398,0.000000,0.000000,-0.000000,6.512466,7.327139,5.682139,0.998188,968,969
2114,-0.000000,0.000000,-0.000000,6.834052,7.653641,6.033682,0.998257,1028,1029
9838,-0.004159,0.002150,-0.005426,4.868002,5.588822,4.160924,0.999566,1016,1017
8657,0.000000,0.000000,0.000000,5.998286,6.737147,5.239817,0.998341,1022,1023
5796,-0.000000,-0.000000,0.000000,7.018021,8.245234,5.822987,0.998293,1010,1011
9371,-0.004047,0.006789,0.007046,5.392643,6.083424,4.688416,0.999785,966,967
1107,0.010639,-0.008224,0.001670,7.088927,8.055733,6.130011,1.005827,968,969
9119,0.000996,0.012776,-0.007483,7.945207,9.033247,6.855168,1.003752,970,971
6008,-0.000000,0.000000,-0.000000,5.496743,6.254457,4.753580,0.998411,1030,1031
1422,-0.011877,-0.005001,-0.001010,7.615434,8.694574,6.513363,0.996855,1023,1024
8817,-0.006171,0.006801,-0.000357,3.466763,4.104451,2.835302,1.001620,1025,1026
2541,0.000000,-0.000000,-0.000000,6.913363,7.796121,6.046575,0.998180,988,989
2769,-0.002825,-0.000582,0.005121,7.423373,8.433532,6.416740,0.999549,989,990
7142,-0.000000,-0.000000,-0.000000,7.974320,8.830780,7.114476,0.998148,981,982
8272,0.000000,-0.000000,-0.000000,10.932297,12.231622,9.662863,0.997950,983,984
4706,0.001313,0.016520,-0.008912,7.001183,7.982762,6.010928,1.008715,1010,1011
2497,-0.001845,-0.000110,0.008306,6.849710,7.790973,5.893846,0.995961,933,934
19,-0.000000,-0.000000,0.000000,7.465811,8.333495,6.607897,0.998272,1039,1040
6939,0.000000,0.000000,-0.000000,5.807003,6.473167,5.124306,0.998240,949,950
9399,-0.000000,0.000000,-0.000000,5.172458,5.899459,4.461299,0.998384,991,992
9254,-0.000371,-0.004941,0.006037,4.715891,5.378254,4.069716,1.005500,972,973
7160,0.004624,0.016212,0.015074,7.763850,9.003898,6.519926,1.015020,993,994
857,0.000000,0.000000,0.000000,7.757479,8.685942,6.818272,0.998209,1004,1005
8191,0.004976,0.007240,-0.008553,5.539276,6.337715,4.752458,0.999783,962,963
7307,-0.011904,0.007135,-0.002385,6.714888,7.424724,6.008900,1.008794,999,1000
8250,0.004657,0.004321,0.002175,5.568934,6.251280,4.881562,1.001820,1039,1040
731,0.004013,0.003920,-0.006119,8.688395,10.129889,7.278403,1.006318,961,962
3228,0.002507,-0.004652,-0.000767,7.556686,8.425095,6.663957,1.001393,1044,1045
3289,0.016112,-0.000783,-0.015141,16.833355,20.435293,13.225656,1.018195,1002,1003
675,0.001108,0.005280,-0.001808,8.384881,9.708804,7.061184,1.001883,987,988
4937,0.003342,-0.003327,-0.003569,7.077766,7.948021,6.184899,0.998586,1057,1058
29,-0.000000,0.000000,-0.000000,7.740036,8.700883,6.786773,0.998226,1013,1014
9279,0.000000,0.000000,-0.000000,5.044605,5.738577,4.338259,0.998388,985,986
2279,0.000000,0.000000,0.000000,7.794067,8.783774,6.813221,0.998230,1019,1020
1360,0.000000,-0.000000,-0.000000,6.880200,7.860672,5.879800,0.998232,1016,1017
498,0.005049,-0.000920,0.002347,8.049052,9.232888,6.863937,1.001964,1006,1007
8593,0.006301,-0.000301,-0.001765,5.619430,6.192861,5.035943,1.003344,1048,1049
8161,0.010100,-0.006628,0.004592,8.563736,9.733323,7.413314,0.998964,982,983
9000,-0.003481,-0.002863,-0.001132,9.007782,10.230056,7.796956,1.000926,1003,1004
2624,0.000000,-0.000000,0.000000,6.958107,7.882155,6.054666,0.998190,996,997
4988,-0.001962,-0.001363,0.004505,8.588102,9.600955,7.563164,0.999988,962,963
190,-0.000000,0.000000,-0.000000,6.902890,7.841296,5.954442,0.998073,932,933
1533,-0.003592,-0.000885,0.004122,7.232127,8.093868,6.379281,0.997774,1039,1040
212,0.005394,0.000931,0.001186,8.143287,9.380867,6.937470,0.996638,1022,1023
4054,-0.005466,0.005155,-0.001344,8.274810,9.738710,6.772174,1.003211,985,986
8755,0.000415,-0.015356,0.026631,6.183087,6.913648,5.452712,1.022963,972,973
6046,0.000000,-0.000000,0.000000,9.195053,11.040196,7.327530,0.998075,985,986
4666,0.000000,0.000000,0.000000,8.635751,9.832709,7.456792,0.998105,975,976
3849,-0.011593,0.009532,-0.009084,7.297240,8.309529,6.256293,1.007841,963,964
298,-0.012549,0.002123,0.004666,8.361133,9.796225,6.964992,1.003228,961,962
8471,-0.000000,-0.000000,0.000000,4.994506,5.668699,4.331894,0.998351,957,958
3762,0.014371,-0.000759,-0.007499,7.354719,8.133381,6.567246,1.005904,1001,1002
3656,-0.000000,-0.000000,-0.000000,7.072081,7.848449,6.296186,0.998066,938,939
1111,0.000000,0.000000,0.000000,7.871450,8.859812,6.854697,0.998147,975,976
2853,0.000000,0.000000,0.000000,7.855336,8.757861,6.932538,0.998136,968,969
7670,0.005595,-0.003915,-0.002346,5.231470,5.887042,4.569912,0.999099,1041,1042
7770,-0.000000,-0.000000,-0.000000,6.388877,7.196768,5.576629,0.998315,984,985
8814,0.000000,-0.000000,0.000000,10.294167,11.475419,9.103882,0.997961,994,995
110,-0.008024,0.000334,0.001488,7.079931,8.019459,6.150410,1.003062,991,992
6602,0.000000,0.000000,0.000000,7.256646,8.183913,6.322853,0.998071,950,951
8393,0.011303,-0.025049,-0.016155,3.473975,4.123966,2.817808,1.010901,1054,1055
5436,0.001338,-0.000235,0.005513,8.059782,8.922242,7.214873,0.995812,949,950
1480,-0.000000,0.000000,-0.000000,7.687762,8.656511,6.729403,0.998263,1033,1034
8087,0.004519,0.000625,0.001014,9.249419,10.843248,7.654605,0.999287,1009,1010
6315,-0.013662,-0.009629,0.003681,7.086772,8.257306,5.883714,1.013170,955,956
4066,-0.000500,0.000127,0.006263,6.343740,7.529263,5.135400,0.999610,999,1000
5497,-0.002068,-0.001392,0.007780,7.395934,8.287935,6.485419,1.001775,978,979
8043,-0.007819,-0.020372,-0.005269,4.416447,4.963568,3.854043,1.008873,962,963
9501,0.004168,0.002667,0.000431,7.997709,9.451561,6.579773,0.998265,1016,1017
5395,0.000676,0.005041,0.003514,7.333754,8.322648,6.352168,0.999293,973,974
714,-0.003918,-0.001891,0.003651,7.940288,8.777229,7.101497,1.001610,1001,1002
6593,0.000000,0.000000,-0.000000,8.677617,9.682265,7.696553,0.998108,978,979
6798,0.000000,-0.000000,0.000000,9.343154,10.521806,8.192327,0.998054,981,982
3730,-0.000000,-0.000000,0.000000,6.679090,7.393010,5.955686,0.998257,1017,1018
7254,-0.003187,0.006860,0.000040,5.670366,6.297099,5.058986,1.003556,1013,1014
5996,0.004261,0.001809,-0.001717,8.978267,10.228670,7.713801,1.000103,976,977
6995,0.004056,-0.003697,-0.006984,6.957553,7.823140,6.103336,1.000292,1001,1002
9440,0.000929,0.004045,-0.002934,8.889717,10.092628,7.708803,0.999137,982,983
6640,0.007490,-0.001242,0.000671,6.416307,7.189812,5.648685,1.002711,1026,1027
1492,-0.000000,0.000000,0.000000,8.137386,9.090955,7.178477,0.998273,1047,1048
5521,0.006086,-0.002360,-0.009300,4.729340,5.427393,4.028519,1.002360,1020,1021
2881,0.021931,0.024708,-0.010449,14.875977,18.440764,11.299898,1.015429,1026,1027
9215,-0.000000,-0.000000,-0.000000,7.752286,8.758025,6.728408,0.998195,1009,1010
6202,0.000571,-0.008318,-0.001353,7.105535,8.298154,5.912957,1.002964,1048,1049
3574,-0.000000,0.000000,0.000000,6.880102,7.654864,6.116607,0.998124,957,958
1415,-0.003038,-0.007274,-0.020360,6.560629,7.359258,5.751827,1.004296,1026,1027
3704,0.004284,-0.002212,0.003228,7.755194,8.759226,6.752361,1.002313,984,985
7754,0.005982,0.001645,0.000236,6.060639,6.708367,5.418262,0.999314,1019,1020
9853,0.000222,0.007376,0.001263,8.005795,9.252473,6.767013,1.003304,1006,1007
8729,0.002037,0.000963,0.002909,12.023595,13.495691,10.577587,0.999467,1016,1017
6541,-0.003183,0.001919,0.003138,9.044826,10.123535,7.967588,0.998689,993,994
331,-0.004167,0.003555,-0.001158,7.046853,7.887574,6.202512,1.000798,1011,1012
1494,-0.003566,-0.000430,-0.004454,7.794610,8.982983,6.610933,1.001356,994,995
5327,-0.012416,-0.000832,-0.010649,6.576994,7.316519,5.836050,1.000369,976,977
8124,0.000000,0.000000,0.000000,8.422730,9.547418,7.312020,0.998189,1011,1012
5068,0.000000,-0.000000,-0.000000,8.380471,9.548075,7.242729,0.998294,1096,1097
9375,-0.000000,0.000000,-0.000000,2.931873,3.636484,2.219396,0.998785,1039,1040
5752,-0.001262,-0.018029,-0.002942,11.158255,12.821668,9.472065,1.012477,953,954
1818,0.000000,0.000000,-0.000000,7.757554,8.623720,6.886988,0.998162,976,977
7424,0.004845,0.001193,0.003440,12.372747,14.035888,10.679946,1.001448,1009,1010
6399,-0.001347,-0.008129,0.002476,7.386037,8.270528,6.523295,0.998846,957,958
9982,-0.002391,-0.005980,0.001891,9.327178,10.336209,8.297067,1.002831,1058,1059
7843,0.011626,-0.002417,-0.003610,7.092786,8.356730,5.794509,1.001442,1019,1020
4311,0.000000,0.000000,0.000000,6.795766,7.680371,5.934136,0.998225,1006,1007
8099,0.000000,-0.000000,-0.000000,7.068181,7.805563,6.317290,0.998110,958,959
699,-0.000000,-0.000000,-0.000000,7.732080,8.808738,6.626761,0.998203,999,1000
2603,0.015293,0.009003,0.010888,7.002727,7.777502,6.248617,1.010181,980,981
5130,0.005480,0.001057,0.000116,8.692751,9.746365,7.617473,0.997154,948,949
6371,-0.001607,-0.007514,0.003318,7.509144,8.521343,6.517579,0.999972,1004,1005
7506,-0.005969,0.002799,-0.001365,9.464155,10.944137,7.972566,1.001691,1003,1004
9530,-0.000000,0.000000,0.000000,7.730766,8.697282,6.756376,0.998240,1035,1036
1559,0.002693,-0.002824,0.004409,7.904961,8.983910,6.837033,0.998583,954,955
1631,0.002344,-0.002906,0.004222,7.732621,8.708539,6.776189,1.000414,1030,1031
3157,0.003166,0.009481,0.000906,8.300921,9.791020,6.778306,1.002150,939,940
6697,0.000460,0.003765,-0.011853,5.809184,6.634006,4.998679,0.999282,994,995
2933,0.000000,-0.000000,0.000000,7.689267,8.680921,6.684261,0.998229,1012,1013
7662,-0.004128,0.004716,-0.002571,10.294030,11.829151,8.717857,0.998623,951,952
9346,-0.012973,-0.002091,-0.051640,9.478872,10.865856,8.069565,1.037633,1009,1010
5751,0.000000,-0.000000,-0.000000,4.758713,5.490365,4.036116,0.998568,1028,1029
4730,0.002536,0.004519,-0.001245,8.707505,9.877226,7.534430,1.000022,1020,1021
1468,0.000605,-0.002783,-0.004696,6.862204,7.753111,5.979796,0.998851,1037,1038
9463,-0.003336,0.001419,-0.007035,5.140065,5.909823,4.370172,1.006082,988,989
9881,0.008787,0.003641,-0.002464,5.895594,6.759054,5.051617,0.997590,994,995
6123,-0.002772,0.003517,0.001722,9.688527,10.979004,8.394924,0.997970,995,996
1135,0.000000,0.000000,0.000000,6.907929,7.934187,5.895918,0.998112,952,953
1271,-0.001451,0.002963,0.004948,7.046622,8.066514,6.054593,1.001966,920,921
1980,-0.001550,-0.007903,-0.001214,8.774729,9.776249,7.761491,1.004976,941,942
9289,-0.003758,-0.008288,-0.002523,6.136987,6.853043,5.423217,1.002479,1008,1009
3412,-0.006760,0.008091,-0.000150,7.329981,8.520970,6.120045,1.005936,998,999
8992,0.000000,-0.000000,-0.000000,6.621480,7.440636,5.801992,0.998243,957,958
8860,0.000000,-0.000000,0.000000,10.720935,12.017386,9.438239,0.997851,958,959
8496,-0.001524,0.004567,-0.001132,9.882043,11.343031,8.437217,1.002918,1000,1001
5534,0.000000,-0.000000,-0.000000,7.257010,8.061197,6.433415,0.998273,1014,1015
1537,-0.017483,-0.011556,0.006216,5.730751,6.441923,5.005398,1.013195,988,989
5359,-0.000838,0.006602,-0.004126,8.734146,9.943855,7.530301,1.002827,962,963
2439,0.000996,0.005358,-0.001931,8.278440,9.291249,7.267626,0.996815,967,968
5381,-0.000000,0.000000,-0.000000,7.838069,8.727881,6.954566,0.998160,994,995
3742,-0.006281,0.004540,-0.010188,8.279094,9.402146,7.148110,1.009405,1015,1016
2974,-0.000000,-0.000000,-0.000000,7.767637,8.854793,6.673253,0.998196,996,997
1339,-0.003047,-0.003596,-0.003304,8.001338,8.956129,7.062224,1.002910,951,952
642,-0.010033,0.003945,-0.004593,7.744556,8.609226,6.889930,1.007449,999,1000
7007,0.001689,0.003899,0.005014,5.549439,6.227252,4.880524,1.003175,1031,1032
8503,-0.004754,-0.001989,0.002310,12.767014,14.199001,11.334921,0.999443,955,956
8944,-0.002193,-0.000224,0.005417,6.783398,7.764757,5.811942,0.998228,1005,1006
362,-0.003184,0.004414,0.010418,7.650015,8.618661,6.681910,0.995798,1002,1003
9659,0.001357,0.007103,-0.001776,4.819469,5.354950,4.281896,1.005885,997,998
3915,-0.000198,-0.001951,-0.005499,7.238537,8.008692,6.465881,1.002953,986,987
6571,0.001279,-0.007812,0.006951,5.818547,6.520932,5.125544,1.006748,981,982
8321,0.000673,0.013987,-0.001336,6.383238,7.066222,5.680816,1.000603,952,953
6894,0.002831,-0.000381,-0.004375,7.650579,8.618444,6.667742,1.000674,998,999
2765,0.000000,0.000000,-0.000000,6.940318,7.670243,6.190191,0.998101,949,950
9270,0.004832,0.000990,0.003349,12.143639,14.243180,10.066435,1.001532,954,955
6003,0.005901,-0.000296,0.000967,6.442424,7.230497,5.636456,1.000108,1042,1043
8348,-0.000000,-0.000000,-0.000000,9.228446,10.581401,7.881079,0.998094,996,997
5088,-0.007134,0.008501,-0.003097,6.138020,6.985352,5.272110,1.004647,994,995
6850,0.013803,-0.003703,-0.001479,9.826947,11.202163,8.461045,1.000634,939,940
2038,0.004270,-0.001408,0.003620,7.205615,8.426995,6.012988,0.998621,998,999
6696,-0.000000,-0.000000,-0.000000,6.887551,7.844085,5.949646,0.998175,982,983
4840,0.001724,-0.002276,-0.004077,8.334265,9.417727,7.218779,0.996258,1025,1026
9226,-0.018401,0.024473,-0.002263,1.828424,2.440044,1.216051,1.022634,1027,1028
2759,-0.004835,-0.007511,0.015026,9.285847,10.705865,7.833536,1.015526,990,991
4184,-0.005129,-0.001445,-0.001297,7.117134,8.115386,6.089186,0.997767,1024,1025
7118,-0.000000,0.000000,0.000000,8.086622,9.224015,6.959298,0.998118,984,985
1851,-0.007764,0.002266,-0.000786,6.849173,7.653037,6.068470,1.002335,988,989
1732,-0.006191,0.002986,-0.004466,7.571929,8.444121,6.701733,1.004151,990,991
8418,-0.006662,-0.000793,0.000183,6.425474,7.156598,5.700103,1.001160,984,985
9592,0.000000,-0.000000,0.000000,11.175849,12.681673,9.650082,0.998003,1019,1020
5993,0.003654,0.002304,-0.007439,9.620898,10.669577,8.594375,1.001050,1032,1033
4511,0.009667,0.005643,0.013017,10.408153,11.509404,9.290583,1.006802,1085,1086
6627,0.002655,-0.001181,-0.003992,8.099009,9.149732,7.042457,0.998652,1032,1033
9429,-0.000000,-0.000000,0.000000,8.195888,9.344119,7.026293,0.998147,1004,1005
1474,0.000000,-0.000000,-0.000000,6.889331,7.685611,6.114072,0.998224,1012,1013
7279,0.004719,0.000786,0.013720,6.758162,7.677862,5.833398,1.007934,1055,1056
9063,0.000000,-0.000000,-0.000000,9.330252,10.448024,8.237664,0.998048,976,977
9894,0.005922,-0.004439,-0.000080,7.805987,8.661552,6.943942,1.001258,1015,1016
4662,-0.011594,-0.005266,-0.002046,17.824470,21.111655,14.502610,1.004646,999,1000
589,0.002457,0.002257,0.012770,7.937701,8.918694,6.956519,1.009584,1013,1014
9959,0.000000,0.000000,-0.000000,7.459316,8.392318,6.549153,0.998156,959,960
1140,0.009251,-0.001482,0.002910,8.407635,9.615656,7.192589,1.002119,1018,1019
5267,-0.000000,0.000000,0.000000,8.269346,9.322090,7.235542,0.998207,1013,1014
6051,0.000000,-0.000000,-0.000000,7.212528,8.330290,6.099920,0.998173,953,954
1991,0.000000,-0.000000,0.000000,7.667041,8.496452,6.816265,0.998226,1008,1009
9233,-0.000207,0.007145,0.001195,5.168984,5.845509,4.475395,1.000846,1002,1003
8188,-0.004482,0.008874,-0.002731,9.447944,10.639797,8.247306,1.000986,1039,1040
9356,-0.002614,0.000083,-0.003204,11.516965,13.111615,9.943989,1.001579,968,969
1852,-0.002132,0.003728,-0.003696,6.564637,7.462372,5.689004,0.999945,1007,1008
7148,0.000000,-0.000000,0.000000,10.258102,11.887118,8.650568,0.997960,992,993
1428,0.000000,-0.000000,0.000000,7.742007,8.856595,6.637312,0.998197,996,997
5507,-0.000896,0.006457,0.009895,7.607207,8.510492,6.702273,1.004133,1021,1022
2920,-0.002130,-0.003946,-0.013047,7.446731,8.244209,6.663227,1.000197,926,927
2602,-0.002144,-0.001962,-0.004738,8.139055,9.104969,7.189646,1.002482,990,991
9739,0.002093,-0.007360,0.015309,7.956590,8.897318,7.011746,1.008906,997,998
6569,-0.009293,-0.004203,-0.001229,7.333195,8.440703,6.252521,0.999240,954,955
9670,0.002385,-0.005746,-0.007363,3.113109,3.724462,2.515176,1.000435,985,986
7658,0.003061,0.004371,0.000490,7.978004,8.929755,7.030058,0.998841,1028,1029
8772,0.000000,0.000000,0.000000,9.996838,11.380947,8.599945,0.998032,989,990
3323,-0.000146,0.002232,0.007777,7.949614,9.033708,6.849783,0.996712,1031,1032
9107,-0.007204,-0.000671,-0.008063,8.187947,9.088538,7.277097,0.999270,999,1000
645,0.005407,-0.000935,-0.001150,7.276688,8.199893,6.380020,0.998582,1025,1026
9884,-0.002337,0.001937,-0.000023,15.815523,18.058312,13.532358,0.999548,977,978
2265,0.000000,-0.000000,0.000000,6.881313,7.759569,6.012356,0.998136,964,965
2314,0.004212,-0.003541,0.000756,7.762038,8.717418,6.786809,1.002318,1034,1035
245,0.004668,0.002518,0.001513,7.073849,7.888165,6.240369,0.999433,1044,1045
6147,0.005321,0.006445,0.004247,6.899441,7.816774,5.972654,0.999867,977,978
