85001950953,345.461200,472.490500,882.024100,4.301957,5.292358,3.293462,0.153647,153,214
85003045807,423.738100,446.969100,843.347000,2.450302,3.149916,1.757676,0.107963,80,133
85002945337,424.485300,424.770900,862.618700,1.000063,1.285566,1.000063,0.097000,54,138
85001086902,389.201300,460.960800,826.937900,5.999374,7.476018,4.561524,0.169581,276,394
85001374766,383.956100,477.333000,900.729600,2.597022,3.000909,2.181584,0.174910,166,309
85003486710,354.515600,490.970000,873.102400,1.952923,2.742727,1.183561,0.110481,62,115
85003965646,345.389200,495.087700,876.043900,4.356364,5.529991,3.177161,0.104729,62,100
85000942503,333.672000,479.562300,833.815600,5.358358,6.164770,4.548020,0.227882,341,456
85000686606,353.538100,458.746500,880.780900,2.730495,3.106490,2.356455,0.173096,332,628
85002904524,346.362400,486.908200,905.151400,3.548509,4.262948,2.845092,0.128362,96,140
85002395930,345.027500,432.259400,881.368600,4.286602,8.376797,1.000136,0.115779,97,172
85001018978,373.215900,484.166300,823.021200,3.576738,4.228216,2.906993,0.212348,355,421
85002906353,394.325400,464.515800,869.566200,5.524525,6.860504,4.178635,0.156324,96,140
85001219207,360.459500,425.920900,871.634900,2.606405,3.086487,2.135870,0.149985,250,350
85000647610,386.167500,469.739000,917.271700,2.298780,2.581189,2.009309,0.199350,391,666
85003303281,423.815900,431.862700,914.997100,2.458377,3.277475,1.630026,0.101276,74,122
85000587227,414.160700,477.984900,858.844700,4.551589,5.316787,3.803703,0.243733,555,734
85000951070,361.727700,501.002800,832.473300,4.229176,4.958621,3.501464,0.234803,335,452
85002709012,410.978400,496.151700,909.220500,2.467068,3.177007,1.753694,0.165577,135,151
85002965693,351.016100,517.486900,893.789300,3.716551,4.518697,2.920192,0.116184,71,137
85002692128,389.008000,450.180400,876.102700,5.659730,7.530396,3.821713,0.087709,59,152
85001226258,415.482600,460.106800,866.627300,5.005283,5.634403,4.378033,0.227618,278,348
85003354615,392.885700,513.896400,853.718600,4.176207,5.065051,3.312357,0.138898,77,120
85000571340,371.787900,432.135200,887.046000,1.779434,2.137029,1.421158,0.180556,381,754
85000697594,405.620900,477.473900,872.569200,2.990830,3.458322,2.513812,0.161683,346,618
85003489783,416.263100,516.821500,852.301100,5.042827,6.808417,3.278667,0.116656,81,115
85003027004,394.068900,465.046400,897.622200,1.590796,1.931594,1.257801,0.137061,114,134
85000583148,363.934300,469.853700,918.596300,2.071706,2.366005,1.782141,0.193237,485,739
85002675840,412.476900,453.998300,868.724500,5.402487,6.529375,4.245615,0.142315,116,153
85002549612,340.062600,470.811100,842.864800,1.256154,1.569313,1.000025,0.107118,67,161
85003253700,391.164700,463.436100,863.868400,3.024306,3.592957,2.455704,0.116980,62,124
85002182219,380.488800,460.934800,825.480300,2.894344,3.366447,2.414959,0.105516,109,190
85001778234,364.203600,463.337900,901.144200,3.999430,4.564525,3.441401,0.175865,202,236
85002394684,375.606400,461.690100,852.318200,4.707308,5.831983,3.579822,0.106696,79,172
85001350058,413.784200,481.122000,892.397500,3.342925,3.864812,2.820929,0.185172,262,315
85000502757,405.946300,516.646100,851.562400,2.748280,3.101403,2.405125,0.287574,754,855
85002692133,423.851900,438.379600,869.569300,1.380816,1.808304,1.000015,0.100282,59,152
85001103243,371.051600,424.462500,843.759800,2.034375,2.386118,1.682818,0.152165,230,388
85002171628,342.326400,496.407400,826.787700,2.628619,3.243883,2.024835,0.121163,127,191
85000364547,375.336000,447.923700,889.553200,2.978438,3.453335,2.510920,0.333264,1075,1165
85002676106,390.669900,517.250400,880.713900,1.413199,1.974376,1.000194,0.084813,26,153
85002626407,372.028500,461.091300,904.009900,4.277508,5.730610,2.836757,0.159463,58,156
85002041858,389.358800,469.771300,897.881200,3.031700,3.439343,2.629263,0.189794,183,204
85003791558,375.003300,452.077900,865.331500,4.783099,6.588495,2.926160,0.107319,74,105
85003694464,333.741900,491.189000,918.807700,1.842143,2.510895,1.159076,0.114734,85,108
85000021021,366.612900,421.221200,883.283800,3.547715,4.012895,3.071917,0.843141,10397,11666
85001764031,334.392000,472.305400,854.244500,2.566904,2.986667,2.148212,0.128007,169,238
85001100752,382.641900,506.836200,885.558500,4.807916,5.962205,3.631808,0.185626,231,389
85000096976,366.746000,457.256500,842.524800,3.180701,3.523808,2.842318,0.482992,3258,3767
85000265667,430.656000,472.799000,841.451900,3.874103,4.702316,3.035787,0.310534,1365,1565
85000427770,336.012200,466.839100,915.352500,1.163762,1.440157,1.000029,0.196446,602,1000
85000919044,370.273200,469.889400,871.241200,3.374093,3.875766,2.875864,0.193957,249,468
85001475251,374.308500,459.832600,888.182300,2.190767,2.518629,1.865073,0.130354,185,287
85002141124,402.563500,474.433000,901.034600,6.288121,8.063808,4.468178,0.138329,107,194
85003543643,347.511400,482.989700,885.661900,3.645579,4.609876,2.663759,0.122336,66,113
85002260369,364.646000,489.778800,836.227300,5.829595,6.579640,5.087990,0.180400,148,183
85000749665,381.791700,497.101500,903.402400,3.883036,4.406714,3.361985,0.194714,266,575
85000757369,357.353500,430.250000,878.651500,3.683243,4.347182,3.002393,0.162554,296,569
85002829558,385.232600,432.642000,820.611900,2.787600,3.086044,2.496598,0.114058,57,144
85003354612,415.369400,500.994000,854.590900,4.412757,7.348280,1.390029,0.081620,48,120
85001892803,338.667900,484.542800,857.254800,7.655848,9.304485,6.041645,0.123876,116,221
85003278208,389.397100,456.060100,880.169800,1.000023,1.623697,1.000023,0.098987,61,123
85000204092,352.153400,495.474900,871.840200,3.514852,4.019727,3.006086,0.416066,1421,1986
85002965420,424.878400,434.482200,858.155300,1.000038,1.348658,1.000038,0.151838,106,137
85000882184,348.736100,505.969200,871.494000,3.117990,3.812299,2.427383,0.247940,389,488
85001036130,430.360000,426.104600,895.585700,2.847124,3.433469,2.268567,0.183488,307,414
85003461838,382.345200,494.448600,874.434600,4.742337,5.901904,3.576390,0.093042,54,116
85001485774,338.775500,513.116100,838.317300,4.543361,5.609766,3.491258,0.120887,108,285
85001272033,372.955600,427.812100,887.207000,2.125792,2.577809,1.683802,0.124850,134,335
85000379085,379.634000,450.385600,883.711700,2.326803,2.798768,1.850628,0.205715,674,1123
85000806684,351.581900,484.990100,824.110700,4.552311,5.129515,3.974217,0.276910,444,534
85003431231,414.050100,451.190000,842.860000,1.000016,1.731250,1.000016,0.105821,61,117
85000753434,333.267200,468.695500,893.754000,5.078584,5.651521,4.513926,0.245838,464,572
85000202910,348.226700,495.713400,874.505400,1.957599,2.313583,1.593321,0.225027,732,1996
85002285120,338.742200,517.121900,888.806200,3.084352,3.782352,2.404864,0.121011,119,181
85000965410,338.775100,490.433700,884.266600,3.577799,4.157832,2.985714,0.214723,213,445
85000592031,380.146000,460.377900,859.346000,4.397183,5.133931,3.676403,0.231610,588,728
85003729426,341.139900,504.528000,865.619400,1.764559,2.455916,1.080891,0.117871,82,107
85003489319,416.579300,461.218500,865.566400,1.993044,2.476864,1.501953,0.095988,76,115
85002477095,394.929100,472.799500,853.976800,7.549458,9.854773,5.306735,0.153874,140,166
85002923943,353.025000,437.906500,870.372700,2.120089,2.512400,1.727542,0.150832,100,139
85002887300,429.181400,420.220700,895.140900,16.653074,135.838471,2.780422,0.106387,58,141
85000058463,399.713700,479.959500,844.526600,2.101448,2.383667,1.823653,0.518579,4967,5639
85002194404,395.112500,513.441500,845.276800,2.242263,2.528847,1.948233,0.118363,111,189
85000709142,412.166500,471.215100,893.841000,2.414322,2.852718,1.965540,0.236345,468,608
85002925732,386.554200,468.659400,880.445000,3.085799,4.074829,2.111205,0.119993,86,139
85002564831,375.031900,517.112100,831.595000,5.436850,6.297362,4.556503,0.160182,105,160
85003325954,342.768200,474.469500,859.514700,5.629364,13.348444,1.373050,0.120869,67,121
85000674795,383.880500,484.105100,905.261100,2.397911,2.853298,1.935904,0.145905,232,639
85002906352,400.466600,473.962100,902.791800,1.550440,1.941920,1.151299,0.149562,105,140
85003794750,418.962800,470.933400,896.067100,3.364027,4.115421,2.592181,0.122360,51,105
85003697803,360.359000,505.577000,852.265400,2.806582,3.567515,2.023169,0.099017,64,108
85000609657,377.023100,462.808500,848.180400,3.631862,4.125757,3.140911,0.235829,429,707
85003067649,332.569300,478.003400,845.121600,5.088303,6.180932,4.020690,0.097439,62,132
85003794721,394.738500,444.002200,893.474100,93234.010441,93234.010441,86894.401246,0.047603,10,105
85001196613,381.726500,429.458800,877.977900,3.578708,4.427210,2.738347,0.189049,248,357
85003666197,375.484300,505.955100,905.147200,2.053415,2.439249,1.662601,0.100205,73,109
85002690575,368.638900,431.587700,846.432600,2.471878,3.256317,1.706636,0.141381,91,152
85003067669,360.806100,458.654800,864.504000,1.658476,1.998334,1.326311,0.127421,82,132
85003897057,379.592900,486.767500,878.879100,5.393987,6.636833,4.157959,0.082149,37,102
85003179757,371.088200,426.343900,832.528000,4.024863,24.110038,2.093223,0.106443,45,127
85002423762,364.281300,507.576300,821.368200,4.580918,5.844314,3.349422,0.139211,118,170
85001155373,373.693600,474.478600,857.618800,3.113983,3.887443,2.319146,0.148665,205,370
85001696366,335.599500,489.260800,887.689000,3.793184,4.337410,3.247611,0.205717,196,248
85000310347,430.063200,485.772700,871.119900,1.793580,2.075949,1.504364,0.233461,778,1356
85000548352,360.286100,439.905200,878.953200,1.952665,2.403938,1.494727,0.216847,571,785
85001884761,353.954400,493.339500,867.261300,3.027927,3.552260,2.513230,0.155738,123,222
85002172789,362.714500,500.317600,850.066400,1.877099,2.459393,1.305640,0.152921,137,191
85003325680,425.984300,445.056100,848.798100,12.604833,207.776777,3.267943,0.117502,76,121
85001586271,427.808500,461.803700,825.050200,4.631138,5.254670,4.003205,0.197900,229,266
85000902178,428.436300,423.737000,894.577300,2.256587,2.774934,1.752093,0.141543,251,477
85002141123,395.367400,443.928600,892.003300,2.151793,2.568434,1.742302,0.142650,85,194
85001604135,423.580100,481.112100,872.159300,20.526040,25.731796,15.443680,0.274240,190,263
85000567578,400.037700,473.628600,848.215300,3.629853,4.318653,2.934699,0.261846,535,759
85000390841,384.740400,485.647900,860.176300,3.845423,4.417210,3.287972,0.294097,464,1091
85000346259,338.592700,485.812700,885.257800,2.804489,3.202858,2.406190,0.219056,700,1223
85002674107,389.346400,458.858600,846.031600,2.139229,2.740429,1.520421,0.162760,135,153
85000681178,339.799800,513.715000,900.762200,1.852603,2.177455,1.531759,0.246205,344,633
85003828685,336.721200,512.538300,892.389600,4.570675,5.319599,3.805173,0.128927,83,104
85001264624,347.537600,477.314000,845.531500,3.225004,3.672939,2.776625,0.206414,286,337
85000003728,373.087500,467.739700,845.200700,3.881124,4.291201,3.473494,1.315659,26999,31882
85000691971,351.562700,476.753600,844.021800,4.605969,5.554166,3.665742,0.211423,302,623
85000066102,361.045100,518.584000,895.404500,2.141789,2.455815,1.825393,0.511806,3874,5128
85001005166,350.801100,436.272100,824.266800,3.850847,4.316675,3.382674,0.143627,209,427
85001547533,365.940900,445.947400,871.917700,2.909800,3.370441,2.439581,0.129232,182,273
85001418006,369.682600,497.545400,854.203300,1.831173,2.158387,1.502499,0.151519,206,299
85001362295,394.444000,426.545200,874.128700,4.366934,4.922521,3.798648,0.230346,290,312
85003351506,429.904800,473.303200,841.727500,2.853568,7.166737,1.000416,0.092553,50,120
85001960383,367.672600,507.833300,901.145800,2.397515,3.709498,1.115412,0.150404,155,213
85002743315,401.182100,512.658600,904.098000,4.496972,5.566895,3.440801,0.100753,102,149
85002926067,418.646400,496.636200,896.167100,3.351647,4.817950,1.868029,0.108489,91,139
85001183654,377.388200,427.705700,864.402500,3.310725,3.655726,2.966462,0.212050,268,361
85002868723,377.077300,517.538500,833.075900,2.279041,2.655330,1.905049,0.129024,92,142
85000132512,417.871300,472.190200,884.556400,1.877086,2.165195,1.595190,0.290807,1644,2897
85002579957,343.027600,492.252000,880.186700,1.461511,1.927617,1.000056,0.145253,119,159
85000646621,396.417500,508.226500,894.046500,3.067088,3.633940,2.500390,0.245173,525,667
85000108043,413.268200,491.644000,894.149400,3.347819,3.849078,2.853704,0.350597,1404,3448
85002760611,388.213300,504.767600,836.165200,2.426326,3.031083,1.830129,0.112137,94,148
85001325249,363.730200,458.991400,871.109100,4.013447,6.016637,1.967482,0.111940,123,321
85003965610,359.620800,427.497300,843.778400,2.052475,2.451014,1.655489,0.093223,46,100
85002182325,339.719000,491.150200,882.434100,5.704711,6.890663,4.526354,0.178124,153,190
85003135914,407.959100,470.519700,863.832400,1.489718,1.787832,1.185905,0.116661,75,129
85002564829,370.669400,487.956700,871.553200,4.592668,5.562866,3.630197,0.136890,99,160
85002060159,332.195300,438.541800,868.890400,2.616314,3.071092,2.153937,0.128227,104,202
85000689813,417.581400,453.033700,830.736500,2.167721,2.440037,1.896044,0.151333,323,625
85003897066,423.887200,441.514600,868.150300,3.956195,7.152495,1.001271,0.107440,69,102
85002549631,354.056800,430.222000,870.971100,3.593656,4.329324,2.872595,0.125726,96,161
85003932349,387.361600,480.380400,894.776700,4.897236,6.512264,3.304715,0.093473,61,101
85000108805,350.859100,481.891800,837.451900,2.405842,2.754555,2.057254,0.466112,2905,3428
85002273288,341.343900,513.657800,856.412500,7.055064,9.430252,4.728157,0.136731,116,182
85001597781,363.410300,456.747700,865.734100,2.321826,2.970579,1.669917,0.113482,105,264
85002397107,391.030200,428.932000,880.063300,5.388291,6.788008,3.964166,0.102146,83,172
85000748335,403.751100,457.300200,872.842000,3.913304,4.414651,3.401312,0.210440,274,576
85001651785,378.184400,457.339000,824.116600,3.277144,4.042981,2.493474,0.125625,143,255
85002887545,372.552900,503.097000,821.958600,7.416685,8.912728,5.907299,0.119432,89,141
85001052993,366.575600,483.294400,875.916300,3.170490,3.900285,2.439697,0.234293,343,407
85002371314,360.931200,514.758500,821.366100,10.789491,17.061128,4.575080,0.104217,41,174
85002205278,387.431200,515.953600,828.365700,1.206575,1.505414,1.000021,0.127592,123,188
85000586340,344.837600,475.353200,842.693400,1.830975,2.125079,1.532086,0.184353,441,735
85000476688,353.699600,461.912700,860.006800,5.247498,6.329590,4.177690,0.333713,697,901
85003514743,383.501600,458.839700,826.047500,4.216520,5.150801,3.269158,0.097306,60,114
85001418852,421.571000,484.098700,912.546100,3.521781,4.047296,2.997268,0.166074,195,299
85001409767,390.383200,449.010400,885.386600,4.096884,5.282023,2.939411,0.161372,217,301
85002449586,359.403800,475.750600,865.413800,2.831101,3.222463,2.433464,0.139681,123,168
85003599225,406.858900,480.318100,856.760800,1.939329,2.605775,1.290468,0.098193,41,111
85002358472,394.843300,494.637100,872.388900,2.671192,3.115038,2.222067,0.177584,146,175
85000750822,370.127500,420.367600,855.684300,4.208749,4.806631,3.607850,0.220721,235,574
85000861279,389.317100,499.690800,833.652300,3.564655,4.316611,2.815104,0.156474,286,500
85002172634,416.294800,443.886900,870.744600,5.322252,6.073530,4.587593,0.109049,119,191
85002477245,335.608500,471.896000,852.883500,2.727762,4.041328,1.423669,0.109477,98,166
85002215289,338.554900,484.340000,854.578100,3.212147,4.323767,2.088975,0.129896,109,187
85003965609,358.844500,467.313300,824.820200,2.690830,3.495056,1.879242,0.130028,66,100
85000094253,387.405200,492.245800,917.819000,1.325105,1.600026,1.056030,0.481951,3138,3854
85001750805,427.987200,504.288500,855.281900,3.589688,4.356504,2.804317,0.135058,148,240
85001226305,348.380900,515.620600,873.052700,2.370083,2.679812,2.065908,0.164976,241,348
85003794749,418.490300,456.448300,891.857200,2.617057,3.308190,1.920138,0.095080,62,105
85003027061,387.614100,506.775400,901.521700,4.101624,5.195181,3.001269,0.131923,98,134
85002520008,365.398700,478.169400,871.772200,3.781578,4.776678,2.801249,0.111240,92,163
85000913361,401.411000,444.354500,840.974500,1.654789,2.014427,1.288360,0.156024,247,471
85003111418,417.207500,439.745700,846.176300,6.367808,7.352249,5.386552,0.154637,106,130
85001374420,339.153800,460.839400,843.248800,1.006418,1.306886,1.000017,0.147706,185,309
85003791553,368.976900,447.176200,869.772600,3.559204,4.313952,2.811760,0.101432,56,105
85003697906,415.921100,510.388600,891.821500,2.096184,2.841929,1.332933,0.088396,53,108
85003863036,379.504300,504.532800,902.896500,2.549343,4.887834,1.000251,0.091751,52,103
85002384032,389.430400,437.557600,862.484000,2.536662,2.949677,2.132805,0.126637,108,173
85003757939,409.225500,489.360200,842.988400,2.951034,3.574953,2.326990,0.086377,47,106
85001830722,389.860100,510.621300,879.319000,10.685218,17.099642,4.162732,0.143404,125,229
85002183336,421.447700,475.413400,908.233500,1.000060,1.519314,1.000060,0.127198,86,190
85003791560,375.777500,505.592800,820.497800,1.100610,1.630371,1.000010,0.110603,67,105
85000980323,351.431300,420.056300,832.900900,2.578523,2.996256,2.158332,0.191410,305,438
85001045832,408.639000,428.220600,882.023800,3.668623,4.219911,3.117800,0.219509,324,410
85000211263,355.247900,482.133700,868.060500,3.713229,4.303346,3.125062,0.262363,1123,1925
85003004473,367.383500,495.891100,915.251000,2.171835,2.831673,1.520590,0.123933,83,135
85003154318,375.301400,465.471200,841.909900,5.652217,7.424781,3.929253,0.102954,79,128
85000627566,364.576700,428.256400,865.206200,3.649394,4.135581,3.169709,0.195513,436,687
85002904472,375.328900,472.653000,871.433900,5.313515,6.504158,4.104414,0.126314,71,140
85003407008,360.012200,518.340000,848.977000,4.141023,6.221926,2.047264,0.105313,48,118
85001455672,365.746600,446.472800,869.675800,2.571076,2.978675,2.158325,0.135468,208,291
85001111917,420.997500,450.001400,906.571700,3.480513,4.081640,2.867069,0.232432,321,385
85002793694,365.536400,422.531100,871.384100,3.489107,5.417186,1.516342,0.122211,96,146
85000175602,361.398700,423.684300,840.164800,4.904879,5.485333,4.308700,0.466570,1976,2271
85002743003,382.436700,489.773400,874.496900,1.074674,1.374334,1.000022,0.125821,97,149
85000668526,414.089800,471.144800,869.651100,1.962494,2.287762,1.629470,0.179473,348,645
85000883808,342.305200,475.098000,842.227800,1.986770,2.448726,1.519405,0.165484,276,487
85002866456,427.782500,422.028100,820.407700,2.210348,2.720505,1.694300,0.145455,92,142
85001109157,421.348400,424.118500,866.440100,2.713164,3.015996,2.401408,0.148242,215,386
85001621797,402.093300,433.524000,860.632600,2.098127,2.485632,1.720599,0.124911,153,260
85000395319,383.248400,480.057800,901.878100,2.593733,2.973811,2.219577,0.296245,897,1079
85002725754,418.377800,428.815400,871.531700,2.436363,3.298338,1.562022,0.102276,82,150
85003158570,376.198200,437.184800,885.953500,2.747952,3.117257,2.375912,0.157246,102,128
85003300844,372.276300,475.951100,856.646000,2.746318,18.186494,1.147613,0.095611,70,122
85002690590,374.898300,427.529400,912.833700,3.999355,4.867789,3.109949,0.156611,117,152
85002358291,427.554800,436.278600,868.002300,1.860774,2.251708,1.477952,0.142130,100,175
85000457852,342.636500,492.041900,895.976600,3.765402,4.304442,3.223587,0.310553,784,937
85002793677,372.496500,466.342200,839.640800,3.800080,4.842400,2.761991,0.108901,82,146
85000596103,339.428100,473.966200,842.382300,4.670575,5.323784,4.018964,0.271495,605,723
85003969683,408.302100,517.131500,831.342400,8.187575,11.191442,5.241184,0.095627,58,100
85001095287,367.259100,510.139800,826.714800,3.215744,3.753043,2.683409,0.149726,200,391
85003227364,343.827300,461.613700,915.480600,2.692593,3.443754,1.947406,0.127037,67,125
85002507192,352.797600,508.073600,891.869600,3.917367,4.829343,3.028360,0.139672,100,164
85000049472,337.362900,464.665000,890.549900,4.319741,4.814147,3.838057,0.621705,3683,6400
85000782101,406.485100,487.389300,891.794900,2.246047,2.705572,1.792643,0.164212,247,551
85003969068,403.675900,452.310900,874.246800,3.183624,4.564910,1.810456,0.080674,52,100
85002080484,377.079500,454.959000,865.145800,5.484295,6.544921,4.425003,0.160989,102,200
85003458855,367.666400,444.784500,914.196300,2.493960,3.025626,1.966114,0.121149,85,116
85000611470,358.640900,495.226700,826.243800,3.713945,4.356676,3.071148,0.222653,387,705
85000481636,374.517700,422.723600,855.934900,2.290292,2.647519,1.940867,0.256724,694,892
85000563064,384.992300,442.525400,882.142500,2.841388,3.500139,2.164419,0.250674,466,765
85000671461,375.914800,491.438400,830.104900,2.365071,2.738576,1.999771,0.283100,496,642
85000643746,424.173400,437.583600,868.913000,2.986417,3.478985,2.481543,0.126732,176,670
85003862527,428.286700,459.879500,901.573700,1.126353,1.481697,1.000010,0.094188,50,103
85003514745,391.097000,477.895800,848.537900,1.699615,1.987696,1.403674,0.116785,70,114
85000830075,366.680600,500.119300,918.202000,4.627674,5.472638,3.790037,0.161572,303,519
85001785450,367.782300,434.310500,824.520400,1.652903,2.507863,1.000121,0.090677,50,235
85002369918,336.333600,461.660500,887.699500,3.983022,4.609701,3.354814,0.131834,124,174
85003067411,399.452300,425.622700,854.259200,6.606347,10.883653,2.373119,0.114680,89,132
85000959313,385.953100,515.381000,890.449100,3.146942,3.770813,2.525032,0.160613,247,448
85001337806,358.154600,498.374500,914.368900,2.470561,2.822456,2.110613,0.161150,229,318
85002708751,419.839100,470.347400,897.860200,2.750067,3.624194,1.875201,0.105504,58,151
85001028463,382.631600,432.793800,831.979800,2.286733,2.730188,1.846286,0.145767,183,417
85003635180,392.853200,474.475300,893.847600,4.189646,5.061457,3.326110,0.119274,65,110
85003278206,385.260200,466.759200,874.631400,4.172258,4.880211,3.480381,0.077141,39,123
85002983904,371.391500,496.576100,882.080700,2.393481,4.009279,1.000195,0.095800,63,136
85003694459,345.643800,482.768800,907.357100,2.876628,3.376106,2.374316,0.114723,77,108
85002885539,371.420800,480.440100,855.637500,3.585704,4.178464,2.992058,0.112117,69,141
85002549633,355.030700,486.140900,912.899700,2.368155,2.975884,1.743275,0.097574,38,161
85000149883,376.744800,475.054000,868.819800,2.935830,3.369797,2.498090,0.286474,686,2608
85002069816,369.887800,446.469700,883.184500,11.155033,13.553452,8.703526,0.192606,164,201
85000724441,365.319900,445.697200,873.814900,5.681806,6.619836,4.721660,0.255816,532,595
85000404676,347.801800,512.445000,843.938200,2.205409,2.573885,1.842581,0.288702,668,1055
85002848040,352.467100,475.617900,830.722500,2.563228,3.217692,1.917872,0.115163,98,143
85000978390,341.209100,512.924500,856.848300,3.099201,3.607494,2.586624,0.201523,276,439
85002182220,387.995000,475.339200,852.277300,1.000000,1.274614,1.000000,0.121935,94,190
85003666104,395.405100,453.937400,883.096100,2.376613,3.044555,1.707753,0.140424,90,109
85002887594,408.541400,494.983100,887.009300,6.016100,8.375556,3.689027,0.155867,108,141
85000250765,360.563000,504.878000,916.806300,3.150993,3.640040,2.656905,0.218827,884,1649
85000796610,381.219900,501.593100,886.120800,5.101329,6.058558,4.116028,0.206409,298,541
85000814279,376.052900,467.707200,912.279200,4.147282,4.656541,3.636320,0.225381,439,529
85003729059,378.028700,431.739600,916.686800,2.938865,3.749850,2.138028,0.091029,52,107
85003114009,344.151500,499.392700,875.549600,1.980233,2.361937,1.590353,0.110059,75,130
85001341881,344.696300,502.950000,841.198200,2.888765,3.443144,2.328261,0.142131,204,317
85000123908,384.567300,499.030400,833.283900,2.108752,2.448967,1.774213,0.269098,1005,3071
85000823639,370.809200,425.524000,918.138800,3.054441,3.425768,2.677404,0.237436,253,523
85003969573,351.407200,506.548500,856.066300,4.220142,4.842974,3.602680,0.124474,62,100
85001387770,402.105000,507.283600,849.755800,3.448594,4.180392,2.710251,0.164176,181,306
85002227404,377.187500,432.406200,887.251300,5.078376,7.685335,2.435819,0.135383,99,186
85001505494,396.575300,454.938800,829.935200,4.011500,4.938324,3.080900,0.167189,203,281
85003027354,382.076200,518.447000,835.849700,5.547008,7.050299,4.046841,0.113477,98,134
85002344405,360.693000,450.416300,838.957500,3.807459,5.239833,2.385418,0.137626,107,176
85000756211,383.936000,496.713200,836.069200,1.628836,1.948144,1.303424,0.154902,271,570
85000799393,369.374500,469.562400,831.214500,3.761571,4.374084,3.144097,0.164521,247,539
85000348601,377.370900,494.242000,822.587500,2.152112,2.516835,1.790964,0.221989,563,1215
85001290386,356.043100,420.998600,838.327300,3.130673,3.552815,2.720172,0.214083,264,330
85002357064,373.397300,448.702000,866.540900,2.529494,3.052626,2.019083,0.133994,116,175
85003303259,379.327500,436.786200,899.879300,4.172423,4.843715,3.513359,0.112118,73,122
85001180481,344.888600,508.408800,820.308300,1.956976,2.571844,1.343303,0.111952,92,362
85001212550,360.245800,476.757300,870.416800,4.462999,5.293211,3.620064,0.154341,183,352
85000000000,384.922000,468.037800,872.957800,2.211456,2.483893,1.938522,2.850554,225831,310057
85003380535,350.441300,503.735700,825.052300,2.841567,3.812418,1.861164,0.106324,60,119
85001040986,403.477900,466.930000,903.329300,2.305969,2.695060,1.910964,0.163513,268,412
85000618622,379.548200,493.509300,888.966400,2.550309,2.992246,2.114962,0.197271,467,697
85000014437,364.099100,502.802400,914.101400,1.642757,1.945747,1.344761,0.497585,6519,14811
85001581212,380.639500,498.984000,886.840100,5.200524,7.279929,3.091247,0.091188,53,267
85002397123,424.266200,457.674800,918.446500,1.343637,1.672635,1.009766,0.116923,116,172
85001409355,338.708300,484.301800,846.450100,2.958984,3.654649,2.267095,0.158808,158,301
85002709038,381.868600,514.433500,848.105500,4.177826,5.184391,3.193829,0.108540,71,151
85003380190,383.039500,487.108900,897.679600,1.932808,2.800961,1.076203,0.099788,63,119
85003182032,423.882900,425.088300,890.067500,2.600484,3.370660,1.835478,0.095144,66,127
85001664379,361.879500,476.253300,841.906200,7.063744,8.425337,5.676197,0.194673,144,253
85001268649,394.097100,464.942100,873.974100,4.242247,5.869971,2.624909,0.135724,97,336
85003965617,370.804000,421.385500,879.805200,1.552109,1.894285,1.203264,0.114979,62,100
85002384034,428.006700,433.037100,860.496800,3.874113,4.489224,3.251609,0.157527,134,173
85000285660,378.350400,431.517800,860.008700,3.154315,3.717699,2.593658,0.351072,1144,1464
85001771112,365.724400,474.050500,842.711400,2.781350,3.252233,2.319667,0.153699,167,237
85000739204,375.279900,448.789500,886.982800,4.069559,4.772503,3.363676,0.225163,481,583
85003351786,347.774300,469.712300,883.134500,2.116276,2.899067,1.343313,0.109629,75,120
85003404150,359.013600,476.144100,872.831200,3.985004,4.876123,3.107771,0.095947,51,118
85000930728,341.646800,483.438400,909.896300,4.165541,4.600727,3.725187,0.272969,408,462
85001131621,358.062300,481.901900,841.067800,4.234821,4.900702,3.582006,0.239529,311,378
85001942325,334.775000,462.152900,842.030200,2.383851,2.783445,1.985651,0.184773,185,215
85000168686,341.644900,483.346800,910.795800,3.703620,4.241613,3.170042,0.416268,2044,2352
85002758715,371.098600,450.564500,850.319300,2.983505,3.534084,2.443185,0.110538,76,148
85003048079,407.364000,434.615100,863.249400,5.941396,7.335544,4.507877,0.102048,83,133
85002692129,376.532700,438.640800,871.437700,2.857706,3.802708,1.934670,0.105438,81,152
85000609670,373.978200,424.864200,845.497100,2.004995,2.369170,1.647825,0.169290,385,707
85000927061,387.593800,504.994300,903.608400,3.158324,3.750112,2.578561,0.149367,268,464
85002904287,396.123000,481.035900,831.473900,1.000031,1.346833,1.000031,0.076197,17,140
85002850034,401.260300,502.551900,918.589500,1.779656,2.081437,1.483572,0.145542,117,143
85001652447,388.692100,480.617200,873.202300,1.432205,1.707413,1.160794,0.142034,128,255
85000410311,350.023300,463.162100,865.720700,3.002499,3.515089,2.498612,0.264312,576,1041
85001019214,424.101700,448.494900,912.490200,2.674333,3.116465,2.242155,0.166061,196,421
85000878575,381.278200,486.835100,874.772900,2.816703,3.308604,2.333106,0.148992,206,490
85001822084,400.955600,422.565000,853.214600,3.254738,3.821450,2.700181,0.130717,127,230
85000337823,393.530300,469.342300,857.208600,4.706221,5.592413,3.810989,0.297855,890,1252
85003182026,385.748800,433.313700,861.144000,4.521160,15.493046,1.495045,0.083818,42,127
85003859377,335.976900,482.465900,912.708300,2.129200,2.508785,1.754925,0.097014,67,103
85001586881,397.680400,425.969200,883.358600,2.941488,3.388876,2.483577,0.160576,176,266
85003069939,332.508100,499.367000,861.282700,4.339685,5.375126,3.330880,0.106806,81,132
85003605442,430.501500,508.502000,888.043900,2.619710,3.168730,2.084480,0.123821,75,111
85001073921,420.635200,456.149200,884.746000,2.532718,3.056768,2.013173,0.134736,220,399
85003575734,367.711900,512.321200,834.056900,4.643868,5.598988,3.668628,0.112353,77,112
85003328387,419.961700,449.372600,905.760200,4.254341,5.682696,2.844890,0.098432,68,121
85003303700,396.941900,498.862800,872.327600,10.291262,48.658159,3.458936,0.082342,37,122
85003067652,340.211300,463.238100,857.582000,3.083442,3.993360,2.192058,0.130178,83,132
85002612195,386.805000,458.036200,894.446100,5.059526,6.097765,4.041275,0.191645,114,157
85002080482,394.945800,469.299300,885.414900,3.488583,4.064004,2.917769,0.135087,106,200
85000554173,413.109000,480.354000,858.142300,2.490993,2.849932,2.123031,0.303817,650,777
85001261313,406.082300,515.473700,879.584300,2.363130,3.256358,1.451886,0.163517,230,338
85003113699,382.629800,487.824800,882.420700,2.212552,2.632575,1.785267,0.137190,95,130
85003575356,423.514800,481.342300,871.098300,2.761673,3.212455,2.303605,0.108639,72,112
85000610566,371.975300,491.789600,837.353500,4.964511,6.068633,3.829439,0.126752,159,706
85001250382,428.425400,485.230200,894.484500,3.852829,4.383248,3.307595,0.132030,215,341
85002022274,348.524500,426.055500,916.352200,2.289252,2.671875,1.903724,0.175157,155,206
85003458827,342.312700,477.507100,843.713100,1.940505,2.803656,1.100345,0.096054,60,116
85002215300,351.588700,487.147500,915.742900,2.849346,3.418523,2.292318,0.108052,84,187
85000042553,377.584400,464.050800,836.232300,3.225401,3.606498,2.840554,0.626260,5454,7137
85001114411,377.901800,469.025100,870.411400,2.841019,3.216267,2.460771,0.150042,193,384
85000475082,370.946000,458.363200,876.729900,3.272485,3.704999,2.839627,0.293376,783,904
85000561507,350.639700,488.390000,869.991400,2.772453,3.301193,2.251450,0.194957,505,767
85003929020,338.130500,479.896000,841.780400,3.669523,5.482548,1.832101,0.102504,59,101
85003434537,377.949600,498.568700,893.207300,2.698756,3.232050,2.171125,0.113952,69,117
85003111656,343.488200,423.655300,832.800700,2.855440,4.140963,1.538424,0.100715,65,130
85001950944,369.119400,475.011100,860.450600,4.984452,6.237432,3.712271,0.175605,149,214
85002382802,362.150800,445.256500,846.832100,1.164087,1.467832,1.000127,0.138530,109,173
85003431530,357.725400,443.224100,877.093600,1.693307,1.977622,1.414263,0.121009,84,117
85000593655,338.551200,500.656900,898.818800,2.970095,3.450880,2.476652,0.178268,242,726
85000090465,408.358900,477.366000,870.388000,3.218964,3.661015,2.780807,0.354818,1540,3986
85000649554,379.087200,455.967200,864.516400,2.061270,2.340402,1.777794,0.158886,292,664
85002408953,341.113400,454.552600,868.493700,1.368474,1.848646,1.000013,0.121660,56,171
85001645629,365.410900,451.961900,873.774000,2.268580,2.678202,1.864495,0.202534,214,256
85000374484,363.561100,514.712900,823.355400,4.743659,5.526166,3.947967,0.350304,920,1136
85001490713,395.420100,442.359300,896.110000,5.022516,5.694586,4.366105,0.199732,226,284
85000477830,396.829400,453.551500,883.627900,2.889596,3.201981,2.585661,0.262929,686,899
85003604966,428.201200,470.001600,900.972000,4.761650,5.308870,4.211469,0.129106,93,111
85003726093,343.596500,484.175800,850.673300,1.144802,1.550127,1.000087,0.083410,45,107
85000769400,357.618700,491.735800,870.702600,3.090373,3.586615,2.586111,0.248972,390,560
85003825116,359.462600,447.198500,875.317600,7.509140,11.655152,3.383929,0.080650,50,104
85000345091,385.305100,455.612500,860.784000,4.333519,4.945552,3.717530,0.383262,1138,1227
85003380615,410.621500,514.460800,873.250500,1.357027,1.813186,1.000001,0.087461,42,119
85002581601,378.014000,495.118600,889.478500,6.911449,48.540300,1.000216,0.090334,68,159
85000237529,398.167200,475.323400,850.685800,2.495324,2.936304,2.054247,0.391728,1341,1732
85001164576,384.965900,493.486400,913.585400,6.094885,6.952328,5.249916,0.198296,257,367
85003515060,373.271500,456.317600,848.727600,1.836851,2.396655,1.266091,0.097477,69,114
85003404148,357.156100,464.939500,872.897000,5.113161,7.008853,3.241975,0.129057,92,118
85003486690,333.026100,429.934700,856.266200,5.344854,8.205354,2.553445,0.111457,67,115
85000005333,363.817600,447.285400,879.694100,1.355229,1.643512,1.060096,0.559019,12699,26304
85002628186,419.027400,496.321400,827.973100,3.649232,4.257377,3.057437,0.183532,134,156
85001305870,422.695500,473.758300,894.973600,3.631750,4.214242,3.055077,0.148840,186,326
85001111962,360.966500,505.148400,850.354500,3.042076,3.627456,2.452667,0.133165,210,385
85001671437,370.563900,503.221700,896.087200,3.013728,3.425723,2.603030,0.162975,143,252
85000142296,336.383500,497.350500,882.638600,3.158039,3.512659,2.799076,0.402655,2287,2725
85002260371,356.466300,486.494600,861.349100,5.915139,26.251745,2.772072,0.137046,132,183
85001552917,409.272600,479.827100,855.684300,4.854844,5.472979,4.218503,0.127203,156,272
85003897538,355.130400,502.633500,857.234700,2.073326,2.962703,1.159173,0.101448,55,102
85001723654,388.958400,517.565600,903.929100,5.104482,5.815266,4.401198,0.169185,201,244
85001383014,373.609200,426.347800,871.952600,1.035136,1.321364,1.000089,0.139401,183,307
85001808003,379.539900,439.925300,882.501500,2.082771,2.490919,1.679910,0.121492,104,232
85000192794,366.029900,497.577900,910.386800,3.058730,3.509549,2.617429,0.384487,1698,2089
85003517741,421.587300,438.249600,916.800400,2.318938,2.752455,1.876371,0.100094,62,114
85001279637,412.207400,514.702400,910.975300,3.304938,3.807181,2.805270,0.177092,224,333
85000151213,374.493500,456.525100,874.599000,3.819200,4.382996,3.241903,0.401650,2135,2588
85002250242,429.033900,509.960500,913.853800,3.679042,4.346943,2.993351,0.196463,154,184
85003897075,422.174900,432.555600,917.349500,3.692766,4.111452,3.264123,0.105142,59,102
85002451061,387.134300,505.263600,840.892400,1.159157,1.461691,1.000015,0.134242,96,168
85002193160,340.400900,482.738300,908.436200,1.933363,2.204591,1.658535,0.117778,122,189
85000098511,366.759500,459.211600,874.477700,1.669579,1.984052,1.352835,0.293977,2032,3719
85002595325,366.252400,433.247000,864.772000,4.709334,5.688534,3.753032,0.127495,104,158
85000866215,369.032000,425.206200,869.736300,6.658746,8.281885,5.046032,0.275908,357,497
85002813308,401.958600,467.872000,916.899200,4.225550,5.714862,2.719273,0.098933,70,145
85003303257,390.585700,432.360300,882.563600,5.361941,6.533836,4.184218,0.100456,58,122
85000245500,333.381400,515.085900,868.953700,3.831641,4.377276,3.293286,0.244224,1003,1681
85000544727,338.671400,470.532500,842.141500,2.713327,3.096009,2.326360,0.202189,476,790
85001100702,418.135900,425.163800,879.680500,3.058169,3.525932,2.582456,0.246650,326,389
85003546317,394.468200,464.049000,897.884000,4.835331,5.846623,3.796582,0.111965,70,113
85001089896,396.797600,468.887800,899.528100,2.359839,2.817131,1.902050,0.172672,278,393
85003761933,332.208800,499.338300,876.332800,2.830645,3.459351,2.211547,0.095619,68,106
85003407089,384.085800,512.437900,842.394200,4.743104,6.383758,3.085767,0.065731,22,118
85000301045,426.454000,467.015700,881.675400,2.641216,2.965684,2.317268,0.208979,617,1395
85001553488,394.736400,491.415600,874.071400,3.952724,4.636170,3.262084,0.088439,60,272
85002692375,426.908600,507.463900,903.773400,3.131362,3.792088,2.483390,0.131124,109,152
85001100744,361.239300,514.639300,849.044300,4.822226,5.480353,4.179581,0.185776,290,389
85003182410,387.465800,495.112300,839.527600,1.162612,1.436867,1.000009,0.123015,80,127
85003182343,347.345800,504.474400,849.601900,2.957896,3.484994,2.423116,0.119721,82,127
85002295555,407.945700,471.412300,848.982600,2.667825,3.510083,1.803530,0.099073,78,180
85003067648,368.509400,440.846900,848.169600,3.583647,4.435904,2.706410,0.101416,79,132
85000661449,422.191500,495.748400,895.541700,2.804534,3.360509,2.237365,0.136228,206,652
85003027353,410.465300,515.729300,853.215200,1.503233,1.820912,1.186619,0.131605,92,134
85002060156,343.970800,485.680600,906.010600,2.359309,2.932278,1.779733,0.136289,122,202
85000248788,392.562500,468.136700,827.246200,2.319548,2.660414,1.976390,0.224225,859,1661
85001055452,371.658800,479.517300,883.321200,4.106322,4.864194,3.357600,0.215628,331,406
85003251151,380.954600,448.453000,837.383200,3.154238,3.620726,2.689326,0.105234,81,124
85001418927,400.947400,500.921200,836.781100,3.071719,3.504723,2.649045,0.141868,163,299
85000218505,371.658800,506.014400,846.226600,3.355888,3.818490,2.895623,0.371627,1424,1868
85001968121,369.949800,477.415200,887.782200,2.493660,3.180586,1.795225,0.154986,145,212
85002743001,378.479600,438.218900,900.935700,2.796239,3.459195,2.123175,0.104513,88,149
85000320979,400.487100,432.285300,858.537000,2.261025,2.545454,1.974326,0.238644,460,1313
85003158577,390.642100,475.752700,860.457100,3.407008,4.489262,2.351985,0.118134,69,128
85001697033,426.335400,420.536400,859.818400,1.008779,1.308999,1.000010,0.153183,178,248
85000493414,373.272500,506.590100,845.962800,1.945669,2.221480,1.671600,0.185444,532,871
85000250909,369.011200,459.298500,875.656700,3.624786,4.135977,3.108623,0.257947,1153,1648
85001216227,385.722800,456.840000,883.091800,2.246718,2.742325,1.763253,0.133433,142,351
85003111417,394.368200,473.340000,835.302600,9.707600,12.312543,7.132954,0.100045,53,130
85001048286,414.891400,451.319400,862.350600,1.869734,2.157340,1.582897,0.157535,262,409
85003004455,367.528100,470.355700,860.385900,6.643031,8.183396,5.075332,0.135982,105,135
85000868071,348.778600,514.584700,848.025700,3.621848,4.027048,3.220459,0.214579,389,496
85002849985,357.490300,503.877300,861.304000,2.384311,2.773076,1.995616,0.171814,127,143
85000485523,407.881000,512.929800,875.686000,2.867258,3.177550,2.554635,0.259714,702,885
85000144321,368.155400,455.169300,870.204500,3.542903,3.934404,3.148741,0.503007,2116,2693
85001710154,383.651500,470.639000,873.708500,1.000064,3.884753,1.000064,0.065716,7,246
85003859343,350.932400,446.546400,851.449300,3.013417,3.905937,2.094562,0.132037,78,103
85001290729,394.477400,491.595600,911.019600,4.223267,4.972523,3.463357,0.195612,250,330
85000846069,419.588000,450.217000,905.336500,2.890263,3.348355,2.441050,0.189437,339,509
85002742999,384.821700,461.794600,873.334000,2.986025,3.769137,2.212973,0.099767,78,149
85000373374,395.339000,479.806300,850.595800,4.099791,4.753158,3.441692,0.288261,909,1139
85003663093,372.540100,451.568700,871.782000,1.000016,1.272015,1.000016,0.104026,65,109
85002100100,392.581800,446.281300,857.509500,1.000039,1.336851,1.000039,0.106310,70,198
85000281658,392.943900,469.061200,855.031700,3.814419,4.253768,3.372338,0.348260,1300,1483
85001515240,403.021000,431.568300,856.923800,4.183379,4.855099,3.521509,0.163696,164,279
85002758714,354.852100,455.560700,840.844100,2.655506,3.080637,2.228634,0.116780,99,148
85002089159,337.822100,471.206100,918.448000,2.423950,2.805196,2.035840,0.157494,127,199
85001757048,356.723400,489.406300,866.896200,2.544909,3.096140,2.008105,0.141360,130,239
85002183505,379.361100,502.039200,885.624100,3.225589,3.724105,2.712705,0.105430,97,190
85001279631,352.438800,517.936600,893.955600,2.419364,2.976635,1.876029,0.131627,216,333
85001764751,343.737300,515.695700,874.701700,8.750710,12.684582,4.859115,0.076432,34,238
85002260383,344.815000,440.034900,897.798400,2.353497,2.893538,1.811642,0.102240,81,183
85002831448,389.956500,466.062300,892.932100,4.129369,4.759345,3.489109,0.152141,126,144
85002023137,375.835000,461.279700,879.003300,4.723298,5.439523,3.992967,0.161268,158,206
85000177025,370.817700,456.077400,871.270800,2.320788,2.683828,1.950245,0.256268,1332,2255
85003893416,402.994700,483.780500,839.917600,8.796938,11.627581,6.038524,0.112536,69,102
85003859383,353.874400,424.681700,917.108300,1.000036,1.728891,1.000036,0.082766,41,103
85002923944,370.596800,434.648000,885.968800,1.794493,2.636951,1.000234,0.120623,48,139
85003897635,390.860600,501.796400,893.501000,3.496009,6.760963,1.187182,0.134702,78,102
85003203327,373.582000,427.097700,913.955000,3.645743,4.666095,2.619910,0.102753,41,126
85000806670,400.974300,484.949500,842.013800,3.565596,4.078983,3.048434,0.154819,282,534
85001349630,406.742200,419.980300,848.729000,3.512869,4.419546,2.622557,0.107874,93,315
85003758363,347.769100,484.254600,873.559400,7.403063,8.695076,6.089433,0.126517,80,106
85003663078,339.608400,486.557100,856.111500,2.324123,2.895302,1.764996,0.094968,57,109
85002849717,396.382000,470.513700,913.374000,2.804509,3.260933,2.356627,0.118046,73,143
85001652449,382.760600,431.564700,861.094100,4.878984,5.872654,3.903091,0.175917,190,255
85000618627,365.586800,484.178600,894.285700,1.932037,2.219936,1.651931,0.183055,381,697
85001437322,360.388800,505.141500,852.603200,4.781347,6.212939,3.308451,0.191385,208,295
85000421686,343.404300,425.924500,874.421000,2.464891,2.759952,2.171227,0.298361,793,1014
85002040894,424.186800,475.868300,848.266700,2.280615,3.121420,1.424426,0.142715,135,204
85003795193,367.923200,505.135100,868.550000,6.125793,8.669119,3.557107,0.079447,41,105
85001329346,344.796500,471.342600,870.697400,4.458630,5.391716,3.527850,0.166327,244,320
85002204028,373.586400,474.377500,854.965200,1.723003,2.069678,1.383534,0.103450,74,188
85002986060,339.404100,504.485700,861.639300,2.492269,3.138233,1.828590,0.115332,92,136
85001892816,372.758400,436.121600,893.479300,1.749259,2.030630,1.469998,0.131838,135,221
85003893791,333.003500,427.263500,826.847300,3.657608,4.637722,2.690000,0.102902,70,102
85001106397,415.761600,514.284900,891.719000,3.552210,4.127738,2.967079,0.189419,328,387
85002271965,425.775900,446.167900,850.884400,1.095704,1.431387,1.000007,0.161809,116,182
85001010002,334.542000,501.264700,849.170200,3.234480,3.667380,2.804693,0.213531,342,425
85003377637,377.354000,493.982500,884.064300,4.561613,6.150960,2.967504,0.117664,66,119
85000359403,384.647800,472.070000,872.527800,2.827541,3.220708,2.431402,0.292351,933,1181
85001149298,335.032300,465.563800,891.731400,3.453562,4.183497,2.736735,0.183934,269,372
85002505640,346.648800,463.510700,872.881500,1.994956,6.192061,1.000082,0.135507,99,164
85003254095,410.959300,518.296200,894.451700,1.367953,1.649676,1.090473,0.144861,95,124
85003575709,356.197500,502.183700,917.037500,2.189202,3.185636,1.203997,0.112592,69,112
85001470422,341.272100,486.979300,845.812700,1.758512,2.088466,1.421692,0.135712,196,288
85002643845,349.210800,507.099200,853.257900,1.357162,1.632086,1.088100,0.138842,102,155
85001861531,414.991800,484.680400,892.645100,1.449636,1.812581,1.085685,0.118166,131,225
85002332033,361.552900,442.823200,823.177400,1.953055,2.831510,1.077409,0.118553,99,177
85000120880,346.556500,495.690200,875.239700,2.475429,2.829765,2.122988,0.461631,2613,3136
85000909357,339.869800,498.360700,824.787200,5.822874,7.100679,4.534599,0.234998,365,473
85000272510,344.476300,483.121600,911.576000,3.234431,3.619223,2.844011,0.390895,1282,1529
85003179765,337.709100,484.208500,853.240500,1.221899,1.592446,1.000028,0.088825,51,127
85000211536,332.228500,484.790800,885.948200,2.551677,2.849193,2.256818,0.260651,1001,1923
85001950954,358.748900,463.931300,875.236200,6.443039,8.615326,4.216343,0.150955,114,214
85000620468,427.658300,430.993800,870.497300,3.162176,3.594722,2.734521,0.278582,566,695
85001822914,420.945600,476.980600,885.474200,3.395953,4.371238,2.446859,0.133862,136,230
85001736460,360.005900,486.633300,866.016000,4.282626,4.912840,3.657622,0.178904,185,242
85002983901,362.672100,456.297500,879.395600,3.514386,4.102594,2.913169,0.118253,78,136
85001002809,359.930600,433.303700,838.014100,3.402871,3.996960,2.811810,0.216765,374,428
85000822234,351.584100,502.989700,841.462800,2.144558,2.545844,1.737626,0.181034,304,524
85002708752,386.536400,484.908200,916.884500,5.037429,5.925516,4.137838,0.152095,132,151
85002965412,411.212900,421.670100,888.569000,2.107801,3.265564,1.000067,0.119055,55,137
85000811342,407.171100,444.439600,869.812700,2.116216,2.403198,1.831971,0.150639,302,531
85003791555,374.192800,453.418000,872.840200,2.828017,3.337189,2.318434,0.111559,72,105
85000391212,334.455200,467.701700,829.843400,4.552818,5.146213,3.955955,0.300661,878,1090
85003111678,342.199900,435.679800,870.933000,4.528394,6.844491,2.168905,0.100322,65,130
85000242793,357.060700,489.623500,871.806700,1.931530,2.209532,1.646235,0.224993,696,1698
85001943156,383.818000,467.618100,869.463300,2.682397,3.070082,2.285656,0.154990,143,215
85000764193,377.408600,507.644200,852.759900,2.459653,2.830279,2.098645,0.167131,341,564
85000852527,365.703400,420.795400,851.270200,1.621659,1.932275,1.310761,0.157187,240,505
85003486684,343.976100,476.407300,834.264200,3.082714,3.691443,2.463417,0.112443,84,115
85003546316,392.697300,462.932800,899.198700,2.784519,3.268147,2.298273,0.106111,85,113
85000009132,423.699900,502.633500,900.161300,2.551273,2.875418,2.229439,0.730976,12391,19502
85001633209,375.088600,448.529300,888.463900,3.788042,4.539311,3.053713,0.129720,142,258
85003025111,364.519700,453.841400,833.415400,8.039214,11.289117,4.823684,0.117409,91,134
85001716104,335.948800,467.151300,916.076700,3.057905,3.657074,2.452859,0.133934,127,245
85001226321,420.281000,518.076800,864.638300,9.249820,11.397246,7.141779,0.147509,231,348
85003965612,371.085000,487.933300,844.568800,2.370932,2.804889,1.940973,0.113743,62,100
85000857726,368.966100,472.238800,871.298000,4.062868,4.612921,3.501750,0.200344,399,502
85001106391,419.113400,503.101200,918.653300,3.846483,4.641109,3.049877,0.205011,298,387
85001297856,429.463600,421.784400,850.933200,1.480901,1.810720,1.154425,0.153704,206,328
85001716099,340.505500,463.041600,846.724100,4.407020,5.216007,3.586503,0.131806,142,245
85002866657,350.404600,459.764900,857.024800,3.197676,3.720955,2.682668,0.120835,89,142
85000032242,391.895000,476.226600,871.329500,3.360356,3.787629,2.940529,0.761515,7634,8719
85002831773,389.140000,504.871200,838.007700,6.447330,8.479370,4.413710,0.139941,108,144
85001212855,378.282700,428.333900,917.721600,1.531221,1.826341,1.234859,0.206792,250,352
85002491354,366.103100,454.617300,843.553900,4.669557,5.964641,3.347757,0.128900,97,165
85001219514,391.205500,470.845800,899.704900,2.698181,3.186835,2.208668,0.163410,223,350
85001918147,369.708800,503.973800,883.839700,2.139570,2.561832,1.705368,0.110381,95,218
85002758502,400.675700,482.906300,839.701900,4.940779,6.758395,3.128542,0.112374,56,148
85000887389,410.111400,426.811600,847.222100,2.875242,3.281487,2.476844,0.156380,272,485
85003825091,332.852400,468.446700,832.466900,5.916546,12.037764,2.451552,0.113943,59,104
85002194212,394.033800,420.427700,917.135700,1.000011,1.352398,1.000011,0.145316,122,189
85000806685,335.009000,475.740100,842.391700,3.280770,3.812573,2.756469,0.196893,288,534
85002643905,386.230300,512.193700,824.750700,2.277694,2.792394,1.759715,0.122840,91,155
85001383446,350.831300,506.004700,828.225500,3.818758,4.472069,3.180506,0.149550,170,307
85002295680,355.415900,454.072800,909.683800,2.566818,3.013186,2.130303,0.130854,116,180
85001236526,369.946800,508.276700,892.717400,2.367368,2.651560,2.075643,0.135443,201,345
85003517718,390.291200,470.829900,877.800600,7.145945,10.958202,3.415611,0.110896,57,114
85002205086,426.306700,436.482200,867.527700,4.325937,5.214280,3.433823,0.122678,114,188
85003791532,345.089400,458.295300,823.172500,1.685128,2.080123,1.290363,0.087871,41,105
85002725741,375.930900,437.735500,885.975300,4.709900,5.474051,3.947848,0.112982,99,150
85001627752,421.046100,422.396100,880.448600,2.800154,3.432095,2.169929,0.125554,173,259
85000450851,420.610700,498.830000,897.925100,2.830721,3.302068,2.353800,0.230361,588,951
85001696363,348.663700,487.258000,871.502600,1.533052,1.926281,1.148667,0.124999,165,248
85003025110,347.890600,439.783500,820.776700,3.919042,4.829281,3.015688,0.131108,89,134
85000911675,428.716100,518.372900,917.393900,3.251268,3.706475,2.783439,0.177212,333,472
85003602075,333.598900,467.185200,841.559900,2.293514,2.847444,1.745534,0.107776,55,111
85002079583,365.629000,445.899600,878.577500,4.055876,4.579057,3.545601,0.181796,164,200
85002261458,377.063900,440.815100,884.571400,3.628586,4.822277,2.430880,0.135105,136,183
85002357061,352.675800,478.565100,890.426600,1.710087,2.033100,1.382674,0.151079,120,175
85000481634,365.691500,497.947500,874.822700,4.015746,4.410483,3.613035,0.328097,785,892
85002868440,385.536900,485.750500,914.440900,2.288826,3.780754,1.000520,0.083331,34,142
85000416557,390.309300,461.244400,862.305700,1.758220,2.110640,1.411423,0.212870,419,1026
85002945350,366.530000,497.827800,914.306000,4.914497,5.945641,3.864672,0.094242,60,138
85003729423,362.498500,514.918500,849.358900,9.981665,28.661189,2.232616,0.080998,45,107
85003230014,397.344600,518.360500,895.333300,4.045686,4.681447,3.425625,0.106249,80,125
85002040991,345.906100,484.315900,854.733800,3.859493,5.593851,2.161699,0.134406,102,204
85001838396,347.420700,513.326800,840.925000,2.324953,2.855473,1.786542,0.127665,88,228
85002612196,389.973600,469.913200,864.024600,4.641508,5.362321,3.902365,0.100868,99,157
85002692131,379.631900,432.348100,902.529200,2.343307,3.994836,1.000470,0.101778,79,152
85001409358,360.916100,450.833000,878.970500,2.666506,3.212471,2.130312,0.216571,252,301
